bar_idx,time,equity
0,2026-01-01 23:00:00+00:00,50000.0
1,2026-01-01 23:05:00+00:00,50000.0
2,2026-01-01 23:10:00+00:00,50000.0
3,2026-01-01 23:15:00+00:00,50000.0
4,2026-01-01 23:20:00+00:00,50000.0
5,2026-01-01 23:25:00+00:00,50000.0
6,2026-01-01 23:30:00+00:00,50000.0
7,2026-01-01 23:35:00+00:00,50000.0
8,2026-01-01 23:40:00+00:00,50000.0
9,2026-01-01 23:45:00+00:00,50000.0
10,2026-01-01 23:50:00+00:00,50000.0
11,2026-01-01 23:55:00+00:00,50000.0
12,2026-01-02 00:00:00+00:00,50000.0
13,2026-01-02 00:05:00+00:00,50000.0
14,2026-01-02 00:10:00+00:00,50000.0
15,2026-01-02 00:15:00+00:00,50000.0
16,2026-01-02 00:20:00+00:00,50000.0
17,2026-01-02 00:25:00+00:00,50000.0
18,2026-01-02 00:30:00+00:00,50000.0
19,2026-01-02 00:35:00+00:00,50000.0
20,2026-01-02 00:40:00+00:00,50000.0
21,2026-01-02 00:45:00+00:00,50000.0
22,2026-01-02 00:50:00+00:00,50000.0
23,2026-01-02 00:55:00+00:00,50000.0
24,2026-01-02 01:00:00+00:00,50000.0
25,2026-01-02 01:05:00+00:00,50000.0
26,2026-01-02 01:10:00+00:00,50000.0
27,2026-01-02 01:15:00+00:00,50000.0
28,2026-01-02 01:20:00+00:00,50000.0
29,2026-01-02 01:25:00+00:00,50000.0
30,2026-01-02 01:30:00+00:00,50000.0
31,2026-01-02 01:35:00+00:00,50000.0
32,2026-01-02 01:40:00+00:00,50000.0
33,2026-01-02 01:45:00+00:00,50000.0
34,2026-01-02 01:50:00+00:00,50000.0
35,2026-01-02 01:55:00+00:00,50000.0
36,2026-01-02 02:00:00+00:00,50000.0
37,2026-01-02 02:05:00+00:00,50000.0
38,2026-01-02 02:10:00+00:00,50000.0
39,2026-01-02 02:15:00+00:00,50000.0
40,2026-01-02 02:20:00+00:00,50000.0
41,2026-01-02 02:25:00+00:00,50000.0
42,2026-01-02 02:30:00+00:00,50000.0
43,2026-01-02 02:35:00+00:00,50000.0
44,2026-01-02 02:40:00+00:00,50000.0
45,2026-01-02 02:45:00+00:00,50000.0
46,2026-01-02 02:50:00+00:00,50000.0
47,2026-01-02 02:55:00+00:00,50000.0
48,2026-01-02 03:00:00+00:00,50000.0
49,2026-01-02 03:05:00+00:00,50000.0
50,2026-01-02 03:10:00+00:00,50000.0
51,2026-01-02 03:15:00+00:00,50000.0
52,2026-01-02 03:20:00+00:00,50000.0
53,2026-01-02 03:25:00+00:00,50000.0
54,2026-01-02 03:30:00+00:00,50000.0
55,2026-01-02 03:35:00+00:00,50000.0
56,2026-01-02 03:40:00+00:00,50000.0
57,2026-01-02 03:45:00+00:00,50000.0
58,2026-01-02 03:50:00+00:00,50000.0
59,2026-01-02 03:55:00+00:00,50000.0
60,2026-01-02 04:00:00+00:00,50000.0
61,2026-01-02 04:05:00+00:00,50000.0
62,2026-01-02 04:10:00+00:00,50000.0
63,2026-01-02 04:15:00+00:00,50000.0
64,2026-01-02 04:20:00+00:00,50000.0
65,2026-01-02 04:25:00+00:00,50000.0
66,2026-01-02 04:30:00+00:00,50000.0
67,2026-01-02 04:35:00+00:00,50000.0
68,2026-01-02 04:40:00+00:00,50000.0
69,2026-01-02 04:45:00+00:00,50000.0
70,2026-01-02 04:50:00+00:00,50000.0
71,2026-01-02 04:55:00+00:00,50000.0
72,2026-01-02 05:00:00+00:00,50000.0
73,2026-01-02 05:05:00+00:00,50000.0
74,2026-01-02 05:10:00+00:00,50000.0
75,2026-01-02 05:15:00+00:00,50000.0
76,2026-01-02 05:20:00+00:00,50000.0
77,2026-01-02 05:25:00+00:00,50000.0
78,2026-01-02 05:30:00+00:00,50000.0
79,2026-01-02 05:35:00+00:00,50000.0
80,2026-01-02 05:40:00+00:00,50000.0
81,2026-01-02 05:45:00+00:00,50000.0
82,2026-01-02 05:50:00+00:00,50000.0
83,2026-01-02 05:55:00+00:00,50000.0
84,2026-01-02 06:00:00+00:00,50000.0
85,2026-01-02 06:05:00+00:00,50000.0
86,2026-01-02 06:10:00+00:00,50000.0
87,2026-01-02 06:15:00+00:00,50000.0
88,2026-01-02 06:20:00+00:00,50000.0
89,2026-01-02 06:25:00+00:00,50000.0
90,2026-01-02 06:30:00+00:00,50000.0
91,2026-01-02 06:35:00+00:00,50000.0
92,2026-01-02 06:40:00+00:00,50000.0
93,2026-01-02 06:45:00+00:00,50000.0
94,2026-01-02 06:50:00+00:00,50000.0
95,2026-01-02 06:55:00+00:00,50000.0
96,2026-01-02 07:00:00+00:00,50000.0
97,2026-01-02 07:05:00+00:00,50000.0
98,2026-01-02 07:10:00+00:00,50000.0
99,2026-01-02 07:15:00+00:00,50000.0
100,2026-01-02 07:20:00+00:00,50000.0
101,2026-01-02 07:25:00+00:00,50000.0
102,2026-01-02 07:30:00+00:00,50000.0
103,2026-01-02 07:35:00+00:00,50000.0
104,2026-01-02 07:40:00+00:00,50000.0
105,2026-01-02 07:45:00+00:00,50000.0
106,2026-01-02 07:50:00+00:00,50000.0
107,2026-01-02 07:55:00+00:00,50000.0
108,2026-01-02 08:00:00+00:00,50000.0
109,2026-01-02 08:05:00+00:00,50000.0
110,2026-01-02 08:10:00+00:00,50000.0
111,2026-01-02 08:15:00+00:00,50000.0
112,2026-01-02 08:20:00+00:00,50000.0
113,2026-01-02 08:25:00+00:00,50000.0
114,2026-01-02 08:30:00+00:00,50000.0
115,2026-01-02 08:35:00+00:00,50000.0
116,2026-01-02 08:40:00+00:00,50000.0
117,2026-01-02 08:45:00+00:00,50000.0
118,2026-01-02 08:50:00+00:00,50000.0
119,2026-01-02 08:55:00+00:00,50000.0
120,2026-01-02 09:00:00+00:00,50000.0
121,2026-01-02 09:05:00+00:00,50000.0
122,2026-01-02 09:10:00+00:00,50000.0
123,2026-01-02 09:15:00+00:00,50000.0
124,2026-01-02 09:20:00+00:00,50000.0
125,2026-01-02 09:25:00+00:00,50000.0
126,2026-01-02 09:30:00+00:00,50000.0
127,2026-01-02 09:35:00+00:00,50000.0
128,2026-01-02 09:40:00+00:00,50000.0
129,2026-01-02 09:45:00+00:00,50000.0
130,2026-01-02 09:50:00+00:00,50000.0
131,2026-01-02 09:55:00+00:00,50000.0
132,2026-01-02 10:00:00+00:00,50000.0
133,2026-01-02 10:05:00+00:00,50000.0
134,2026-01-02 10:10:00+00:00,50000.0
135,2026-01-02 10:15:00+00:00,50000.0
136,2026-01-02 10:20:00+00:00,50000.0
137,2026-01-02 10:25:00+00:00,50000.0
138,2026-01-02 10:30:00+00:00,50000.0
139,2026-01-02 10:35:00+00:00,50000.0
140,2026-01-02 10:40:00+00:00,50000.0
141,2026-01-02 10:45:00+00:00,50000.0
142,2026-01-02 10:50:00+00:00,50000.0
143,2026-01-02 10:55:00+00:00,50000.0
144,2026-01-02 11:00:00+00:00,50000.0
145,2026-01-02 11:05:00+00:00,50000.0
146,2026-01-02 11:10:00+00:00,50000.0
147,2026-01-02 11:15:00+00:00,50000.0
148,2026-01-02 11:20:00+00:00,50000.0
149,2026-01-02 11:25:00+00:00,50000.0
150,2026-01-02 11:30:00+00:00,50000.0
151,2026-01-02 11:35:00+00:00,50000.0
152,2026-01-02 11:40:00+00:00,50000.0
153,2026-01-02 11:45:00+00:00,50000.0
154,2026-01-02 11:50:00+00:00,50000.0
155,2026-01-02 11:55:00+00:00,50000.0
156,2026-01-02 12:00:00+00:00,50000.0
157,2026-01-02 12:05:00+00:00,50000.0
158,2026-01-02 12:10:00+00:00,50000.0
159,2026-01-02 12:15:00+00:00,50000.0
160,2026-01-02 12:20:00+00:00,50000.0
161,2026-01-02 12:25:00+00:00,50000.0
162,2026-01-02 12:30:00+00:00,50000.0
163,2026-01-02 12:35:00+00:00,50000.0
164,2026-01-02 12:40:00+00:00,50000.0
165,2026-01-02 12:45:00+00:00,50000.0
166,2026-01-02 12:50:00+00:00,50000.0
167,2026-01-02 12:55:00+00:00,50000.0
168,2026-01-02 13:00:00+00:00,50000.0
169,2026-01-02 13:05:00+00:00,50000.0
170,2026-01-02 13:10:00+00:00,50000.0
171,2026-01-02 13:15:00+00:00,50000.0
172,2026-01-02 13:20:00+00:00,49743.900000000016
173,2026-01-02 13:25:00+00:00,49743.900000000016
174,2026-01-02 13:30:00+00:00,49743.900000000016
175,2026-01-02 13:35:00+00:00,49743.900000000016
176,2026-01-02 13:40:00+00:00,49743.900000000016
177,2026-01-02 13:45:00+00:00,49743.900000000016
178,2026-01-02 13:50:00+00:00,49743.900000000016
179,2026-01-02 13:55:00+00:00,49743.900000000016
180,2026-01-02 14:00:00+00:00,49743.900000000016
181,2026-01-02 14:05:00+00:00,49743.900000000016
182,2026-01-02 14:10:00+00:00,49743.900000000016
183,2026-01-02 14:15:00+00:00,49743.900000000016
184,2026-01-02 14:20:00+00:00,49743.900000000016
185,2026-01-02 14:25:00+00:00,49743.900000000016
186,2026-01-02 14:30:00+00:00,49743.900000000016
187,2026-01-02 14:35:00+00:00,49743.900000000016
188,2026-01-02 14:40:00+00:00,49743.900000000016
189,2026-01-02 14:45:00+00:00,49743.900000000016
190,2026-01-02 14:50:00+00:00,49743.900000000016
191,2026-01-02 14:55:00+00:00,49743.900000000016
192,2026-01-02 15:00:00+00:00,49743.900000000016
193,2026-01-02 15:05:00+00:00,49743.900000000016
194,2026-01-02 15:10:00+00:00,49743.900000000016
195,2026-01-02 15:15:00+00:00,49743.900000000016
196,2026-01-02 15:20:00+00:00,49743.900000000016
197,2026-01-02 15:25:00+00:00,49743.900000000016
198,2026-01-02 15:30:00+00:00,49743.900000000016
199,2026-01-02 15:35:00+00:00,49743.900000000016
200,2026-01-02 15:40:00+00:00,49743.900000000016
201,2026-01-02 15:45:00+00:00,49743.900000000016
202,2026-01-02 15:50:00+00:00,49743.900000000016
203,2026-01-02 15:55:00+00:00,49743.900000000016
204,2026-01-02 16:00:00+00:00,49743.900000000016
205,2026-01-02 16:05:00+00:00,49743.900000000016
206,2026-01-02 16:10:00+00:00,49743.900000000016
207,2026-01-02 16:15:00+00:00,49743.900000000016
208,2026-01-02 16:20:00+00:00,49743.900000000016
209,2026-01-02 16:25:00+00:00,49743.900000000016
210,2026-01-02 16:30:00+00:00,49743.900000000016
211,2026-01-02 16:35:00+00:00,49743.900000000016
212,2026-01-02 16:40:00+00:00,49743.900000000016
213,2026-01-02 16:45:00+00:00,49743.900000000016
214,2026-01-02 16:50:00+00:00,49743.900000000016
215,2026-01-02 16:55:00+00:00,49743.900000000016
216,2026-01-02 17:00:00+00:00,49743.900000000016
217,2026-01-02 17:05:00+00:00,49743.900000000016
218,2026-01-02 17:10:00+00:00,49743.900000000016
219,2026-01-02 17:15:00+00:00,49743.900000000016
220,2026-01-02 17:20:00+00:00,49743.900000000016
221,2026-01-02 17:25:00+00:00,49743.900000000016
222,2026-01-02 17:30:00+00:00,49743.900000000016
223,2026-01-02 17:35:00+00:00,49743.900000000016
224,2026-01-02 17:40:00+00:00,49743.900000000016
225,2026-01-02 17:45:00+00:00,49743.900000000016
226,2026-01-02 17:50:00+00:00,49743.900000000016
227,2026-01-02 17:55:00+00:00,49743.900000000016
228,2026-01-02 18:00:00+00:00,49743.900000000016
229,2026-01-02 18:05:00+00:00,49743.900000000016
230,2026-01-02 18:10:00+00:00,49743.900000000016
231,2026-01-02 18:15:00+00:00,49743.900000000016
232,2026-01-02 18:20:00+00:00,49743.900000000016
233,2026-01-02 18:25:00+00:00,49743.900000000016
234,2026-01-02 18:30:00+00:00,49743.900000000016
235,2026-01-02 18:35:00+00:00,49743.900000000016
236,2026-01-02 18:40:00+00:00,49743.900000000016
237,2026-01-02 18:45:00+00:00,49743.900000000016
238,2026-01-02 18:50:00+00:00,49743.900000000016
239,2026-01-02 18:55:00+00:00,49743.900000000016
240,2026-01-02 19:00:00+00:00,49743.900000000016
241,2026-01-02 19:05:00+00:00,49743.900000000016
242,2026-01-02 19:10:00+00:00,49743.900000000016
243,2026-01-02 19:15:00+00:00,49743.900000000016
244,2026-01-02 19:20:00+00:00,49743.900000000016
245,2026-01-02 19:25:00+00:00,49743.900000000016
246,2026-01-02 19:30:00+00:00,49743.900000000016
247,2026-01-02 19:35:00+00:00,49743.900000000016
248,2026-01-02 19:40:00+00:00,49743.900000000016
249,2026-01-02 19:45:00+00:00,49743.900000000016
250,2026-01-02 19:50:00+00:00,49743.900000000016
251,2026-01-02 19:55:00+00:00,49743.900000000016
252,2026-01-02 20:00:00+00:00,49743.900000000016
253,2026-01-02 20:05:00+00:00,49743.900000000016
254,2026-01-02 20:10:00+00:00,49743.900000000016
255,2026-01-02 20:15:00+00:00,49743.900000000016
256,2026-01-02 20:20:00+00:00,49743.900000000016
257,2026-01-02 20:25:00+00:00,49743.900000000016
258,2026-01-02 20:30:00+00:00,49743.900000000016
259,2026-01-02 20:35:00+00:00,49743.900000000016
260,2026-01-02 20:40:00+00:00,49743.900000000016
261,2026-01-02 20:45:00+00:00,49743.900000000016
262,2026-01-02 20:50:00+00:00,49743.900000000016
263,2026-01-02 20:55:00+00:00,49743.900000000016
264,2026-01-02 21:00:00+00:00,49743.900000000016
265,2026-01-02 21:05:00+00:00,49743.900000000016
266,2026-01-02 21:10:00+00:00,49743.900000000016
267,2026-01-02 21:15:00+00:00,49743.900000000016
268,2026-01-02 21:20:00+00:00,49743.900000000016
269,2026-01-02 21:25:00+00:00,49743.900000000016
270,2026-01-02 21:30:00+00:00,49743.900000000016
271,2026-01-02 21:35:00+00:00,49743.900000000016
272,2026-01-02 21:40:00+00:00,49743.900000000016
273,2026-01-02 21:45:00+00:00,49743.900000000016
274,2026-01-02 21:50:00+00:00,49743.900000000016
275,2026-01-02 21:55:00+00:00,49743.900000000016
276,2026-01-04 23:00:00+00:00,49743.900000000016
277,2026-01-04 23:05:00+00:00,49743.900000000016
278,2026-01-04 23:10:00+00:00,49743.900000000016
279,2026-01-04 23:15:00+00:00,49743.900000000016
280,2026-01-04 23:20:00+00:00,49743.900000000016
281,2026-01-04 23:25:00+00:00,49743.900000000016
282,2026-01-04 23:30:00+00:00,49743.900000000016
283,2026-01-04 23:35:00+00:00,49743.900000000016
284,2026-01-04 23:40:00+00:00,49743.900000000016
285,2026-01-04 23:45:00+00:00,49743.900000000016
286,2026-01-04 23:50:00+00:00,49743.900000000016
287,2026-01-04 23:55:00+00:00,49743.900000000016
288,2026-01-05 00:00:00+00:00,49743.900000000016
289,2026-01-05 00:05:00+00:00,49743.900000000016
290,2026-01-05 00:10:00+00:00,49743.900000000016
291,2026-01-05 00:15:00+00:00,49743.900000000016
292,2026-01-05 00:20:00+00:00,49743.900000000016
293,2026-01-05 00:25:00+00:00,49743.900000000016
294,2026-01-05 00:30:00+00:00,49743.900000000016
295,2026-01-05 00:35:00+00:00,49743.900000000016
296,2026-01-05 00:40:00+00:00,49743.900000000016
297,2026-01-05 00:45:00+00:00,49743.900000000016
298,2026-01-05 00:50:00+00:00,49743.900000000016
299,2026-01-05 00:55:00+00:00,49743.900000000016
300,2026-01-05 01:00:00+00:00,49743.900000000016
301,2026-01-05 01:05:00+00:00,49743.900000000016
302,2026-01-05 01:10:00+00:00,49743.900000000016
303,2026-01-05 01:15:00+00:00,49743.900000000016
304,2026-01-05 01:20:00+00:00,49743.900000000016
305,2026-01-05 01:25:00+00:00,49743.900000000016
306,2026-01-05 01:30:00+00:00,49743.900000000016
307,2026-01-05 01:35:00+00:00,49743.900000000016
308,2026-01-05 01:40:00+00:00,49743.900000000016
309,2026-01-05 01:45:00+00:00,49743.900000000016
310,2026-01-05 01:50:00+00:00,49743.900000000016
311,2026-01-05 01:55:00+00:00,49743.900000000016
312,2026-01-05 02:00:00+00:00,49743.900000000016
313,2026-01-05 02:05:00+00:00,49743.900000000016
314,2026-01-05 02:10:00+00:00,49743.900000000016
315,2026-01-05 02:15:00+00:00,49743.900000000016
316,2026-01-05 02:20:00+00:00,49743.900000000016
317,2026-01-05 02:25:00+00:00,49743.900000000016
318,2026-01-05 02:30:00+00:00,49743.900000000016
319,2026-01-05 02:35:00+00:00,49743.900000000016
320,2026-01-05 02:40:00+00:00,49743.900000000016
321,2026-01-05 02:45:00+00:00,49743.900000000016
322,2026-01-05 02:50:00+00:00,49743.900000000016
323,2026-01-05 02:55:00+00:00,49743.900000000016
324,2026-01-05 03:00:00+00:00,49743.900000000016
325,2026-01-05 03:05:00+00:00,49743.900000000016
326,2026-01-05 03:10:00+00:00,49743.900000000016
327,2026-01-05 03:15:00+00:00,49743.900000000016
328,2026-01-05 03:20:00+00:00,49743.900000000016
329,2026-01-05 03:25:00+00:00,49743.900000000016
330,2026-01-05 03:30:00+00:00,49743.900000000016
331,2026-01-05 03:35:00+00:00,49743.900000000016
332,2026-01-05 03:40:00+00:00,49743.900000000016
333,2026-01-05 03:45:00+00:00,49743.900000000016
334,2026-01-05 03:50:00+00:00,49743.900000000016
335,2026-01-05 03:55:00+00:00,49743.900000000016
336,2026-01-05 04:00:00+00:00,49743.900000000016
337,2026-01-05 04:05:00+00:00,49743.900000000016
338,2026-01-05 04:10:00+00:00,49743.900000000016
339,2026-01-05 04:15:00+00:00,49743.900000000016
340,2026-01-05 04:20:00+00:00,49743.900000000016
341,2026-01-05 04:25:00+00:00,49743.900000000016
342,2026-01-05 04:30:00+00:00,49743.900000000016
343,2026-01-05 04:35:00+00:00,49743.900000000016
344,2026-01-05 04:40:00+00:00,49743.900000000016
345,2026-01-05 04:45:00+00:00,49743.900000000016
346,2026-01-05 04:50:00+00:00,49743.900000000016
347,2026-01-05 04:55:00+00:00,49743.900000000016
348,2026-01-05 05:00:00+00:00,49743.900000000016
349,2026-01-05 05:05:00+00:00,49743.900000000016
350,2026-01-05 05:10:00+00:00,49743.900000000016
351,2026-01-05 05:15:00+00:00,49743.900000000016
352,2026-01-05 05:20:00+00:00,49743.900000000016
353,2026-01-05 05:25:00+00:00,49743.900000000016
354,2026-01-05 05:30:00+00:00,49743.900000000016
355,2026-01-05 05:35:00+00:00,49743.900000000016
356,2026-01-05 05:40:00+00:00,49743.900000000016
357,2026-01-05 05:45:00+00:00,49743.900000000016
358,2026-01-05 05:50:00+00:00,49743.900000000016
359,2026-01-05 05:55:00+00:00,49743.900000000016
360,2026-01-05 06:00:00+00:00,49743.900000000016
361,2026-01-05 06:05:00+00:00,49743.900000000016
362,2026-01-05 06:10:00+00:00,49743.900000000016
363,2026-01-05 06:15:00+00:00,49743.900000000016
364,2026-01-05 06:20:00+00:00,49743.900000000016
365,2026-01-05 06:25:00+00:00,49743.900000000016
366,2026-01-05 06:30:00+00:00,49743.900000000016
367,2026-01-05 06:35:00+00:00,49743.900000000016
368,2026-01-05 06:40:00+00:00,49743.900000000016
369,2026-01-05 06:45:00+00:00,49743.900000000016
370,2026-01-05 06:50:00+00:00,49743.900000000016
371,2026-01-05 06:55:00+00:00,49743.900000000016
372,2026-01-05 07:00:00+00:00,49743.900000000016
373,2026-01-05 07:05:00+00:00,49743.900000000016
374,2026-01-05 07:10:00+00:00,49743.900000000016
375,2026-01-05 07:15:00+00:00,49743.900000000016
376,2026-01-05 07:20:00+00:00,49743.900000000016
377,2026-01-05 07:25:00+00:00,49743.900000000016
378,2026-01-05 07:30:00+00:00,49743.900000000016
379,2026-01-05 07:35:00+00:00,49743.900000000016
380,2026-01-05 07:40:00+00:00,49743.900000000016
381,2026-01-05 07:45:00+00:00,49743.900000000016
382,2026-01-05 07:50:00+00:00,49743.900000000016
383,2026-01-05 07:55:00+00:00,49743.900000000016
384,2026-01-05 08:00:00+00:00,49743.900000000016
385,2026-01-05 08:05:00+00:00,49743.900000000016
386,2026-01-05 08:10:00+00:00,49743.900000000016
387,2026-01-05 08:15:00+00:00,49743.900000000016
388,2026-01-05 08:20:00+00:00,49743.900000000016
389,2026-01-05 08:25:00+00:00,49743.900000000016
390,2026-01-05 08:30:00+00:00,49743.900000000016
391,2026-01-05 08:35:00+00:00,49743.900000000016
392,2026-01-05 08:40:00+00:00,49743.900000000016
393,2026-01-05 08:45:00+00:00,49743.900000000016
394,2026-01-05 08:50:00+00:00,49743.900000000016
395,2026-01-05 08:55:00+00:00,49743.900000000016
396,2026-01-05 09:00:00+00:00,49743.900000000016
397,2026-01-05 09:05:00+00:00,49743.900000000016
398,2026-01-05 09:10:00+00:00,49743.900000000016
399,2026-01-05 09:15:00+00:00,49743.900000000016
400,2026-01-05 09:20:00+00:00,49743.900000000016
401,2026-01-05 09:25:00+00:00,49743.900000000016
402,2026-01-05 09:30:00+00:00,49743.900000000016
403,2026-01-05 09:35:00+00:00,49743.900000000016
404,2026-01-05 09:40:00+00:00,49743.900000000016
405,2026-01-05 09:45:00+00:00,49743.900000000016
406,2026-01-05 09:50:00+00:00,49743.900000000016
407,2026-01-05 09:55:00+00:00,49743.900000000016
408,2026-01-05 10:00:00+00:00,49743.900000000016
409,2026-01-05 10:05:00+00:00,49743.900000000016
410,2026-01-05 10:10:00+00:00,49743.900000000016
411,2026-01-05 10:15:00+00:00,49743.900000000016
412,2026-01-05 10:20:00+00:00,49743.900000000016
413,2026-01-05 10:25:00+00:00,49743.900000000016
414,2026-01-05 10:30:00+00:00,49743.900000000016
415,2026-01-05 10:35:00+00:00,49743.900000000016
416,2026-01-05 10:40:00+00:00,49743.900000000016
417,2026-01-05 10:45:00+00:00,49743.900000000016
418,2026-01-05 10:50:00+00:00,49743.900000000016
419,2026-01-05 10:55:00+00:00,49743.900000000016
420,2026-01-05 11:00:00+00:00,49743.900000000016
421,2026-01-05 11:05:00+00:00,49743.900000000016
422,2026-01-05 11:10:00+00:00,49743.900000000016
423,2026-01-05 11:15:00+00:00,49743.900000000016
424,2026-01-05 11:20:00+00:00,49743.900000000016
425,2026-01-05 11:25:00+00:00,49743.900000000016
426,2026-01-05 11:30:00+00:00,49743.900000000016
427,2026-01-05 11:35:00+00:00,49743.900000000016
428,2026-01-05 11:40:00+00:00,49743.900000000016
429,2026-01-05 11:45:00+00:00,49743.900000000016
430,2026-01-05 11:50:00+00:00,49743.900000000016
431,2026-01-05 11:55:00+00:00,49743.900000000016
432,2026-01-05 12:00:00+00:00,49743.900000000016
433,2026-01-05 12:05:00+00:00,49482.59999999999
434,2026-01-05 12:10:00+00:00,49482.59999999999
435,2026-01-05 12:15:00+00:00,49482.59999999999
436,2026-01-05 12:20:00+00:00,49482.59999999999
437,2026-01-05 12:25:00+00:00,49482.59999999999
438,2026-01-05 12:30:00+00:00,49482.59999999999
439,2026-01-05 12:35:00+00:00,49482.59999999999
440,2026-01-05 12:40:00+00:00,49482.59999999999
441,2026-01-05 12:45:00+00:00,49482.59999999999
442,2026-01-05 12:50:00+00:00,49482.59999999999
443,2026-01-05 12:55:00+00:00,49482.59999999999
444,2026-01-05 13:00:00+00:00,49482.59999999999
445,2026-01-05 13:05:00+00:00,49482.59999999999
446,2026-01-05 13:10:00+00:00,49482.59999999999
447,2026-01-05 13:15:00+00:00,49482.59999999999
448,2026-01-05 13:20:00+00:00,49482.59999999999
449,2026-01-05 13:25:00+00:00,49482.59999999999
450,2026-01-05 13:30:00+00:00,49482.59999999999
451,2026-01-05 13:35:00+00:00,49482.59999999999
452,2026-01-05 13:40:00+00:00,49482.59999999999
453,2026-01-05 13:45:00+00:00,49482.59999999999
454,2026-01-05 13:50:00+00:00,49482.59999999999
455,2026-01-05 13:55:00+00:00,49482.59999999999
456,2026-01-05 14:00:00+00:00,49482.59999999999
457,2026-01-05 14:05:00+00:00,49482.59999999999
458,2026-01-05 14:10:00+00:00,49482.59999999999
459,2026-01-05 14:15:00+00:00,49482.59999999999
460,2026-01-05 14:20:00+00:00,49482.59999999999
461,2026-01-05 14:25:00+00:00,49482.59999999999
462,2026-01-05 14:30:00+00:00,49482.59999999999
463,2026-01-05 14:35:00+00:00,49482.59999999999
464,2026-01-05 14:40:00+00:00,49482.59999999999
465,2026-01-05 14:45:00+00:00,49482.59999999999
466,2026-01-05 14:50:00+00:00,49482.59999999999
467,2026-01-05 14:55:00+00:00,49482.59999999999
468,2026-01-05 15:00:00+00:00,49482.59999999999
469,2026-01-05 15:05:00+00:00,49482.59999999999
470,2026-01-05 15:10:00+00:00,49482.59999999999
471,2026-01-05 15:15:00+00:00,49482.59999999999
472,2026-01-05 15:20:00+00:00,49482.59999999999
473,2026-01-05 15:25:00+00:00,49482.59999999999
474,2026-01-05 15:30:00+00:00,49482.59999999999
475,2026-01-05 15:35:00+00:00,49482.59999999999
476,2026-01-05 15:40:00+00:00,49482.59999999999
477,2026-01-05 15:45:00+00:00,49482.59999999999
478,2026-01-05 15:50:00+00:00,49482.59999999999
479,2026-01-05 15:55:00+00:00,49482.59999999999
480,2026-01-05 16:00:00+00:00,49482.59999999999
481,2026-01-05 16:05:00+00:00,49482.59999999999
482,2026-01-05 16:10:00+00:00,49482.59999999999
483,2026-01-05 16:15:00+00:00,49482.59999999999
484,2026-01-05 16:20:00+00:00,49482.59999999999
485,2026-01-05 16:25:00+00:00,49482.59999999999
486,2026-01-05 16:30:00+00:00,49482.59999999999
487,2026-01-05 16:35:00+00:00,49482.59999999999
488,2026-01-05 16:40:00+00:00,49482.59999999999
489,2026-01-05 16:45:00+00:00,49482.59999999999
490,2026-01-05 16:50:00+00:00,49482.59999999999
491,2026-01-05 16:55:00+00:00,49482.59999999999
492,2026-01-05 17:00:00+00:00,49482.59999999999
493,2026-01-05 17:05:00+00:00,49482.59999999999
494,2026-01-05 17:10:00+00:00,49482.59999999999
495,2026-01-05 17:15:00+00:00,49482.59999999999
496,2026-01-05 17:20:00+00:00,49482.59999999999
497,2026-01-05 17:25:00+00:00,49482.59999999999
498,2026-01-05 17:30:00+00:00,49482.59999999999
499,2026-01-05 17:35:00+00:00,49482.59999999999
500,2026-01-05 17:40:00+00:00,49482.59999999999
501,2026-01-05 17:45:00+00:00,49482.59999999999
502,2026-01-05 17:50:00+00:00,49482.59999999999
503,2026-01-05 17:55:00+00:00,49482.59999999999
504,2026-01-05 18:00:00+00:00,49482.59999999999
505,2026-01-05 18:05:00+00:00,49482.59999999999
506,2026-01-05 18:10:00+00:00,49482.59999999999
507,2026-01-05 18:15:00+00:00,49482.59999999999
508,2026-01-05 18:20:00+00:00,49482.59999999999
509,2026-01-05 18:25:00+00:00,49482.59999999999
510,2026-01-05 18:30:00+00:00,49482.59999999999
511,2026-01-05 18:35:00+00:00,49482.59999999999
512,2026-01-05 18:40:00+00:00,49482.59999999999
513,2026-01-05 18:45:00+00:00,49482.59999999999
514,2026-01-05 18:50:00+00:00,49482.59999999999
515,2026-01-05 18:55:00+00:00,49482.59999999999
516,2026-01-05 19:00:00+00:00,49482.59999999999
517,2026-01-05 19:05:00+00:00,49482.59999999999
518,2026-01-05 19:10:00+00:00,49482.59999999999
519,2026-01-05 19:15:00+00:00,49482.59999999999
520,2026-01-05 19:20:00+00:00,49482.59999999999
521,2026-01-05 19:25:00+00:00,49482.59999999999
522,2026-01-05 19:30:00+00:00,49482.59999999999
523,2026-01-05 19:35:00+00:00,49482.59999999999
524,2026-01-05 19:40:00+00:00,49482.59999999999
525,2026-01-05 19:45:00+00:00,49482.59999999999
526,2026-01-05 19:50:00+00:00,49482.59999999999
527,2026-01-05 19:55:00+00:00,49482.59999999999
528,2026-01-05 20:00:00+00:00,49482.59999999999
529,2026-01-05 20:05:00+00:00,49542.44999999999
530,2026-01-05 20:10:00+00:00,49542.44999999999
531,2026-01-05 20:15:00+00:00,49542.44999999999
532,2026-01-05 20:20:00+00:00,49542.44999999999
533,2026-01-05 20:25:00+00:00,49542.44999999999
534,2026-01-05 20:30:00+00:00,49542.44999999999
535,2026-01-05 20:35:00+00:00,49542.44999999999
536,2026-01-05 20:40:00+00:00,49542.44999999999
537,2026-01-05 20:45:00+00:00,49542.44999999999
538,2026-01-05 20:50:00+00:00,49542.44999999999
539,2026-01-05 20:55:00+00:00,49542.44999999999
540,2026-01-05 21:00:00+00:00,49542.44999999999
541,2026-01-05 21:05:00+00:00,49542.44999999999
542,2026-01-05 21:10:00+00:00,49542.44999999999
543,2026-01-05 21:15:00+00:00,49542.44999999999
544,2026-01-05 21:20:00+00:00,49542.44999999999
545,2026-01-05 21:25:00+00:00,49542.44999999999
546,2026-01-05 21:30:00+00:00,49542.44999999999
547,2026-01-05 21:35:00+00:00,49542.44999999999
548,2026-01-05 21:40:00+00:00,49542.44999999999
549,2026-01-05 21:45:00+00:00,49542.44999999999
550,2026-01-05 21:50:00+00:00,49542.44999999999
551,2026-01-05 21:55:00+00:00,49542.44999999999
552,2026-01-05 23:00:00+00:00,49542.44999999999
553,2026-01-05 23:05:00+00:00,49542.44999999999
554,2026-01-05 23:10:00+00:00,49542.44999999999
555,2026-01-05 23:15:00+00:00,49542.44999999999
556,2026-01-05 23:20:00+00:00,49542.44999999999
557,2026-01-05 23:25:00+00:00,49542.44999999999
558,2026-01-05 23:30:00+00:00,49542.44999999999
559,2026-01-05 23:35:00+00:00,49542.44999999999
560,2026-01-05 23:40:00+00:00,49542.44999999999
561,2026-01-05 23:45:00+00:00,49542.44999999999
562,2026-01-05 23:50:00+00:00,49542.44999999999
563,2026-01-05 23:55:00+00:00,49542.44999999999
564,2026-01-06 00:00:00+00:00,49542.44999999999
565,2026-01-06 00:05:00+00:00,49542.44999999999
566,2026-01-06 00:10:00+00:00,49542.44999999999
567,2026-01-06 00:15:00+00:00,49542.44999999999
568,2026-01-06 00:20:00+00:00,49542.44999999999
569,2026-01-06 00:25:00+00:00,49542.44999999999
570,2026-01-06 00:30:00+00:00,49542.44999999999
571,2026-01-06 00:35:00+00:00,49542.44999999999
572,2026-01-06 00:40:00+00:00,49542.44999999999
573,2026-01-06 00:45:00+00:00,49542.44999999999
574,2026-01-06 00:50:00+00:00,49542.44999999999
575,2026-01-06 00:55:00+00:00,49542.44999999999
576,2026-01-06 01:00:00+00:00,49542.44999999999
577,2026-01-06 01:05:00+00:00,49542.44999999999
578,2026-01-06 01:10:00+00:00,49542.44999999999
579,2026-01-06 01:15:00+00:00,49542.44999999999
580,2026-01-06 01:20:00+00:00,49542.44999999999
581,2026-01-06 01:25:00+00:00,49542.44999999999
582,2026-01-06 01:30:00+00:00,49542.44999999999
583,2026-01-06 01:35:00+00:00,49542.44999999999
584,2026-01-06 01:40:00+00:00,49542.44999999999
585,2026-01-06 01:45:00+00:00,49542.44999999999
586,2026-01-06 01:50:00+00:00,49542.44999999999
587,2026-01-06 01:55:00+00:00,49542.44999999999
588,2026-01-06 02:00:00+00:00,49542.44999999999
589,2026-01-06 02:05:00+00:00,49542.44999999999
590,2026-01-06 02:10:00+00:00,49542.44999999999
591,2026-01-06 02:15:00+00:00,49542.44999999999
592,2026-01-06 02:20:00+00:00,49542.44999999999
593,2026-01-06 02:25:00+00:00,49542.44999999999
594,2026-01-06 02:30:00+00:00,49542.44999999999
595,2026-01-06 02:35:00+00:00,49542.44999999999
596,2026-01-06 02:40:00+00:00,49542.44999999999
597,2026-01-06 02:45:00+00:00,49542.44999999999
598,2026-01-06 02:50:00+00:00,49542.44999999999
599,2026-01-06 02:55:00+00:00,49542.44999999999
600,2026-01-06 03:00:00+00:00,49542.44999999999
601,2026-01-06 03:05:00+00:00,49542.44999999999
602,2026-01-06 03:10:00+00:00,49542.44999999999
603,2026-01-06 03:15:00+00:00,49542.44999999999
604,2026-01-06 03:20:00+00:00,49542.44999999999
605,2026-01-06 03:25:00+00:00,49542.44999999999
606,2026-01-06 03:30:00+00:00,49542.44999999999
607,2026-01-06 03:35:00+00:00,49542.44999999999
608,2026-01-06 03:40:00+00:00,49542.44999999999
609,2026-01-06 03:45:00+00:00,49542.44999999999
610,2026-01-06 03:50:00+00:00,49542.44999999999
611,2026-01-06 03:55:00+00:00,49542.44999999999
612,2026-01-06 04:00:00+00:00,49542.44999999999
613,2026-01-06 04:05:00+00:00,49542.44999999999
614,2026-01-06 04:10:00+00:00,49542.44999999999
615,2026-01-06 04:15:00+00:00,49542.44999999999
616,2026-01-06 04:20:00+00:00,49542.44999999999
617,2026-01-06 04:25:00+00:00,49542.44999999999
618,2026-01-06 04:30:00+00:00,49542.44999999999
619,2026-01-06 04:35:00+00:00,49542.44999999999
620,2026-01-06 04:40:00+00:00,49542.44999999999
621,2026-01-06 04:45:00+00:00,49542.44999999999
622,2026-01-06 04:50:00+00:00,49542.44999999999
623,2026-01-06 04:55:00+00:00,49542.44999999999
624,2026-01-06 05:00:00+00:00,49542.44999999999
625,2026-01-06 05:05:00+00:00,49542.44999999999
626,2026-01-06 05:10:00+00:00,49542.44999999999
627,2026-01-06 05:15:00+00:00,49542.44999999999
628,2026-01-06 05:20:00+00:00,49542.44999999999
629,2026-01-06 05:25:00+00:00,49542.44999999999
630,2026-01-06 05:30:00+00:00,49542.44999999999
631,2026-01-06 05:35:00+00:00,49542.44999999999
632,2026-01-06 05:40:00+00:00,49542.44999999999
633,2026-01-06 05:45:00+00:00,49542.44999999999
634,2026-01-06 05:50:00+00:00,49542.44999999999
635,2026-01-06 05:55:00+00:00,49542.44999999999
636,2026-01-06 06:00:00+00:00,49542.44999999999
637,2026-01-06 06:05:00+00:00,49542.44999999999
638,2026-01-06 06:10:00+00:00,49542.44999999999
639,2026-01-06 06:15:00+00:00,49542.44999999999
640,2026-01-06 06:20:00+00:00,49542.44999999999
641,2026-01-06 06:25:00+00:00,49542.44999999999
642,2026-01-06 06:30:00+00:00,49542.44999999999
643,2026-01-06 06:35:00+00:00,49542.44999999999
644,2026-01-06 06:40:00+00:00,49542.44999999999
645,2026-01-06 06:45:00+00:00,49542.44999999999
646,2026-01-06 06:50:00+00:00,49542.44999999999
647,2026-01-06 06:55:00+00:00,49542.44999999999
648,2026-01-06 07:00:00+00:00,49542.44999999999
649,2026-01-06 07:05:00+00:00,49542.44999999999
650,2026-01-06 07:10:00+00:00,49542.44999999999
651,2026-01-06 07:15:00+00:00,49542.44999999999
652,2026-01-06 07:20:00+00:00,49542.44999999999
653,2026-01-06 07:25:00+00:00,49542.44999999999
654,2026-01-06 07:30:00+00:00,49542.44999999999
655,2026-01-06 07:35:00+00:00,49542.44999999999
656,2026-01-06 07:40:00+00:00,49542.44999999999
657,2026-01-06 07:45:00+00:00,49542.44999999999
658,2026-01-06 07:50:00+00:00,49542.44999999999
659,2026-01-06 07:55:00+00:00,49542.44999999999
660,2026-01-06 08:00:00+00:00,49542.44999999999
661,2026-01-06 08:05:00+00:00,49542.44999999999
662,2026-01-06 08:10:00+00:00,49542.44999999999
663,2026-01-06 08:15:00+00:00,49542.44999999999
664,2026-01-06 08:20:00+00:00,49542.44999999999
665,2026-01-06 08:25:00+00:00,49542.44999999999
666,2026-01-06 08:30:00+00:00,49542.44999999999
667,2026-01-06 08:35:00+00:00,49542.44999999999
668,2026-01-06 08:40:00+00:00,49542.44999999999
669,2026-01-06 08:45:00+00:00,49542.44999999999
670,2026-01-06 08:50:00+00:00,49542.44999999999
671,2026-01-06 08:55:00+00:00,49542.44999999999
672,2026-01-06 09:00:00+00:00,49542.44999999999
673,2026-01-06 09:05:00+00:00,49542.44999999999
674,2026-01-06 09:10:00+00:00,49542.44999999999
675,2026-01-06 09:15:00+00:00,49542.44999999999
676,2026-01-06 09:20:00+00:00,49542.44999999999
677,2026-01-06 09:25:00+00:00,49542.44999999999
678,2026-01-06 09:30:00+00:00,49542.44999999999
679,2026-01-06 09:35:00+00:00,49542.44999999999
680,2026-01-06 09:40:00+00:00,49542.44999999999
681,2026-01-06 09:45:00+00:00,49542.44999999999
682,2026-01-06 09:50:00+00:00,49542.44999999999
683,2026-01-06 09:55:00+00:00,49542.44999999999
684,2026-01-06 10:00:00+00:00,49542.44999999999
685,2026-01-06 10:05:00+00:00,49542.44999999999
686,2026-01-06 10:10:00+00:00,49542.44999999999
687,2026-01-06 10:15:00+00:00,49542.44999999999
688,2026-01-06 10:20:00+00:00,49542.44999999999
689,2026-01-06 10:25:00+00:00,49542.44999999999
690,2026-01-06 10:30:00+00:00,49542.44999999999
691,2026-01-06 10:35:00+00:00,49542.44999999999
692,2026-01-06 10:40:00+00:00,49542.44999999999
693,2026-01-06 10:45:00+00:00,49542.44999999999
694,2026-01-06 10:50:00+00:00,49542.44999999999
695,2026-01-06 10:55:00+00:00,49542.44999999999
696,2026-01-06 11:00:00+00:00,49542.44999999999
697,2026-01-06 11:05:00+00:00,49542.44999999999
698,2026-01-06 11:10:00+00:00,49542.44999999999
699,2026-01-06 11:15:00+00:00,49542.44999999999
700,2026-01-06 11:20:00+00:00,49542.44999999999
701,2026-01-06 11:25:00+00:00,49542.44999999999
702,2026-01-06 11:30:00+00:00,49542.44999999999
703,2026-01-06 11:35:00+00:00,49915.08999999999
704,2026-01-06 11:40:00+00:00,49915.08999999999
705,2026-01-06 11:45:00+00:00,49915.08999999999
706,2026-01-06 11:50:00+00:00,49915.08999999999
707,2026-01-06 11:55:00+00:00,49915.08999999999
708,2026-01-06 12:00:00+00:00,49915.08999999999
709,2026-01-06 12:05:00+00:00,49915.08999999999
710,2026-01-06 12:10:00+00:00,49915.08999999999
711,2026-01-06 12:15:00+00:00,49915.08999999999
712,2026-01-06 12:20:00+00:00,49915.08999999999
713,2026-01-06 12:25:00+00:00,49915.08999999999
714,2026-01-06 12:30:00+00:00,49915.08999999999
715,2026-01-06 12:35:00+00:00,49915.08999999999
716,2026-01-06 12:40:00+00:00,49915.08999999999
717,2026-01-06 12:45:00+00:00,49915.08999999999
718,2026-01-06 12:50:00+00:00,49915.08999999999
719,2026-01-06 12:55:00+00:00,49915.08999999999
720,2026-01-06 13:00:00+00:00,49915.08999999999
721,2026-01-06 13:05:00+00:00,49915.08999999999
722,2026-01-06 13:10:00+00:00,49915.08999999999
723,2026-01-06 13:15:00+00:00,49915.08999999999
724,2026-01-06 13:20:00+00:00,49915.08999999999
725,2026-01-06 13:25:00+00:00,49915.08999999999
726,2026-01-06 13:30:00+00:00,49915.08999999999
727,2026-01-06 13:35:00+00:00,49915.08999999999
728,2026-01-06 13:40:00+00:00,49915.08999999999
729,2026-01-06 13:45:00+00:00,49915.08999999999
730,2026-01-06 13:50:00+00:00,49666.21
731,2026-01-06 13:55:00+00:00,49666.21
732,2026-01-06 14:00:00+00:00,49666.21
733,2026-01-06 14:05:00+00:00,49666.21
734,2026-01-06 14:10:00+00:00,49666.21
735,2026-01-06 14:15:00+00:00,49666.21
736,2026-01-06 14:20:00+00:00,49666.21
737,2026-01-06 14:25:00+00:00,49666.21
738,2026-01-06 14:30:00+00:00,50036.45000000004
739,2026-01-06 14:35:00+00:00,50036.45000000004
740,2026-01-06 14:40:00+00:00,50036.45000000004
741,2026-01-06 14:45:00+00:00,50036.45000000004
742,2026-01-06 14:50:00+00:00,50036.45000000004
743,2026-01-06 14:55:00+00:00,50036.45000000004
744,2026-01-06 15:00:00+00:00,50036.45000000004
745,2026-01-06 15:05:00+00:00,50036.45000000004
746,2026-01-06 15:10:00+00:00,50036.45000000004
747,2026-01-06 15:15:00+00:00,50036.45000000004
748,2026-01-06 15:20:00+00:00,50036.45000000004
749,2026-01-06 15:25:00+00:00,50036.45000000004
750,2026-01-06 15:30:00+00:00,50036.45000000004
751,2026-01-06 15:35:00+00:00,50036.45000000004
752,2026-01-06 15:40:00+00:00,50036.45000000004
753,2026-01-06 15:45:00+00:00,50036.45000000004
754,2026-01-06 15:50:00+00:00,50036.45000000004
755,2026-01-06 15:55:00+00:00,50036.45000000004
756,2026-01-06 16:00:00+00:00,50036.45000000004
757,2026-01-06 16:05:00+00:00,50036.45000000004
758,2026-01-06 16:10:00+00:00,50036.45000000004
759,2026-01-06 16:15:00+00:00,50036.45000000004
760,2026-01-06 16:20:00+00:00,50036.45000000004
761,2026-01-06 16:25:00+00:00,50036.45000000004
762,2026-01-06 16:30:00+00:00,50036.45000000004
763,2026-01-06 16:35:00+00:00,50036.45000000004
764,2026-01-06 16:40:00+00:00,50036.45000000004
765,2026-01-06 16:45:00+00:00,50036.45000000004
766,2026-01-06 16:50:00+00:00,50036.45000000004
767,2026-01-06 16:55:00+00:00,50036.45000000004
768,2026-01-06 17:00:00+00:00,50036.45000000004
769,2026-01-06 17:05:00+00:00,50036.45000000004
770,2026-01-06 17:10:00+00:00,50036.45000000004
771,2026-01-06 17:15:00+00:00,50036.45000000004
772,2026-01-06 17:20:00+00:00,50036.45000000004
773,2026-01-06 17:25:00+00:00,50036.45000000004
774,2026-01-06 17:30:00+00:00,50036.45000000004
775,2026-01-06 17:35:00+00:00,50036.45000000004
776,2026-01-06 17:40:00+00:00,50036.45000000004
777,2026-01-06 17:45:00+00:00,50036.45000000004
778,2026-01-06 17:50:00+00:00,50036.45000000004
779,2026-01-06 17:55:00+00:00,50036.45000000004
780,2026-01-06 18:00:00+00:00,50036.45000000004
781,2026-01-06 18:05:00+00:00,50036.45000000004
782,2026-01-06 18:10:00+00:00,50036.45000000004
783,2026-01-06 18:15:00+00:00,50036.45000000004
784,2026-01-06 18:20:00+00:00,50036.45000000004
785,2026-01-06 18:25:00+00:00,50036.45000000004
786,2026-01-06 18:30:00+00:00,50036.45000000004
787,2026-01-06 18:35:00+00:00,50036.45000000004
788,2026-01-06 18:40:00+00:00,50036.45000000004
789,2026-01-06 18:45:00+00:00,50036.45000000004
790,2026-01-06 18:50:00+00:00,50036.45000000004
791,2026-01-06 18:55:00+00:00,50036.45000000004
792,2026-01-06 19:00:00+00:00,50036.45000000004
793,2026-01-06 19:05:00+00:00,50036.45000000004
794,2026-01-06 19:10:00+00:00,50036.45000000004
795,2026-01-06 19:15:00+00:00,49782.37000000005
796,2026-01-06 19:20:00+00:00,49782.37000000005
797,2026-01-06 19:25:00+00:00,49782.37000000005
798,2026-01-06 19:30:00+00:00,49782.37000000005
799,2026-01-06 19:35:00+00:00,49782.37000000005
800,2026-01-06 19:40:00+00:00,49782.37000000005
801,2026-01-06 19:45:00+00:00,49782.37000000005
802,2026-01-06 19:50:00+00:00,49782.37000000005
803,2026-01-06 19:55:00+00:00,49782.37000000005
804,2026-01-06 20:00:00+00:00,49782.37000000005
805,2026-01-06 20:05:00+00:00,49782.37000000005
806,2026-01-06 20:10:00+00:00,49782.37000000005
807,2026-01-06 20:15:00+00:00,49782.37000000005
808,2026-01-06 20:20:00+00:00,49782.37000000005
809,2026-01-06 20:25:00+00:00,49782.37000000005
810,2026-01-06 20:30:00+00:00,49782.37000000005
811,2026-01-06 20:35:00+00:00,49782.37000000005
812,2026-01-06 20:40:00+00:00,50155.49000000005
813,2026-01-06 20:45:00+00:00,50155.49000000005
814,2026-01-06 20:50:00+00:00,50155.49000000005
815,2026-01-06 20:55:00+00:00,50155.49000000005
816,2026-01-06 21:00:00+00:00,50155.49000000005
817,2026-01-06 21:05:00+00:00,50155.49000000005
818,2026-01-06 21:10:00+00:00,50155.49000000005
819,2026-01-06 21:15:00+00:00,50155.49000000005
820,2026-01-06 21:20:00+00:00,50155.49000000005
821,2026-01-06 21:25:00+00:00,50155.49000000005
822,2026-01-06 21:30:00+00:00,50155.49000000005
823,2026-01-06 21:35:00+00:00,50155.49000000005
824,2026-01-06 21:40:00+00:00,50155.49000000005
825,2026-01-06 21:45:00+00:00,50155.49000000005
826,2026-01-06 21:50:00+00:00,50155.49000000005
827,2026-01-06 21:55:00+00:00,50155.49000000005
828,2026-01-06 22:55:00+00:00,50155.49000000005
829,2026-01-06 23:00:00+00:00,50155.49000000005
830,2026-01-06 23:05:00+00:00,50155.49000000005
831,2026-01-06 23:10:00+00:00,50155.49000000005
832,2026-01-06 23:15:00+00:00,50155.49000000005
833,2026-01-06 23:20:00+00:00,50155.49000000005
834,2026-01-06 23:25:00+00:00,50155.49000000005
835,2026-01-06 23:30:00+00:00,50155.49000000005
836,2026-01-06 23:35:00+00:00,50155.49000000005
837,2026-01-06 23:40:00+00:00,50155.49000000005
838,2026-01-06 23:45:00+00:00,50155.49000000005
839,2026-01-06 23:50:00+00:00,50155.49000000005
840,2026-01-06 23:55:00+00:00,50155.49000000005
841,2026-01-07 00:00:00+00:00,50155.49000000005
842,2026-01-07 00:05:00+00:00,50155.49000000005
843,2026-01-07 00:10:00+00:00,50155.49000000005
844,2026-01-07 00:15:00+00:00,50155.49000000005
845,2026-01-07 00:20:00+00:00,50155.49000000005
846,2026-01-07 00:25:00+00:00,50155.49000000005
847,2026-01-07 00:30:00+00:00,50155.49000000005
848,2026-01-07 00:35:00+00:00,50155.49000000005
849,2026-01-07 00:40:00+00:00,50155.49000000005
850,2026-01-07 00:45:00+00:00,50155.49000000005
851,2026-01-07 00:50:00+00:00,50155.49000000005
852,2026-01-07 00:55:00+00:00,50155.49000000005
853,2026-01-07 01:00:00+00:00,50155.49000000005
854,2026-01-07 01:05:00+00:00,50155.49000000005
855,2026-01-07 01:10:00+00:00,50155.49000000005
856,2026-01-07 01:15:00+00:00,50155.49000000005
857,2026-01-07 01:20:00+00:00,50155.49000000005
858,2026-01-07 01:25:00+00:00,50155.49000000005
859,2026-01-07 01:30:00+00:00,50155.49000000005
860,2026-01-07 01:35:00+00:00,50155.49000000005
861,2026-01-07 01:40:00+00:00,50155.49000000005
862,2026-01-07 01:45:00+00:00,50155.49000000005
863,2026-01-07 01:50:00+00:00,50155.49000000005
864,2026-01-07 01:55:00+00:00,50155.49000000005
865,2026-01-07 02:00:00+00:00,50155.49000000005
866,2026-01-07 02:05:00+00:00,50155.49000000005
867,2026-01-07 02:10:00+00:00,50155.49000000005
868,2026-01-07 02:15:00+00:00,50155.49000000005
869,2026-01-07 02:20:00+00:00,50155.49000000005
870,2026-01-07 02:25:00+00:00,50155.49000000005
871,2026-01-07 02:30:00+00:00,50155.49000000005
872,2026-01-07 02:35:00+00:00,50155.49000000005
873,2026-01-07 02:40:00+00:00,50155.49000000005
874,2026-01-07 02:45:00+00:00,50155.49000000005
875,2026-01-07 02:50:00+00:00,50155.49000000005
876,2026-01-07 02:55:00+00:00,50155.49000000005
877,2026-01-07 03:00:00+00:00,50155.49000000005
878,2026-01-07 03:05:00+00:00,50155.49000000005
879,2026-01-07 03:10:00+00:00,50155.49000000005
880,2026-01-07 03:15:00+00:00,50155.49000000005
881,2026-01-07 03:20:00+00:00,50155.49000000005
882,2026-01-07 03:25:00+00:00,50155.49000000005
883,2026-01-07 03:30:00+00:00,50155.49000000005
884,2026-01-07 03:35:00+00:00,50155.49000000005
885,2026-01-07 03:40:00+00:00,50155.49000000005
886,2026-01-07 03:45:00+00:00,50155.49000000005
887,2026-01-07 03:50:00+00:00,50155.49000000005
888,2026-01-07 03:55:00+00:00,50155.49000000005
889,2026-01-07 04:00:00+00:00,50155.49000000005
890,2026-01-07 04:05:00+00:00,50155.49000000005
891,2026-01-07 04:10:00+00:00,50155.49000000005
892,2026-01-07 04:15:00+00:00,50155.49000000005
893,2026-01-07 04:20:00+00:00,50155.49000000005
894,2026-01-07 04:25:00+00:00,50155.49000000005
895,2026-01-07 04:30:00+00:00,50155.49000000005
896,2026-01-07 04:35:00+00:00,50155.49000000005
897,2026-01-07 04:40:00+00:00,50155.49000000005
898,2026-01-07 04:45:00+00:00,50155.49000000005
899,2026-01-07 04:50:00+00:00,50155.49000000005
900,2026-01-07 04:55:00+00:00,50155.49000000005
901,2026-01-07 05:00:00+00:00,50155.49000000005
902,2026-01-07 05:05:00+00:00,50155.49000000005
903,2026-01-07 05:10:00+00:00,50155.49000000005
904,2026-01-07 05:15:00+00:00,50155.49000000005
905,2026-01-07 05:20:00+00:00,50155.49000000005
906,2026-01-07 05:25:00+00:00,50155.49000000005
907,2026-01-07 05:30:00+00:00,50155.49000000005
908,2026-01-07 05:35:00+00:00,50155.49000000005
909,2026-01-07 05:40:00+00:00,50155.49000000005
910,2026-01-07 05:45:00+00:00,50155.49000000005
911,2026-01-07 05:50:00+00:00,50155.49000000005
912,2026-01-07 05:55:00+00:00,50155.49000000005
913,2026-01-07 06:00:00+00:00,50155.49000000005
914,2026-01-07 06:05:00+00:00,50155.49000000005
915,2026-01-07 06:10:00+00:00,50155.49000000005
916,2026-01-07 06:15:00+00:00,50155.49000000005
917,2026-01-07 06:20:00+00:00,50155.49000000005
918,2026-01-07 06:25:00+00:00,50155.49000000005
919,2026-01-07 06:30:00+00:00,50155.49000000005
920,2026-01-07 06:35:00+00:00,50155.49000000005
921,2026-01-07 06:40:00+00:00,50155.49000000005
922,2026-01-07 06:45:00+00:00,50155.49000000005
923,2026-01-07 06:50:00+00:00,50155.49000000005
924,2026-01-07 06:55:00+00:00,50155.49000000005
925,2026-01-07 07:00:00+00:00,50155.49000000005
926,2026-01-07 07:05:00+00:00,50155.49000000005
927,2026-01-07 07:10:00+00:00,50155.49000000005
928,2026-01-07 07:15:00+00:00,50155.49000000005
929,2026-01-07 07:20:00+00:00,50155.49000000005
930,2026-01-07 07:25:00+00:00,50155.49000000005
931,2026-01-07 07:30:00+00:00,50155.49000000005
932,2026-01-07 07:35:00+00:00,50155.49000000005
933,2026-01-07 07:40:00+00:00,50155.49000000005
934,2026-01-07 07:45:00+00:00,50155.49000000005
935,2026-01-07 07:50:00+00:00,50155.49000000005
936,2026-01-07 07:55:00+00:00,50155.49000000005
937,2026-01-07 08:00:00+00:00,50155.49000000005
938,2026-01-07 08:05:00+00:00,50529.890000000036
939,2026-01-07 08:10:00+00:00,50529.890000000036
940,2026-01-07 08:15:00+00:00,50529.890000000036
941,2026-01-07 08:20:00+00:00,50529.890000000036
942,2026-01-07 08:25:00+00:00,50529.890000000036
943,2026-01-07 08:30:00+00:00,50529.890000000036
944,2026-01-07 08:35:00+00:00,50529.890000000036
945,2026-01-07 08:40:00+00:00,50529.890000000036
946,2026-01-07 08:45:00+00:00,50529.890000000036
947,2026-01-07 08:50:00+00:00,50529.890000000036
948,2026-01-07 08:55:00+00:00,50529.890000000036
949,2026-01-07 09:00:00+00:00,50529.890000000036
950,2026-01-07 09:05:00+00:00,50529.890000000036
951,2026-01-07 09:10:00+00:00,50529.890000000036
952,2026-01-07 09:15:00+00:00,50529.890000000036
953,2026-01-07 09:20:00+00:00,50529.890000000036
954,2026-01-07 09:25:00+00:00,50529.890000000036
955,2026-01-07 09:30:00+00:00,50529.890000000036
956,2026-01-07 09:35:00+00:00,50529.890000000036
957,2026-01-07 09:40:00+00:00,50529.890000000036
958,2026-01-07 09:45:00+00:00,50529.890000000036
959,2026-01-07 09:50:00+00:00,50529.890000000036
960,2026-01-07 09:55:00+00:00,50529.890000000036
961,2026-01-07 10:00:00+00:00,50529.890000000036
962,2026-01-07 10:05:00+00:00,50529.890000000036
963,2026-01-07 10:10:00+00:00,50529.890000000036
964,2026-01-07 10:15:00+00:00,50529.890000000036
965,2026-01-07 10:20:00+00:00,50529.890000000036
966,2026-01-07 10:25:00+00:00,50276.140000000036
967,2026-01-07 10:30:00+00:00,50276.140000000036
968,2026-01-07 10:35:00+00:00,50276.140000000036
969,2026-01-07 10:40:00+00:00,50276.140000000036
970,2026-01-07 10:45:00+00:00,50276.140000000036
971,2026-01-07 10:50:00+00:00,50276.140000000036
972,2026-01-07 10:55:00+00:00,50276.140000000036
973,2026-01-07 11:00:00+00:00,50276.140000000036
974,2026-01-07 11:05:00+00:00,50276.140000000036
975,2026-01-07 11:10:00+00:00,50276.140000000036
976,2026-01-07 11:15:00+00:00,50276.140000000036
977,2026-01-07 11:20:00+00:00,50276.140000000036
978,2026-01-07 11:25:00+00:00,50025.40000000002
979,2026-01-07 11:30:00+00:00,50025.40000000002
980,2026-01-07 11:35:00+00:00,50025.40000000002
981,2026-01-07 11:40:00+00:00,50025.40000000002
982,2026-01-07 11:45:00+00:00,50025.40000000002
983,2026-01-07 11:50:00+00:00,50025.40000000002
984,2026-01-07 11:55:00+00:00,50025.40000000002
985,2026-01-07 12:00:00+00:00,50025.40000000002
986,2026-01-07 12:05:00+00:00,50025.40000000002
987,2026-01-07 12:10:00+00:00,50025.40000000002
988,2026-01-07 12:15:00+00:00,50025.40000000002
989,2026-01-07 12:20:00+00:00,50025.40000000002
990,2026-01-07 12:25:00+00:00,50025.40000000002
991,2026-01-07 12:30:00+00:00,50025.40000000002
992,2026-01-07 12:35:00+00:00,49777.45000000002
993,2026-01-07 12:40:00+00:00,49777.45000000002
994,2026-01-07 12:45:00+00:00,49777.45000000002
995,2026-01-07 12:50:00+00:00,49777.45000000002
996,2026-01-07 12:55:00+00:00,49777.45000000002
997,2026-01-07 13:00:00+00:00,49523.95000000002
998,2026-01-07 13:05:00+00:00,49523.95000000002
999,2026-01-07 13:10:00+00:00,49523.95000000002
1000,2026-01-07 13:15:00+00:00,49523.95000000002
1001,2026-01-07 13:20:00+00:00,49523.95000000002
1002,2026-01-07 13:25:00+00:00,49523.95000000002
1003,2026-01-07 13:30:00+00:00,49523.95000000002
1004,2026-01-07 13:35:00+00:00,49523.95000000002
1005,2026-01-07 13:40:00+00:00,49523.95000000002
1006,2026-01-07 13:45:00+00:00,49523.95000000002
1007,2026-01-07 13:50:00+00:00,49523.95000000002
1008,2026-01-07 13:55:00+00:00,49523.95000000002
1009,2026-01-07 14:00:00+00:00,49523.95000000002
1010,2026-01-07 14:05:00+00:00,49523.95000000002
1011,2026-01-07 14:10:00+00:00,49523.95000000002
1012,2026-01-07 14:15:00+00:00,49523.95000000002
1013,2026-01-07 14:20:00+00:00,49523.95000000002
1014,2026-01-07 14:25:00+00:00,49523.95000000002
1015,2026-01-07 14:30:00+00:00,49523.95000000002
1016,2026-01-07 14:35:00+00:00,49523.95000000002
1017,2026-01-07 14:40:00+00:00,49523.95000000002
1018,2026-01-07 14:45:00+00:00,49523.95000000002
1019,2026-01-07 14:50:00+00:00,49523.95000000002
1020,2026-01-07 14:55:00+00:00,49523.95000000002
1021,2026-01-07 15:00:00+00:00,49523.95000000002
1022,2026-01-07 15:05:00+00:00,49523.95000000002
1023,2026-01-07 15:10:00+00:00,49266.19000000001
1024,2026-01-07 15:15:00+00:00,49266.19000000001
1025,2026-01-07 15:20:00+00:00,49266.19000000001
1026,2026-01-07 15:25:00+00:00,49266.19000000001
1027,2026-01-07 15:30:00+00:00,49266.19000000001
1028,2026-01-07 15:35:00+00:00,49266.19000000001
1029,2026-01-07 15:40:00+00:00,49266.19000000001
1030,2026-01-07 15:45:00+00:00,49266.19000000001
1031,2026-01-07 15:50:00+00:00,49266.19000000001
1032,2026-01-07 15:55:00+00:00,49266.19000000001
1033,2026-01-07 16:00:00+00:00,49266.19000000001
1034,2026-01-07 16:05:00+00:00,49266.19000000001
1035,2026-01-07 16:10:00+00:00,49266.19000000001
1036,2026-01-07 16:15:00+00:00,49266.19000000001
1037,2026-01-07 16:20:00+00:00,49641.58000000003
1038,2026-01-07 16:25:00+00:00,49641.58000000003
1039,2026-01-07 16:30:00+00:00,49641.58000000003
1040,2026-01-07 16:35:00+00:00,49641.58000000003
1041,2026-01-07 16:40:00+00:00,49641.58000000003
1042,2026-01-07 16:45:00+00:00,49641.58000000003
1043,2026-01-07 16:50:00+00:00,49641.58000000003
1044,2026-01-07 16:55:00+00:00,49641.58000000003
1045,2026-01-07 17:00:00+00:00,49641.58000000003
1046,2026-01-07 17:05:00+00:00,49641.58000000003
1047,2026-01-07 17:10:00+00:00,49641.58000000003
1048,2026-01-07 17:15:00+00:00,49641.58000000003
1049,2026-01-07 17:20:00+00:00,49641.58000000003
1050,2026-01-07 17:25:00+00:00,49641.58000000003
1051,2026-01-07 17:30:00+00:00,49641.58000000003
1052,2026-01-07 17:35:00+00:00,49641.58000000003
1053,2026-01-07 17:40:00+00:00,49641.58000000003
1054,2026-01-07 17:45:00+00:00,49641.58000000003
1055,2026-01-07 17:50:00+00:00,49641.58000000003
1056,2026-01-07 17:55:00+00:00,49641.58000000003
1057,2026-01-07 18:00:00+00:00,49641.58000000003
1058,2026-01-07 18:05:00+00:00,49641.58000000003
1059,2026-01-07 18:10:00+00:00,49641.58000000003
1060,2026-01-07 18:15:00+00:00,49641.58000000003
1061,2026-01-07 18:20:00+00:00,49641.58000000003
1062,2026-01-07 18:25:00+00:00,49641.58000000003
1063,2026-01-07 18:30:00+00:00,49641.58000000003
1064,2026-01-07 18:35:00+00:00,49641.58000000003
1065,2026-01-07 18:40:00+00:00,49641.58000000003
1066,2026-01-07 18:45:00+00:00,49641.58000000003
1067,2026-01-07 18:50:00+00:00,49641.58000000003
1068,2026-01-07 18:55:00+00:00,49641.58000000003
1069,2026-01-07 19:00:00+00:00,49641.58000000003
1070,2026-01-07 19:05:00+00:00,49641.58000000003
1071,2026-01-07 19:10:00+00:00,49641.58000000003
1072,2026-01-07 19:15:00+00:00,49394.620000000024
1073,2026-01-07 19:20:00+00:00,49394.620000000024
1074,2026-01-07 19:25:00+00:00,49394.620000000024
1075,2026-01-07 19:30:00+00:00,49394.620000000024
1076,2026-01-07 19:35:00+00:00,49394.620000000024
1077,2026-01-07 19:40:00+00:00,49394.620000000024
1078,2026-01-07 19:45:00+00:00,49394.620000000024
1079,2026-01-07 19:50:00+00:00,49394.620000000024
1080,2026-01-07 19:55:00+00:00,49394.620000000024
1081,2026-01-07 20:00:00+00:00,49765.45000000004
1082,2026-01-07 20:05:00+00:00,49765.45000000004
1083,2026-01-07 20:10:00+00:00,49765.45000000004
1084,2026-01-07 20:15:00+00:00,49765.45000000004
1085,2026-01-07 20:20:00+00:00,49765.45000000004
1086,2026-01-07 20:25:00+00:00,49765.45000000004
1087,2026-01-07 20:30:00+00:00,49765.45000000004
1088,2026-01-07 20:35:00+00:00,49765.45000000004
1089,2026-01-07 20:40:00+00:00,49765.45000000004
1090,2026-01-07 20:45:00+00:00,49765.45000000004
1091,2026-01-07 20:50:00+00:00,49765.45000000004
1092,2026-01-07 20:55:00+00:00,49765.45000000004
1093,2026-01-07 21:00:00+00:00,49765.45000000004
1094,2026-01-07 21:05:00+00:00,49765.45000000004
1095,2026-01-07 21:10:00+00:00,49765.45000000004
1096,2026-01-07 21:15:00+00:00,49765.45000000004
1097,2026-01-07 21:20:00+00:00,49765.45000000004
1098,2026-01-07 21:25:00+00:00,49765.45000000004
1099,2026-01-07 21:30:00+00:00,49765.45000000004
1100,2026-01-07 21:35:00+00:00,49765.45000000004
1101,2026-01-07 21:40:00+00:00,49765.45000000004
1102,2026-01-07 21:45:00+00:00,49765.45000000004
1103,2026-01-07 21:50:00+00:00,49508.770000000106
1104,2026-01-07 21:55:00+00:00,49508.770000000106
1105,2026-01-07 23:00:00+00:00,49508.770000000106
1106,2026-01-07 23:05:00+00:00,49508.770000000106
1107,2026-01-07 23:10:00+00:00,49508.770000000106
1108,2026-01-07 23:15:00+00:00,49508.770000000106
1109,2026-01-07 23:20:00+00:00,49508.770000000106
1110,2026-01-07 23:25:00+00:00,49508.770000000106
1111,2026-01-07 23:30:00+00:00,49508.770000000106
1112,2026-01-07 23:35:00+00:00,49508.770000000106
1113,2026-01-07 23:40:00+00:00,49508.770000000106
1114,2026-01-07 23:45:00+00:00,49508.770000000106
1115,2026-01-07 23:50:00+00:00,49508.770000000106
1116,2026-01-07 23:55:00+00:00,49508.770000000106
1117,2026-01-08 00:00:00+00:00,49508.770000000106
1118,2026-01-08 00:05:00+00:00,49508.770000000106
1119,2026-01-08 00:10:00+00:00,49508.770000000106
1120,2026-01-08 00:15:00+00:00,49508.770000000106
1121,2026-01-08 00:20:00+00:00,49508.770000000106
1122,2026-01-08 00:25:00+00:00,49508.770000000106
1123,2026-01-08 00:30:00+00:00,49508.770000000106
1124,2026-01-08 00:35:00+00:00,49508.770000000106
1125,2026-01-08 00:40:00+00:00,49508.770000000106
1126,2026-01-08 00:45:00+00:00,49508.770000000106
1127,2026-01-08 00:50:00+00:00,49508.770000000106
1128,2026-01-08 00:55:00+00:00,49508.770000000106
1129,2026-01-08 01:00:00+00:00,49508.770000000106
1130,2026-01-08 01:05:00+00:00,49508.770000000106
1131,2026-01-08 01:10:00+00:00,49508.770000000106
1132,2026-01-08 01:15:00+00:00,49508.770000000106
1133,2026-01-08 01:20:00+00:00,49508.770000000106
1134,2026-01-08 01:25:00+00:00,49508.770000000106
1135,2026-01-08 01:30:00+00:00,49508.770000000106
1136,2026-01-08 01:35:00+00:00,49508.770000000106
1137,2026-01-08 01:40:00+00:00,49508.770000000106
1138,2026-01-08 01:45:00+00:00,49508.770000000106
1139,2026-01-08 01:50:00+00:00,49508.770000000106
1140,2026-01-08 01:55:00+00:00,49508.770000000106
1141,2026-01-08 02:00:00+00:00,49508.770000000106
1142,2026-01-08 02:05:00+00:00,49508.770000000106
1143,2026-01-08 02:10:00+00:00,49508.770000000106
1144,2026-01-08 02:15:00+00:00,49508.770000000106
1145,2026-01-08 02:20:00+00:00,49508.770000000106
1146,2026-01-08 02:25:00+00:00,49508.770000000106
1147,2026-01-08 02:30:00+00:00,49508.770000000106
1148,2026-01-08 02:35:00+00:00,49508.770000000106
1149,2026-01-08 02:40:00+00:00,49508.770000000106
1150,2026-01-08 02:45:00+00:00,49508.770000000106
1151,2026-01-08 02:50:00+00:00,49508.770000000106
1152,2026-01-08 02:55:00+00:00,49508.770000000106
1153,2026-01-08 03:00:00+00:00,49508.770000000106
1154,2026-01-08 03:05:00+00:00,49508.770000000106
1155,2026-01-08 03:10:00+00:00,49508.770000000106
1156,2026-01-08 03:15:00+00:00,49508.770000000106
1157,2026-01-08 03:20:00+00:00,49508.770000000106
1158,2026-01-08 03:25:00+00:00,49508.770000000106
1159,2026-01-08 03:30:00+00:00,49508.770000000106
1160,2026-01-08 03:35:00+00:00,49508.770000000106
1161,2026-01-08 03:40:00+00:00,49508.770000000106
1162,2026-01-08 03:45:00+00:00,49508.770000000106
1163,2026-01-08 03:50:00+00:00,49508.770000000106
1164,2026-01-08 03:55:00+00:00,49508.770000000106
1165,2026-01-08 04:00:00+00:00,49508.770000000106
1166,2026-01-08 04:05:00+00:00,49508.770000000106
1167,2026-01-08 04:10:00+00:00,49508.770000000106
1168,2026-01-08 04:15:00+00:00,49508.770000000106
1169,2026-01-08 04:20:00+00:00,49508.770000000106
1170,2026-01-08 04:25:00+00:00,49508.770000000106
1171,2026-01-08 04:30:00+00:00,49508.770000000106
1172,2026-01-08 04:35:00+00:00,49508.770000000106
1173,2026-01-08 04:40:00+00:00,49508.770000000106
1174,2026-01-08 04:45:00+00:00,49508.770000000106
1175,2026-01-08 04:50:00+00:00,49508.770000000106
1176,2026-01-08 04:55:00+00:00,49508.770000000106
1177,2026-01-08 05:00:00+00:00,49508.770000000106
1178,2026-01-08 05:05:00+00:00,49508.770000000106
1179,2026-01-08 05:10:00+00:00,49508.770000000106
1180,2026-01-08 05:15:00+00:00,49508.770000000106
1181,2026-01-08 05:20:00+00:00,49508.770000000106
1182,2026-01-08 05:25:00+00:00,49508.770000000106
1183,2026-01-08 05:30:00+00:00,49508.770000000106
1184,2026-01-08 05:35:00+00:00,49508.770000000106
1185,2026-01-08 05:40:00+00:00,49508.770000000106
1186,2026-01-08 05:45:00+00:00,49508.770000000106
1187,2026-01-08 05:50:00+00:00,49508.770000000106
1188,2026-01-08 05:55:00+00:00,49508.770000000106
1189,2026-01-08 06:00:00+00:00,49508.770000000106
1190,2026-01-08 06:05:00+00:00,49508.770000000106
1191,2026-01-08 06:10:00+00:00,49508.770000000106
1192,2026-01-08 06:15:00+00:00,49508.770000000106
1193,2026-01-08 06:20:00+00:00,49508.770000000106
1194,2026-01-08 06:25:00+00:00,49508.770000000106
1195,2026-01-08 06:30:00+00:00,49508.770000000106
1196,2026-01-08 06:35:00+00:00,49508.770000000106
1197,2026-01-08 06:40:00+00:00,49508.770000000106
1198,2026-01-08 06:45:00+00:00,49508.770000000106
1199,2026-01-08 06:50:00+00:00,49508.770000000106
1200,2026-01-08 06:55:00+00:00,49508.770000000106
1201,2026-01-08 07:00:00+00:00,49508.770000000106
1202,2026-01-08 07:05:00+00:00,49508.770000000106
1203,2026-01-08 07:10:00+00:00,49508.770000000106
1204,2026-01-08 07:15:00+00:00,49508.770000000106
1205,2026-01-08 07:20:00+00:00,49508.770000000106
1206,2026-01-08 07:25:00+00:00,49508.770000000106
1207,2026-01-08 07:30:00+00:00,49508.770000000106
1208,2026-01-08 07:35:00+00:00,49508.770000000106
1209,2026-01-08 07:40:00+00:00,49508.770000000106
1210,2026-01-08 07:45:00+00:00,49508.770000000106
1211,2026-01-08 07:50:00+00:00,49508.770000000106
1212,2026-01-08 07:55:00+00:00,49508.770000000106
1213,2026-01-08 08:00:00+00:00,49508.770000000106
1214,2026-01-08 08:05:00+00:00,49508.770000000106
1215,2026-01-08 08:10:00+00:00,49508.770000000106
1216,2026-01-08 08:15:00+00:00,49258.930000000124
1217,2026-01-08 08:20:00+00:00,49258.930000000124
1218,2026-01-08 08:25:00+00:00,49258.930000000124
1219,2026-01-08 08:30:00+00:00,49258.930000000124
1220,2026-01-08 08:35:00+00:00,49258.930000000124
1221,2026-01-08 08:40:00+00:00,49258.930000000124
1222,2026-01-08 08:45:00+00:00,49258.930000000124
1223,2026-01-08 08:50:00+00:00,49873.13000000007
1224,2026-01-08 08:55:00+00:00,49873.13000000007
1225,2026-01-08 09:00:00+00:00,49873.13000000007
1226,2026-01-08 09:05:00+00:00,49873.13000000007
1227,2026-01-08 09:10:00+00:00,49873.13000000007
1228,2026-01-08 09:15:00+00:00,49873.13000000007
1229,2026-01-08 09:20:00+00:00,49873.13000000007
1230,2026-01-08 09:25:00+00:00,49873.13000000007
1231,2026-01-08 09:30:00+00:00,49873.13000000007
1232,2026-01-08 09:35:00+00:00,49873.13000000007
1233,2026-01-08 09:40:00+00:00,49873.13000000007
1234,2026-01-08 09:45:00+00:00,49873.13000000007
1235,2026-01-08 09:50:00+00:00,49873.13000000007
1236,2026-01-08 09:55:00+00:00,49873.13000000007
1237,2026-01-08 10:00:00+00:00,49873.13000000007
1238,2026-01-08 10:05:00+00:00,49873.13000000007
1239,2026-01-08 10:10:00+00:00,49873.13000000007
1240,2026-01-08 10:15:00+00:00,49873.13000000007
1241,2026-01-08 10:20:00+00:00,49873.13000000007
1242,2026-01-08 10:25:00+00:00,49873.13000000007
1243,2026-01-08 10:30:00+00:00,49873.13000000007
1244,2026-01-08 10:35:00+00:00,49873.13000000007
1245,2026-01-08 10:40:00+00:00,49620.41000000009
1246,2026-01-08 10:45:00+00:00,49620.41000000009
1247,2026-01-08 10:50:00+00:00,49620.41000000009
1248,2026-01-08 10:55:00+00:00,49620.41000000009
1249,2026-01-08 11:00:00+00:00,49620.41000000009
1250,2026-01-08 11:05:00+00:00,49620.41000000009
1251,2026-01-08 11:10:00+00:00,49620.41000000009
1252,2026-01-08 11:15:00+00:00,49620.41000000009
1253,2026-01-08 11:20:00+00:00,49620.41000000009
1254,2026-01-08 11:25:00+00:00,49620.41000000009
1255,2026-01-08 11:30:00+00:00,49620.41000000009
1256,2026-01-08 11:35:00+00:00,49620.41000000009
1257,2026-01-08 11:40:00+00:00,49620.41000000009
1258,2026-01-08 11:45:00+00:00,49620.41000000009
1259,2026-01-08 11:50:00+00:00,49620.41000000009
1260,2026-01-08 11:55:00+00:00,49620.41000000009
1261,2026-01-08 12:00:00+00:00,49620.41000000009
1262,2026-01-08 12:05:00+00:00,49620.41000000009
1263,2026-01-08 12:10:00+00:00,49620.41000000009
1264,2026-01-08 12:15:00+00:00,49620.41000000009
1265,2026-01-08 12:20:00+00:00,49620.41000000009
1266,2026-01-08 12:25:00+00:00,49620.41000000009
1267,2026-01-08 12:30:00+00:00,49990.8100000001
1268,2026-01-08 12:35:00+00:00,49990.8100000001
1269,2026-01-08 12:40:00+00:00,49990.8100000001
1270,2026-01-08 12:45:00+00:00,49990.8100000001
1271,2026-01-08 12:50:00+00:00,49990.8100000001
1272,2026-01-08 12:55:00+00:00,49990.8100000001
1273,2026-01-08 13:00:00+00:00,49990.8100000001
1274,2026-01-08 13:05:00+00:00,49990.8100000001
1275,2026-01-08 13:10:00+00:00,49990.8100000001
1276,2026-01-08 13:15:00+00:00,49990.8100000001
1277,2026-01-08 13:20:00+00:00,49990.8100000001
1278,2026-01-08 13:25:00+00:00,49990.8100000001
1279,2026-01-08 13:30:00+00:00,49990.8100000001
1280,2026-01-08 13:35:00+00:00,49990.8100000001
1281,2026-01-08 13:40:00+00:00,49990.8100000001
1282,2026-01-08 13:45:00+00:00,49990.8100000001
1283,2026-01-08 13:50:00+00:00,49990.8100000001
1284,2026-01-08 13:55:00+00:00,49990.8100000001
1285,2026-01-08 14:00:00+00:00,49990.8100000001
1286,2026-01-08 14:05:00+00:00,49990.8100000001
1287,2026-01-08 14:10:00+00:00,49990.8100000001
1288,2026-01-08 14:15:00+00:00,49990.8100000001
1289,2026-01-08 14:20:00+00:00,49990.8100000001
1290,2026-01-08 14:25:00+00:00,49990.8100000001
1291,2026-01-08 14:30:00+00:00,49990.8100000001
1292,2026-01-08 14:35:00+00:00,49990.8100000001
1293,2026-01-08 14:40:00+00:00,49990.8100000001
1294,2026-01-08 14:45:00+00:00,49990.8100000001
1295,2026-01-08 14:50:00+00:00,50364.040000000095
1296,2026-01-08 14:55:00+00:00,50364.040000000095
1297,2026-01-08 15:00:00+00:00,50364.040000000095
1298,2026-01-08 15:05:00+00:00,50364.040000000095
1299,2026-01-08 15:10:00+00:00,50364.040000000095
1300,2026-01-08 15:15:00+00:00,50364.040000000095
1301,2026-01-08 15:20:00+00:00,50364.040000000095
1302,2026-01-08 15:25:00+00:00,50364.040000000095
1303,2026-01-08 15:30:00+00:00,50364.040000000095
1304,2026-01-08 15:35:00+00:00,50364.040000000095
1305,2026-01-08 15:40:00+00:00,50110.46000000009
1306,2026-01-08 15:45:00+00:00,50110.46000000009
1307,2026-01-08 15:50:00+00:00,50110.46000000009
1308,2026-01-08 15:55:00+00:00,50110.46000000009
1309,2026-01-08 16:00:00+00:00,50110.46000000009
1310,2026-01-08 16:05:00+00:00,50110.46000000009
1311,2026-01-08 16:10:00+00:00,50110.46000000009
1312,2026-01-08 16:15:00+00:00,50110.46000000009
1313,2026-01-08 16:20:00+00:00,50110.46000000009
1314,2026-01-08 16:25:00+00:00,50110.46000000009
1315,2026-01-08 16:30:00+00:00,50481.71000000009
1316,2026-01-08 16:35:00+00:00,50481.71000000009
1317,2026-01-08 16:40:00+00:00,50481.71000000009
1318,2026-01-08 16:45:00+00:00,50481.71000000009
1319,2026-01-08 16:50:00+00:00,50481.71000000009
1320,2026-01-08 16:55:00+00:00,50481.71000000009
1321,2026-01-08 17:00:00+00:00,50481.71000000009
1322,2026-01-08 17:05:00+00:00,50481.71000000009
1323,2026-01-08 17:10:00+00:00,50481.71000000009
1324,2026-01-08 17:15:00+00:00,50481.71000000009
1325,2026-01-08 17:20:00+00:00,50481.71000000009
1326,2026-01-08 17:25:00+00:00,50481.71000000009
1327,2026-01-08 17:30:00+00:00,50481.71000000009
1328,2026-01-08 17:35:00+00:00,50481.71000000009
1329,2026-01-08 17:40:00+00:00,50481.71000000009
1330,2026-01-08 17:45:00+00:00,50481.71000000009
1331,2026-01-08 17:50:00+00:00,50481.71000000009
1332,2026-01-08 17:55:00+00:00,50481.71000000009
1333,2026-01-08 18:00:00+00:00,50481.71000000009
1334,2026-01-08 18:05:00+00:00,50481.71000000009
1335,2026-01-08 18:10:00+00:00,50481.71000000009
1336,2026-01-08 18:15:00+00:00,50481.71000000009
1337,2026-01-08 18:20:00+00:00,50481.71000000009
1338,2026-01-08 18:25:00+00:00,50481.71000000009
1339,2026-01-08 18:30:00+00:00,50481.71000000009
1340,2026-01-08 18:35:00+00:00,50481.71000000009
1341,2026-01-08 18:40:00+00:00,50481.71000000009
1342,2026-01-08 18:45:00+00:00,50481.71000000009
1343,2026-01-08 18:50:00+00:00,50481.71000000009
1344,2026-01-08 18:55:00+00:00,50481.71000000009
1345,2026-01-08 19:00:00+00:00,50481.71000000009
1346,2026-01-08 19:05:00+00:00,50481.71000000009
1347,2026-01-08 19:10:00+00:00,50481.71000000009
1348,2026-01-08 19:15:00+00:00,50481.71000000009
1349,2026-01-08 19:20:00+00:00,50481.71000000009
1350,2026-01-08 19:25:00+00:00,50481.71000000009
1351,2026-01-08 19:30:00+00:00,50481.71000000009
1352,2026-01-08 19:35:00+00:00,50481.71000000009
1353,2026-01-08 19:40:00+00:00,50481.71000000009
1354,2026-01-08 19:45:00+00:00,50481.71000000009
1355,2026-01-08 19:50:00+00:00,50481.71000000009
1356,2026-01-08 19:55:00+00:00,50481.71000000009
1357,2026-01-08 20:00:00+00:00,50226.9100000001
1358,2026-01-08 20:05:00+00:00,50226.9100000001
1359,2026-01-08 20:10:00+00:00,50226.9100000001
1360,2026-01-08 20:15:00+00:00,50226.9100000001
1361,2026-01-08 20:20:00+00:00,50226.9100000001
1362,2026-01-08 20:25:00+00:00,50226.9100000001
1363,2026-01-08 20:30:00+00:00,50226.9100000001
1364,2026-01-08 20:35:00+00:00,50226.9100000001
1365,2026-01-08 20:40:00+00:00,50226.9100000001
1366,2026-01-08 20:45:00+00:00,50226.9100000001
1367,2026-01-08 20:50:00+00:00,50226.9100000001
1368,2026-01-08 20:55:00+00:00,50226.9100000001
1369,2026-01-08 21:00:00+00:00,50226.9100000001
1370,2026-01-08 21:05:00+00:00,50226.9100000001
1371,2026-01-08 21:10:00+00:00,50226.9100000001
1372,2026-01-08 21:15:00+00:00,50226.9100000001
1373,2026-01-08 21:20:00+00:00,50226.9100000001
1374,2026-01-08 21:25:00+00:00,50226.9100000001
1375,2026-01-08 21:30:00+00:00,50226.9100000001
1376,2026-01-08 21:35:00+00:00,50226.9100000001
1377,2026-01-08 21:40:00+00:00,50226.9100000001
1378,2026-01-08 21:45:00+00:00,50226.9100000001
1379,2026-01-08 21:50:00+00:00,50226.9100000001
1380,2026-01-08 21:55:00+00:00,50226.9100000001
1381,2026-01-08 23:00:00+00:00,50595.190000000126
1382,2026-01-08 23:05:00+00:00,50595.190000000126
1383,2026-01-08 23:10:00+00:00,50595.190000000126
1384,2026-01-08 23:15:00+00:00,50595.190000000126
1385,2026-01-08 23:20:00+00:00,50595.190000000126
1386,2026-01-08 23:25:00+00:00,50595.190000000126
1387,2026-01-08 23:30:00+00:00,50595.190000000126
1388,2026-01-08 23:35:00+00:00,50595.190000000126
1389,2026-01-08 23:40:00+00:00,50595.190000000126
1390,2026-01-08 23:45:00+00:00,50595.190000000126
1391,2026-01-08 23:50:00+00:00,50595.190000000126
1392,2026-01-08 23:55:00+00:00,50595.190000000126
1393,2026-01-09 00:00:00+00:00,50595.190000000126
1394,2026-01-09 00:05:00+00:00,50595.190000000126
1395,2026-01-09 00:10:00+00:00,50595.190000000126
1396,2026-01-09 00:15:00+00:00,50595.190000000126
1397,2026-01-09 00:20:00+00:00,50595.190000000126
1398,2026-01-09 00:25:00+00:00,50595.190000000126
1399,2026-01-09 00:30:00+00:00,50595.190000000126
1400,2026-01-09 00:35:00+00:00,50595.190000000126
1401,2026-01-09 00:40:00+00:00,50595.190000000126
1402,2026-01-09 00:45:00+00:00,50595.190000000126
1403,2026-01-09 00:50:00+00:00,50595.190000000126
1404,2026-01-09 00:55:00+00:00,50595.190000000126
1405,2026-01-09 01:00:00+00:00,50595.190000000126
1406,2026-01-09 01:05:00+00:00,50595.190000000126
1407,2026-01-09 01:10:00+00:00,50595.190000000126
1408,2026-01-09 01:15:00+00:00,50595.190000000126
1409,2026-01-09 01:20:00+00:00,50595.190000000126
1410,2026-01-09 01:25:00+00:00,50595.190000000126
1411,2026-01-09 01:30:00+00:00,50595.190000000126
1412,2026-01-09 01:35:00+00:00,50595.190000000126
1413,2026-01-09 01:40:00+00:00,50595.190000000126
1414,2026-01-09 01:45:00+00:00,50595.190000000126
1415,2026-01-09 01:50:00+00:00,50595.190000000126
1416,2026-01-09 01:55:00+00:00,50595.190000000126
1417,2026-01-09 02:00:00+00:00,50595.190000000126
1418,2026-01-09 02:05:00+00:00,50595.190000000126
1419,2026-01-09 02:10:00+00:00,50595.190000000126
1420,2026-01-09 02:15:00+00:00,50595.190000000126
1421,2026-01-09 02:20:00+00:00,50595.190000000126
1422,2026-01-09 02:25:00+00:00,50595.190000000126
1423,2026-01-09 02:30:00+00:00,50595.190000000126
1424,2026-01-09 02:35:00+00:00,50595.190000000126
1425,2026-01-09 02:40:00+00:00,50595.190000000126
1426,2026-01-09 02:45:00+00:00,50595.190000000126
1427,2026-01-09 02:50:00+00:00,50595.190000000126
1428,2026-01-09 02:55:00+00:00,50595.190000000126
1429,2026-01-09 03:00:00+00:00,50595.190000000126
1430,2026-01-09 03:05:00+00:00,50595.190000000126
1431,2026-01-09 03:10:00+00:00,50595.190000000126
1432,2026-01-09 03:15:00+00:00,50595.190000000126
1433,2026-01-09 03:20:00+00:00,50595.190000000126
1434,2026-01-09 03:25:00+00:00,50595.190000000126
1435,2026-01-09 03:30:00+00:00,50595.190000000126
1436,2026-01-09 03:35:00+00:00,50595.190000000126
1437,2026-01-09 03:40:00+00:00,50595.190000000126
1438,2026-01-09 03:45:00+00:00,50595.190000000126
1439,2026-01-09 03:50:00+00:00,50595.190000000126
1440,2026-01-09 03:55:00+00:00,50595.190000000126
1441,2026-01-09 04:00:00+00:00,50595.190000000126
1442,2026-01-09 04:05:00+00:00,50595.190000000126
1443,2026-01-09 04:10:00+00:00,50595.190000000126
1444,2026-01-09 04:15:00+00:00,50595.190000000126
1445,2026-01-09 04:20:00+00:00,50595.190000000126
1446,2026-01-09 04:25:00+00:00,50595.190000000126
1447,2026-01-09 04:30:00+00:00,50595.190000000126
1448,2026-01-09 04:35:00+00:00,50595.190000000126
1449,2026-01-09 04:40:00+00:00,50595.190000000126
1450,2026-01-09 04:45:00+00:00,50595.190000000126
1451,2026-01-09 04:50:00+00:00,50595.190000000126
1452,2026-01-09 04:55:00+00:00,50595.190000000126
1453,2026-01-09 05:00:00+00:00,50595.190000000126
1454,2026-01-09 05:05:00+00:00,50595.190000000126
1455,2026-01-09 05:10:00+00:00,50595.190000000126
1456,2026-01-09 05:15:00+00:00,50595.190000000126
1457,2026-01-09 05:20:00+00:00,50595.190000000126
1458,2026-01-09 05:25:00+00:00,50595.190000000126
1459,2026-01-09 05:30:00+00:00,50595.190000000126
1460,2026-01-09 05:35:00+00:00,50595.190000000126
1461,2026-01-09 05:40:00+00:00,50595.190000000126
1462,2026-01-09 05:45:00+00:00,50595.190000000126
1463,2026-01-09 05:50:00+00:00,50595.190000000126
1464,2026-01-09 05:55:00+00:00,50595.190000000126
1465,2026-01-09 06:00:00+00:00,50595.190000000126
1466,2026-01-09 06:05:00+00:00,50595.190000000126
1467,2026-01-09 06:10:00+00:00,50595.190000000126
1468,2026-01-09 06:15:00+00:00,50595.190000000126
1469,2026-01-09 06:20:00+00:00,50595.190000000126
1470,2026-01-09 06:25:00+00:00,50595.190000000126
1471,2026-01-09 06:30:00+00:00,50595.190000000126
1472,2026-01-09 06:35:00+00:00,50595.190000000126
1473,2026-01-09 06:40:00+00:00,50595.190000000126
1474,2026-01-09 06:45:00+00:00,50595.190000000126
1475,2026-01-09 06:50:00+00:00,50595.190000000126
1476,2026-01-09 06:55:00+00:00,50595.190000000126
1477,2026-01-09 07:00:00+00:00,50595.190000000126
1478,2026-01-09 07:05:00+00:00,50595.190000000126
1479,2026-01-09 07:10:00+00:00,50595.190000000126
1480,2026-01-09 07:15:00+00:00,50595.190000000126
1481,2026-01-09 07:20:00+00:00,50595.190000000126
1482,2026-01-09 07:25:00+00:00,50595.190000000126
1483,2026-01-09 07:30:00+00:00,50595.190000000126
1484,2026-01-09 07:35:00+00:00,50595.190000000126
1485,2026-01-09 07:40:00+00:00,50595.190000000126
1486,2026-01-09 07:45:00+00:00,50595.190000000126
1487,2026-01-09 07:50:00+00:00,50595.190000000126
1488,2026-01-09 07:55:00+00:00,50595.190000000126
1489,2026-01-09 08:00:00+00:00,50595.190000000126
1490,2026-01-09 08:05:00+00:00,50595.190000000126
1491,2026-01-09 08:10:00+00:00,50595.190000000126
1492,2026-01-09 08:15:00+00:00,50595.190000000126
1493,2026-01-09 08:20:00+00:00,50595.190000000126
1494,2026-01-09 08:25:00+00:00,50595.190000000126
1495,2026-01-09 08:30:00+00:00,50595.190000000126
1496,2026-01-09 08:35:00+00:00,50595.190000000126
1497,2026-01-09 08:40:00+00:00,50595.190000000126
1498,2026-01-09 08:45:00+00:00,50595.190000000126
1499,2026-01-09 08:50:00+00:00,50595.190000000126
1500,2026-01-09 08:55:00+00:00,50595.190000000126
1501,2026-01-09 09:00:00+00:00,50595.190000000126
1502,2026-01-09 09:05:00+00:00,50595.190000000126
1503,2026-01-09 09:10:00+00:00,50595.190000000126
1504,2026-01-09 09:15:00+00:00,50595.190000000126
1505,2026-01-09 09:20:00+00:00,50595.190000000126
1506,2026-01-09 09:25:00+00:00,50595.190000000126
1507,2026-01-09 09:30:00+00:00,50595.190000000126
1508,2026-01-09 09:35:00+00:00,50595.190000000126
1509,2026-01-09 09:40:00+00:00,50595.190000000126
1510,2026-01-09 09:45:00+00:00,50595.190000000126
1511,2026-01-09 09:50:00+00:00,50337.160000000134
1512,2026-01-09 09:55:00+00:00,50337.160000000134
1513,2026-01-09 10:00:00+00:00,50337.160000000134
1514,2026-01-09 10:05:00+00:00,50337.160000000134
1515,2026-01-09 10:10:00+00:00,50337.160000000134
1516,2026-01-09 10:15:00+00:00,50337.160000000134
1517,2026-01-09 10:20:00+00:00,50337.160000000134
1518,2026-01-09 10:25:00+00:00,50337.160000000134
1519,2026-01-09 10:30:00+00:00,50337.160000000134
1520,2026-01-09 10:35:00+00:00,50337.160000000134
1521,2026-01-09 10:40:00+00:00,50337.160000000134
1522,2026-01-09 10:45:00+00:00,50337.160000000134
1523,2026-01-09 10:50:00+00:00,50337.160000000134
1524,2026-01-09 10:55:00+00:00,50083.72000000013
1525,2026-01-09 11:00:00+00:00,50083.72000000013
1526,2026-01-09 11:05:00+00:00,50083.72000000013
1527,2026-01-09 11:10:00+00:00,50083.72000000013
1528,2026-01-09 11:15:00+00:00,50083.72000000013
1529,2026-01-09 11:20:00+00:00,50083.72000000013
1530,2026-01-09 11:25:00+00:00,50083.72000000013
1531,2026-01-09 11:30:00+00:00,50083.72000000013
1532,2026-01-09 11:35:00+00:00,50083.72000000013
1533,2026-01-09 11:40:00+00:00,50083.72000000013
1534,2026-01-09 11:45:00+00:00,49824.87000000012
1535,2026-01-09 11:50:00+00:00,49824.87000000012
1536,2026-01-09 11:55:00+00:00,49824.87000000012
1537,2026-01-09 12:00:00+00:00,49824.87000000012
1538,2026-01-09 12:05:00+00:00,49824.87000000012
1539,2026-01-09 12:10:00+00:00,49824.87000000012
1540,2026-01-09 12:15:00+00:00,49824.87000000012
1541,2026-01-09 12:20:00+00:00,49824.87000000012
1542,2026-01-09 12:25:00+00:00,49824.87000000012
1543,2026-01-09 12:30:00+00:00,49824.87000000012
1544,2026-01-09 12:35:00+00:00,49824.87000000012
1545,2026-01-09 12:40:00+00:00,49824.87000000012
1546,2026-01-09 12:45:00+00:00,49824.87000000012
1547,2026-01-09 12:50:00+00:00,49824.87000000012
1548,2026-01-09 12:55:00+00:00,49824.87000000012
1549,2026-01-09 13:00:00+00:00,49824.87000000012
1550,2026-01-09 13:05:00+00:00,50197.37000000011
1551,2026-01-09 13:10:00+00:00,50197.37000000011
1552,2026-01-09 13:15:00+00:00,50197.37000000011
1553,2026-01-09 13:20:00+00:00,50197.37000000011
1554,2026-01-09 13:25:00+00:00,50197.37000000011
1555,2026-01-09 13:30:00+00:00,50197.37000000011
1556,2026-01-09 13:35:00+00:00,50197.37000000011
1557,2026-01-09 13:40:00+00:00,50197.37000000011
1558,2026-01-09 13:45:00+00:00,50197.37000000011
1559,2026-01-09 13:50:00+00:00,50197.37000000011
1560,2026-01-09 13:55:00+00:00,50197.37000000011
1561,2026-01-09 14:00:00+00:00,50197.37000000011
1562,2026-01-09 14:05:00+00:00,50197.37000000011
1563,2026-01-09 14:10:00+00:00,50197.37000000011
1564,2026-01-09 14:15:00+00:00,50197.37000000011
1565,2026-01-09 14:20:00+00:00,50197.37000000011
1566,2026-01-09 14:25:00+00:00,50197.37000000011
1567,2026-01-09 14:30:00+00:00,50197.37000000011
1568,2026-01-09 14:35:00+00:00,50197.37000000011
1569,2026-01-09 14:40:00+00:00,50197.37000000011
1570,2026-01-09 14:45:00+00:00,50197.37000000011
1571,2026-01-09 14:50:00+00:00,50197.37000000011
1572,2026-01-09 14:55:00+00:00,50197.37000000011
1573,2026-01-09 15:00:00+00:00,50197.37000000011
1574,2026-01-09 15:05:00+00:00,50197.37000000011
1575,2026-01-09 15:10:00+00:00,50197.37000000011
1576,2026-01-09 15:15:00+00:00,50197.37000000011
1577,2026-01-09 15:20:00+00:00,50197.37000000011
1578,2026-01-09 15:25:00+00:00,50197.37000000011
1579,2026-01-09 15:30:00+00:00,50197.37000000011
1580,2026-01-09 15:35:00+00:00,50197.37000000011
1581,2026-01-09 15:40:00+00:00,50197.37000000011
1582,2026-01-09 15:45:00+00:00,50197.37000000011
1583,2026-01-09 15:50:00+00:00,50197.37000000011
1584,2026-01-09 15:55:00+00:00,50197.37000000011
1585,2026-01-09 16:00:00+00:00,50197.37000000011
1586,2026-01-09 16:05:00+00:00,50197.37000000011
1587,2026-01-09 16:10:00+00:00,50197.37000000011
1588,2026-01-09 16:15:00+00:00,50197.37000000011
1589,2026-01-09 16:20:00+00:00,50197.37000000011
1590,2026-01-09 16:25:00+00:00,50197.37000000011
1591,2026-01-09 16:30:00+00:00,50197.37000000011
1592,2026-01-09 16:35:00+00:00,50197.37000000011
1593,2026-01-09 16:40:00+00:00,50197.37000000011
1594,2026-01-09 16:45:00+00:00,50197.37000000011
1595,2026-01-09 16:50:00+00:00,50197.37000000011
1596,2026-01-09 16:55:00+00:00,50197.37000000011
1597,2026-01-09 17:00:00+00:00,50197.37000000011
1598,2026-01-09 17:05:00+00:00,50197.37000000011
1599,2026-01-09 17:10:00+00:00,50197.37000000011
1600,2026-01-09 17:15:00+00:00,50197.37000000011
1601,2026-01-09 17:20:00+00:00,50197.37000000011
1602,2026-01-09 17:25:00+00:00,50197.37000000011
1603,2026-01-09 17:30:00+00:00,50197.37000000011
1604,2026-01-09 17:35:00+00:00,50197.37000000011
1605,2026-01-09 17:40:00+00:00,50197.37000000011
1606,2026-01-09 17:45:00+00:00,50197.37000000011
1607,2026-01-09 17:50:00+00:00,50197.37000000011
1608,2026-01-09 17:55:00+00:00,50197.37000000011
1609,2026-01-09 18:00:00+00:00,50197.37000000011
1610,2026-01-09 18:05:00+00:00,50568.25000000011
1611,2026-01-09 18:10:00+00:00,50568.25000000011
1612,2026-01-09 18:15:00+00:00,50568.25000000011
1613,2026-01-09 18:20:00+00:00,50568.25000000011
1614,2026-01-09 18:25:00+00:00,50568.25000000011
1615,2026-01-09 18:30:00+00:00,50568.25000000011
1616,2026-01-09 18:35:00+00:00,50568.25000000011
1617,2026-01-09 18:40:00+00:00,50568.25000000011
1618,2026-01-09 18:45:00+00:00,50568.25000000011
1619,2026-01-09 18:50:00+00:00,50568.25000000011
1620,2026-01-09 18:55:00+00:00,50568.25000000011
1621,2026-01-09 19:00:00+00:00,50568.25000000011
1622,2026-01-09 19:05:00+00:00,50568.25000000011
1623,2026-01-09 19:10:00+00:00,50568.25000000011
1624,2026-01-09 19:15:00+00:00,50568.25000000011
1625,2026-01-09 19:20:00+00:00,50568.25000000011
1626,2026-01-09 19:25:00+00:00,50568.25000000011
1627,2026-01-09 19:30:00+00:00,50568.25000000011
1628,2026-01-09 19:35:00+00:00,50568.25000000011
1629,2026-01-09 19:40:00+00:00,50568.25000000011
1630,2026-01-09 19:45:00+00:00,50568.25000000011
1631,2026-01-09 19:50:00+00:00,50568.25000000011
1632,2026-01-09 19:55:00+00:00,50568.25000000011
1633,2026-01-09 20:00:00+00:00,50568.25000000011
1634,2026-01-09 20:05:00+00:00,50568.25000000011
1635,2026-01-09 20:10:00+00:00,50942.3500000001
1636,2026-01-09 20:15:00+00:00,50942.3500000001
1637,2026-01-09 20:20:00+00:00,50942.3500000001
1638,2026-01-09 20:25:00+00:00,50942.3500000001
1639,2026-01-09 20:30:00+00:00,50942.3500000001
1640,2026-01-09 20:35:00+00:00,50942.3500000001
1641,2026-01-09 20:40:00+00:00,50942.3500000001
1642,2026-01-09 20:45:00+00:00,50942.3500000001
1643,2026-01-09 20:50:00+00:00,50942.3500000001
1644,2026-01-09 20:55:00+00:00,50942.3500000001
1645,2026-01-09 21:00:00+00:00,50942.3500000001
1646,2026-01-09 21:05:00+00:00,50942.3500000001
1647,2026-01-09 21:10:00+00:00,50942.3500000001
1648,2026-01-09 21:15:00+00:00,50942.3500000001
1649,2026-01-09 21:20:00+00:00,50942.3500000001
1650,2026-01-09 21:25:00+00:00,50942.3500000001
1651,2026-01-09 21:30:00+00:00,50942.3500000001
1652,2026-01-09 21:35:00+00:00,50942.3500000001
1653,2026-01-09 21:40:00+00:00,50942.3500000001
1654,2026-01-09 21:45:00+00:00,50942.3500000001
1655,2026-01-09 21:50:00+00:00,50942.3500000001
1656,2026-01-09 21:55:00+00:00,50942.3500000001
