zone_id,type,created_bar,created_time,top,bottom,is_accuracy,is_historical,score,grade
1,supply,99,2026-01-02T07:15:00+00:00,4377.5,4374.35,False,False,50.0,C+
2,supply,98,2026-01-02T07:10:00+00:00,4377.98,4373.2,True,True,60.0,B
3,supply,95,2026-01-02T06:55:00+00:00,4375.81,4374.39,True,True,55.0,C+
4,supply,89,2026-01-02T06:25:00+00:00,4379.99,4377.43,False,True,45.0,C
5,demand,85,2026-01-02T06:05:00+00:00,4377.4,4373.95,False,True,65.0,B
6,supply,82,2026-01-02T05:50:00+00:00,4381.72,4378.68,False,True,45.0,C
7,demand,80,2026-01-02T05:40:00+00:00,4379.67,4377.83,False,True,65.0,B
8,demand,75,2026-01-02T05:15:00+00:00,4378.91,4376.4,False,True,65.0,B
9,demand,72,2026-01-02T05:00:00+00:00,4373.18,4371.14,True,True,75.0,B+
10,supply,68,2026-01-02T04:40:00+00:00,4375.49,4372.79,False,True,45.0,C
11,supply,65,2026-01-02T04:25:00+00:00,4376.06,4372.66,False,True,45.0,C
12,supply,60,2026-01-02T04:00:00+00:00,4377.81,4373.95,False,True,45.0,C
13,demand,57,2026-01-02T03:45:00+00:00,4373.75,4372.77,True,True,75.0,B+
14,demand,44,2026-01-02T02:40:00+00:00,4352.54,4350.8,False,True,65.0,B
15,supply,36,2026-01-02T02:00:00+00:00,4351.97,4347.66,False,True,45.0,C
16,supply,33,2026-01-02T01:45:00+00:00,4352.25,4346.15,False,True,45.0,C
17,supply,30,2026-01-02T01:30:00+00:00,4351.33,4348.91,False,True,45.0,C
18,demand,28,2026-01-02T01:20:00+00:00,4349.16,4346.35,True,True,75.0,B+
19,demand,25,2026-01-02T01:05:00+00:00,4350.28,4345.39,False,True,65.0,B
20,supply,23,2026-01-02T00:55:00+00:00,4356.03,4351.08,False,True,45.0,C
21,demand,16,2026-01-02T00:20:00+00:00,4347.45,4342.72,False,True,65.0,B
22,supply,13,2026-01-02T00:05:00+00:00,4350.57,4346.47,True,True,55.0,C+
23,demand,9,2026-01-01T23:45:00+00:00,4345.33,4342.38,True,True,75.0,B+
24,demand,2,2026-01-01T23:10:00+00:00,4333.44,4329.56,True,True,75.0,B+
25,demand,101,2026-01-02T07:25:00+00:00,4375.38,4372.52,False,False,70.0,B+
26,demand,105,2026-01-02T07:45:00+00:00,4377.79,4375.3,False,False,75.0,B+
27,supply,110,2026-01-02T08:10:00+00:00,4386.62,4384.2,False,False,50.0,C+
28,demand,112,2026-01-02T08:20:00+00:00,4383.95,4381.63,False,False,70.0,B+
29,demand,116,2026-01-02T08:40:00+00:00,4388.68,4388.06,True,False,80.0,A
30,demand,120,2026-01-02T09:00:00+00:00,4389.69,4386.14,False,False,70.0,B+
31,supply,122,2026-01-02T09:10:00+00:00,4391.02,4390.85,True,False,60.0,B
32,supply,126,2026-01-02T09:30:00+00:00,4389.86,4388.14,False,False,50.0,C+
33,demand,138,2026-01-02T10:30:00+00:00,4388.86,4384.9,False,False,70.0,B+
34,supply,145,2026-01-02T11:05:00+00:00,4397.48,4395.38,False,False,45.0,C
35,demand,147,2026-01-02T11:15:00+00:00,4395.19,4395.02,True,False,75.0,B+
36,supply,149,2026-01-02T11:25:00+00:00,4399.32,4398.02,True,False,55.0,C+
37,supply,160,2026-01-02T12:20:00+00:00,4398.24,4395.56,False,False,45.0,C
38,supply,163,2026-01-02T12:35:00+00:00,4394.25,4393.98,True,False,55.0,C+
39,demand,166,2026-01-02T12:50:00+00:00,4387.89,4387.26,True,False,75.0,B+
40,supply,171,2026-01-02T13:15:00+00:00,4402.26,4398.02,False,False,50.0,C+
41,supply,181,2026-01-02T14:05:00+00:00,4372.73,4368.86,False,False,70.0,B+
42,supply,184,2026-01-02T14:20:00+00:00,4373.64,4368.34,False,False,70.0,B+
43,demand,188,2026-01-02T14:40:00+00:00,4356.45,4348.2,False,False,50.0,C+
44,supply,190,2026-01-02T14:50:00+00:00,4363.15,4355.0,False,False,70.0,B+
45,supply,194,2026-01-02T15:10:00+00:00,4348.99,4347.33,True,False,80.0,A
46,demand,197,2026-01-02T15:25:00+00:00,4340.34,4334.04,False,False,50.0,C+
47,supply,201,2026-01-02T15:45:00+00:00,4347.02,4340.98,False,False,75.0,B+
48,demand,208,2026-01-02T16:20:00+00:00,4321.14,4315.13,False,False,50.0,C+
49,demand,211,2026-01-02T16:35:00+00:00,4316.33,4315.27,True,False,60.0,B
50,demand,215,2026-01-02T16:55:00+00:00,4326.5,4321.59,False,False,50.0,C+
51,supply,219,2026-01-02T17:15:00+00:00,4332.96,4328.49,False,False,65.0,B
52,supply,222,2026-01-02T17:30:00+00:00,4331.22,4326.74,False,False,65.0,B
53,supply,225,2026-01-02T17:45:00+00:00,4328.17,4324.83,False,False,70.0,B+
54,demand,231,2026-01-02T18:15:00+00:00,4314.44,4310.71,True,False,55.0,C+
55,supply,233,2026-01-02T18:25:00+00:00,4321.71,4317.78,False,False,65.0,B
56,demand,237,2026-01-02T18:45:00+00:00,4315.03,4312.34,False,False,50.0,C+
57,demand,245,2026-01-02T19:25:00+00:00,4318.99,4316.55,False,False,45.0,C
58,supply,248,2026-01-02T19:40:00+00:00,4326.27,4321.84,False,False,65.0,B
59,demand,252,2026-01-02T20:00:00+00:00,4320.29,4317.17,False,False,45.0,C
60,supply,258,2026-01-02T20:30:00+00:00,4328.61,4325.34,False,False,65.0,B
61,supply,264,2026-01-02T21:00:00+00:00,4331.81,4328.29,False,False,65.0,B
62,demand,272,2026-01-02T21:40:00+00:00,4328.83,4327.3,False,False,45.0,C
63,demand,371,2026-01-05T06:55:00+00:00,4420.69,4419.09,False,False,65.0,B
64,demand,374,2026-01-05T07:10:00+00:00,4419.94,4417.08,False,False,70.0,B+
65,supply,376,2026-01-05T07:20:00+00:00,4422.79,4420.43,False,False,50.0,C+
66,demand,378,2026-01-05T07:30:00+00:00,4420.33,4418.57,True,False,80.0,A
67,supply,384,2026-01-05T08:00:00+00:00,4423.52,4421.84,True,False,60.0,B
68,demand,386,2026-01-05T08:10:00+00:00,4420.64,4419.6,True,False,80.0,A
69,supply,389,2026-01-05T08:25:00+00:00,4429.97,4426.55,False,False,50.0,C+
70,demand,391,2026-01-05T08:35:00+00:00,4426.15,4424.46,False,False,70.0,B+
71,supply,394,2026-01-05T08:50:00+00:00,4433.81,4430.61,False,False,50.0,C+
72,demand,398,2026-01-05T09:10:00+00:00,4426.83,4426.17,True,False,80.0,A
73,supply,407,2026-01-05T09:55:00+00:00,4436.86,4435.11,True,False,60.0,B
74,demand,409,2026-01-05T10:05:00+00:00,4433.49,4430.81,False,False,70.0,B+
75,supply,415,2026-01-05T10:35:00+00:00,4438.95,4435.31,False,False,50.0,C+
76,supply,419,2026-01-05T10:55:00+00:00,4438.4,4438.38,True,False,60.0,B
77,demand,426,2026-01-05T11:30:00+00:00,4421.57,4415.32,False,False,65.0,B
78,supply,433,2026-01-05T12:05:00+00:00,4419.96,4419.37,True,False,55.0,C+
79,supply,438,2026-01-05T12:30:00+00:00,4417.18,4415.73,True,False,55.0,C+
80,demand,446,2026-01-05T13:10:00+00:00,4412.25,4407.34,False,False,70.0,B+
81,supply,448,2026-01-05T13:20:00+00:00,4413.19,4411.7,True,False,80.0,A
82,demand,450,2026-01-05T13:30:00+00:00,4399.66,4396.19,True,False,80.0,A
83,demand,455,2026-01-05T13:55:00+00:00,4412.99,4411.36,True,False,80.0,A
84,supply,460,2026-01-05T14:20:00+00:00,4429.64,4427.19,True,False,60.0,B
85,demand,462,2026-01-05T14:30:00+00:00,4421.09,4417.93,True,False,80.0,A
86,demand,468,2026-01-05T15:00:00+00:00,4436.69,4436.69,True,False,70.0,B+
87,supply,472,2026-01-05T15:20:00+00:00,4452.34,4448.17,False,False,50.0,C+
88,supply,480,2026-01-05T16:00:00+00:00,4451.39,4445.39,False,False,50.0,C+
89,demand,482,2026-01-05T16:10:00+00:00,4446.82,4439.52,False,False,70.0,B+
90,supply,484,2026-01-05T16:20:00+00:00,4447.12,4446.47,True,False,60.0,B
91,demand,488,2026-01-05T16:40:00+00:00,4445.7,4444.15,False,False,70.0,B+
92,supply,491,2026-01-05T16:55:00+00:00,4452.6,4452.6,True,False,50.0,C+
93,demand,493,2026-01-05T17:05:00+00:00,4439.87,4432.33,False,False,65.0,B
94,supply,497,2026-01-05T17:25:00+00:00,4449.05,4445.06,False,False,45.0,C
95,supply,503,2026-01-05T17:55:00+00:00,4445.71,4442.98,False,False,45.0,C
96,demand,505,2026-01-05T18:05:00+00:00,4443.32,4442.87,True,False,75.0,B+
97,demand,510,2026-01-05T18:30:00+00:00,4444.47,4441.03,False,False,65.0,B
98,supply,516,2026-01-05T19:00:00+00:00,4449.3,4446.34,False,False,45.0,C
99,demand,520,2026-01-05T19:20:00+00:00,4439.87,4439.3,True,False,75.0,B+
100,supply,523,2026-01-05T19:35:00+00:00,4445.59,4443.91,False,False,45.0,C
101,demand,530,2026-01-05T20:10:00+00:00,4441.22,4440.3,True,False,75.0,B+
102,supply,534,2026-01-05T20:30:00+00:00,4445.62,4445.58,True,False,55.0,C+
103,demand,537,2026-01-05T20:45:00+00:00,4438.04,4438.04,True,False,65.0,B
104,supply,542,2026-01-05T21:10:00+00:00,4448.11,4446.54,False,False,45.0,C
105,demand,544,2026-01-05T21:20:00+00:00,4444.8,4443.38,False,False,65.0,B
106,supply,547,2026-01-05T21:35:00+00:00,4447.73,4446.07,False,False,45.0,C
107,supply,650,2026-01-06T07:10:00+00:00,4470.29,4467.54,False,False,50.0,C+
108,demand,653,2026-01-06T07:25:00+00:00,4465.21,4461.67,False,False,70.0,B+
109,supply,655,2026-01-06T07:35:00+00:00,4466.07,4465.57,True,False,60.0,B
110,demand,660,2026-01-06T08:00:00+00:00,4461.15,4457.49,False,False,70.0,B+
111,demand,663,2026-01-06T08:15:00+00:00,4461.94,4461.68,True,False,80.0,A
112,supply,666,2026-01-06T08:30:00+00:00,4472.51,4471.09,True,False,60.0,B
113,supply,672,2026-01-06T09:00:00+00:00,4468.51,4468.37,True,False,60.0,B
114,supply,679,2026-01-06T09:35:00+00:00,4457.13,4456.89,True,False,60.0,B
115,supply,683,2026-01-06T09:55:00+00:00,4451.95,4446.28,False,False,70.0,B+
116,demand,685,2026-01-06T10:05:00+00:00,4445.34,4445.22,True,False,60.0,B
117,demand,689,2026-01-06T10:25:00+00:00,4450.51,4448.63,False,False,70.0,B+
118,supply,692,2026-01-06T10:40:00+00:00,4454.5,4453.99,True,False,60.0,B
119,demand,694,2026-01-06T10:50:00+00:00,4451.72,4449.92,False,False,70.0,B+
120,supply,697,2026-01-06T11:05:00+00:00,4452.35,4452.21,True,False,55.0,C+
121,demand,700,2026-01-06T11:20:00+00:00,4450.53,4450.33,True,False,75.0,B+
122,supply,710,2026-01-06T12:10:00+00:00,4463.63,4462.03,False,False,45.0,C
123,supply,713,2026-01-06T12:25:00+00:00,4465.63,4463.32,False,False,45.0,C
124,demand,718,2026-01-06T12:50:00+00:00,4462.74,4459.62,False,False,65.0,B
125,supply,724,2026-01-06T13:20:00+00:00,4468.73,4468.73,True,False,50.0,C+
126,demand,727,2026-01-06T13:35:00+00:00,4460.43,4455.9,False,False,70.0,B+
127,demand,733,2026-01-06T14:05:00+00:00,4467.47,4466.39,True,False,80.0,A
128,supply,735,2026-01-06T14:15:00+00:00,4473.31,4471.8,True,False,60.0,B
129,demand,737,2026-01-06T14:25:00+00:00,4468.46,4465.01,False,False,70.0,B+
130,supply,743,2026-01-06T14:55:00+00:00,4489.76,4486.1,False,False,50.0,C+
131,supply,746,2026-01-06T15:10:00+00:00,4487.59,4487.15,True,False,60.0,B
132,demand,748,2026-01-06T15:20:00+00:00,4479.02,4473.94,False,False,70.0,B+
133,demand,751,2026-01-06T15:35:00+00:00,4472.52,4463.07,False,False,70.0,B+
134,supply,756,2026-01-06T16:00:00+00:00,4483.13,4476.91,False,False,50.0,C+
135,demand,758,2026-01-06T16:10:00+00:00,4474.36,4473.08,True,False,80.0,A
136,demand,766,2026-01-06T16:50:00+00:00,4487.75,4484.33,False,False,70.0,B+
137,demand,770,2026-01-06T17:10:00+00:00,4489.12,4486.38,False,False,65.0,B
138,supply,775,2026-01-06T17:35:00+00:00,4489.85,4488.94,True,False,55.0,C+
139,supply,779,2026-01-06T17:55:00+00:00,4491.43,4488.51,False,False,45.0,C
140,demand,781,2026-01-06T18:05:00+00:00,4489.48,4487.62,False,False,65.0,B
141,supply,783,2026-01-06T18:15:00+00:00,4494.12,4490.37,False,False,45.0,C
142,demand,787,2026-01-06T18:35:00+00:00,4486.18,4483.53,False,False,65.0,B
143,supply,792,2026-01-06T19:00:00+00:00,4489.46,4488.52,True,False,55.0,C+
144,supply,797,2026-01-06T19:25:00+00:00,4483.64,4482.39,True,False,55.0,C+
145,demand,803,2026-01-06T19:55:00+00:00,4482.59,4480.27,False,False,65.0,B
146,demand,806,2026-01-06T20:10:00+00:00,4483.81,4483.0,True,False,75.0,B+
147,supply,808,2026-01-06T20:20:00+00:00,4487.56,4486.14,False,False,45.0,C
148,demand,811,2026-01-06T20:35:00+00:00,4485.32,4483.99,True,False,75.0,B+
149,demand,819,2026-01-06T21:15:00+00:00,4493.49,4491.92,False,False,65.0,B
150,demand,925,2026-01-07T07:00:00+00:00,4444.16,4441.71,True,False,60.0,B
151,demand,937,2026-01-07T08:00:00+00:00,4461.09,4460.5,True,False,60.0,B
152,demand,943,2026-01-07T08:30:00+00:00,4465.13,4464.11,True,False,80.0,A
153,supply,947,2026-01-07T08:50:00+00:00,4470.61,4467.67,False,False,70.0,B+
154,demand,951,2026-01-07T09:10:00+00:00,4461.34,4461.32,True,False,60.0,B
155,supply,953,2026-01-07T09:20:00+00:00,4466.61,4466.61,True,False,70.0,B+
156,supply,956,2026-01-07T09:35:00+00:00,4464.49,4462.36,False,False,70.0,B+
157,demand,963,2026-01-07T10:10:00+00:00,4465.11,4462.29,False,False,50.0,C+
158,supply,965,2026-01-07T10:20:00+00:00,4465.45,4465.01,True,False,80.0,A
159,demand,967,2026-01-07T10:30:00+00:00,4464.59,4458.91,False,False,50.0,C+
160,supply,971,2026-01-07T10:50:00+00:00,4467.11,4466.38,True,False,80.0,A
161,supply,977,2026-01-07T11:20:00+00:00,4462.93,4462.93,True,False,65.0,B
162,supply,986,2026-01-07T12:05:00+00:00,4449.2,4448.35,True,False,75.0,B+
163,demand,989,2026-01-07T12:20:00+00:00,4447.78,4439.29,False,False,45.0,C
164,supply,992,2026-01-07T12:35:00+00:00,4455.07,4451.42,False,False,65.0,B
165,demand,999,2026-01-07T13:10:00+00:00,4436.15,4427.83,False,False,50.0,C+
166,demand,1003,2026-01-07T13:30:00+00:00,4446.8,4441.01,False,False,50.0,C+
167,supply,1009,2026-01-07T14:00:00+00:00,4454.22,4449.85,False,False,70.0,B+
168,supply,1013,2026-01-07T14:20:00+00:00,4449.88,4449.87,True,False,80.0,A
169,supply,1020,2026-01-07T14:55:00+00:00,4453.07,4444.76,False,False,70.0,B+
170,supply,1023,2026-01-07T15:10:00+00:00,4442.54,4441.49,True,False,80.0,A
171,demand,1025,2026-01-07T15:20:00+00:00,4424.67,4424.62,True,False,60.0,B
172,supply,1028,2026-01-07T15:35:00+00:00,4452.25,4445.45,False,False,70.0,B+
173,demand,1032,2026-01-07T15:55:00+00:00,4446.2,4441.72,False,False,50.0,C+
174,demand,1036,2026-01-07T16:15:00+00:00,4448.13,4444.63,False,False,70.0,B+
175,supply,1042,2026-01-07T16:45:00+00:00,4468.31,4463.85,False,False,55.0,C+
176,supply,1049,2026-01-07T17:20:00+00:00,4461.89,4459.58,False,False,45.0,C
177,supply,1052,2026-01-07T17:35:00+00:00,4460.58,4459.49,True,False,75.0,B+
178,supply,1055,2026-01-07T17:50:00+00:00,4457.03,4457.03,True,False,65.0,B
179,demand,1060,2026-01-07T18:15:00+00:00,4450.97,4447.22,False,False,45.0,C
180,supply,1065,2026-01-07T18:40:00+00:00,4458.6,4455.65,False,False,65.0,B
181,supply,1070,2026-01-07T19:05:00+00:00,4455.23,4454.99,True,False,75.0,B+
182,demand,1073,2026-01-07T19:20:00+00:00,4449.08,4447.38,False,False,45.0,C
183,supply,1076,2026-01-07T19:35:00+00:00,4457.07,4454.37,False,False,65.0,B
184,demand,1083,2026-01-07T20:10:00+00:00,4459.4,4455.39,False,False,65.0,B
185,supply,1085,2026-01-07T20:20:00+00:00,4461.18,4458.76,False,False,45.0,C
186,demand,1089,2026-01-07T20:40:00+00:00,4456.77,4456.74,True,False,75.0,B+
187,supply,1096,2026-01-07T21:15:00+00:00,4454.49,4453.47,False,False,65.0,B
188,demand,1099,2026-01-07T21:30:00+00:00,4452.51,4452.26,True,False,55.0,C+
189,supply,1101,2026-01-07T21:40:00+00:00,4454.43,4453.06,False,False,65.0,B
190,supply,1200,2026-01-08T06:55:00+00:00,4435.97,4433.1,False,False,65.0,B
191,supply,1203,2026-01-08T07:10:00+00:00,4439.65,4435.65,False,False,70.0,B+
192,supply,1207,2026-01-08T07:30:00+00:00,4436.74,4432.19,False,False,70.0,B+
193,supply,1212,2026-01-08T07:55:00+00:00,4433.89,4430.8,False,False,70.0,B+
194,supply,1217,2026-01-08T08:20:00+00:00,4430.61,4427.13,False,False,70.0,B+
195,demand,1221,2026-01-08T08:40:00+00:00,4423.9,4419.93,False,False,50.0,C+
196,supply,1227,2026-01-08T09:10:00+00:00,4434.98,4432.92,True,False,80.0,A
197,demand,1229,2026-01-08T09:20:00+00:00,4429.21,4426.02,False,False,50.0,C+
198,supply,1237,2026-01-08T10:00:00+00:00,4432.68,4432.62,True,False,80.0,A
199,demand,1243,2026-01-08T10:30:00+00:00,4424.62,4423.66,True,False,60.0,B
200,supply,1249,2026-01-08T11:00:00+00:00,4433.24,4430.96,False,False,65.0,B
201,supply,1257,2026-01-08T11:40:00+00:00,4428.1,4426.21,False,False,65.0,B
202,demand,1264,2026-01-08T12:15:00+00:00,4414.35,4407.7,False,False,45.0,C
203,supply,1273,2026-01-08T13:00:00+00:00,4429.72,4427.7,True,False,80.0,A
204,demand,1275,2026-01-08T13:10:00+00:00,4420.86,4417.36,False,False,50.0,C+
205,demand,1280,2026-01-08T13:35:00+00:00,4431.96,4427.01,False,False,50.0,C+
206,supply,1286,2026-01-08T14:05:00+00:00,4427.04,4424.4,True,False,80.0,A
207,demand,1288,2026-01-08T14:15:00+00:00,4427.84,4419.46,False,False,50.0,C+
208,supply,1292,2026-01-08T14:35:00+00:00,4435.48,4429.18,False,False,70.0,B+
209,demand,1297,2026-01-08T15:00:00+00:00,4434.58,4427.88,False,False,70.0,B+
210,demand,1301,2026-01-08T15:20:00+00:00,4450.91,4443.93,False,False,70.0,B+
211,demand,1305,2026-01-08T15:40:00+00:00,4450.09,4450.07,True,False,80.0,A
212,supply,1309,2026-01-08T16:00:00+00:00,4457.9,4452.45,False,False,50.0,C+
213,demand,1312,2026-01-08T16:15:00+00:00,4452.09,4446.96,False,False,70.0,B+
214,supply,1317,2026-01-08T16:40:00+00:00,4464.58,4459.87,False,False,50.0,C+
215,supply,1321,2026-01-08T17:00:00+00:00,4465.41,4463.26,True,False,55.0,C+
216,demand,1323,2026-01-08T17:10:00+00:00,4461.84,4458.58,False,False,65.0,B
217,supply,1329,2026-01-08T17:40:00+00:00,4462.65,4461.0,False,False,45.0,C
218,supply,1333,2026-01-08T18:00:00+00:00,4463.45,4463.45,True,False,45.0,C
219,supply,1338,2026-01-08T18:25:00+00:00,4456.55,4454.8,True,False,55.0,C+
220,demand,1341,2026-01-08T18:40:00+00:00,4449.43,4449.11,True,False,75.0,B+
221,supply,1343,2026-01-08T18:50:00+00:00,4453.79,4453.5,True,False,55.0,C+
222,demand,1347,2026-01-08T19:10:00+00:00,4449.13,4447.01,False,False,65.0,B
223,demand,1351,2026-01-08T19:30:00+00:00,4447.77,4447.59,True,False,75.0,B+
224,demand,1355,2026-01-08T19:50:00+00:00,4451.95,4449.69,False,False,65.0,B
225,demand,1359,2026-01-08T20:10:00+00:00,4457.01,4457.01,True,False,65.0,B
226,supply,1364,2026-01-08T20:35:00+00:00,4478.13,4473.11,False,False,45.0,C
227,demand,1368,2026-01-08T20:55:00+00:00,4477.6,4473.64,False,False,65.0,B
228,supply,1371,2026-01-08T21:10:00+00:00,4479.46,4477.26,False,False,45.0,C
229,demand,1373,2026-01-08T21:20:00+00:00,4475.54,4472.72,False,False,65.0,B
230,supply,1375,2026-01-08T21:30:00+00:00,4475.78,4473.11,False,False,45.0,C
231,demand,1377,2026-01-08T21:40:00+00:00,4473.16,4472.73,True,False,75.0,B+
232,demand,1477,2026-01-09T07:00:00+00:00,4474.13,4471.31,True,False,80.0,A
233,supply,1481,2026-01-09T07:20:00+00:00,4473.01,4472.61,True,False,60.0,B
234,supply,1488,2026-01-09T07:55:00+00:00,4472.41,4472.14,True,False,60.0,B
235,demand,1490,2026-01-09T08:05:00+00:00,4469.35,4469.14,True,False,80.0,A
236,supply,1494,2026-01-09T08:25:00+00:00,4475.21,4473.98,True,False,60.0,B
237,demand,1497,2026-01-09T08:40:00+00:00,4468.26,4465.6,False,False,70.0,B+
238,supply,1505,2026-01-09T09:20:00+00:00,4477.6,4474.63,False,False,50.0,C+
239,supply,1517,2026-01-09T10:20:00+00:00,4473.86,4473.72,True,False,60.0,B
240,supply,1520,2026-01-09T10:35:00+00:00,4471.17,4469.13,False,False,50.0,C+
241,demand,1523,2026-01-09T10:50:00+00:00,4468.62,4468.05,True,False,80.0,A
242,demand,1527,2026-01-09T11:10:00+00:00,4472.11,4470.11,False,False,65.0,B
243,demand,1531,2026-01-09T11:30:00+00:00,4471.31,4469.27,False,False,65.0,B
244,demand,1534,2026-01-09T11:45:00+00:00,4470.67,4468.75,True,False,75.0,B+
245,supply,1539,2026-01-09T12:10:00+00:00,4477.6,4477.6,True,False,45.0,C
246,demand,1544,2026-01-09T12:35:00+00:00,4466.44,4463.15,False,False,45.0,C
247,demand,1548,2026-01-09T12:55:00+00:00,4464.26,4463.76,True,False,75.0,B+
248,supply,1551,2026-01-09T13:10:00+00:00,4471.68,4469.84,True,False,80.0,A
249,demand,1553,2026-01-09T13:20:00+00:00,4463.74,4462.27,True,False,80.0,A
250,supply,1557,2026-01-09T13:40:00+00:00,4491.89,4483.63,False,False,50.0,C+
251,demand,1561,2026-01-09T14:00:00+00:00,4482.73,4481.36,True,False,80.0,A
252,demand,1565,2026-01-09T14:20:00+00:00,4487.05,4486.99,True,False,80.0,A
253,supply,1569,2026-01-09T14:40:00+00:00,4498.02,4495.93,True,False,60.0,B
254,demand,1576,2026-01-09T15:15:00+00:00,4499.45,4493.48,False,False,70.0,B+
255,demand,1579,2026-01-09T15:30:00+00:00,4505.45,4505.36,True,False,80.0,A
256,supply,1581,2026-01-09T15:40:00+00:00,4517.15,4513.17,False,False,50.0,C+
257,supply,1585,2026-01-09T16:00:00+00:00,4514.32,4511.12,False,False,50.0,C+
258,demand,1597,2026-01-09T17:00:00+00:00,4506.47,4504.52,True,False,75.0,B+
259,supply,1600,2026-01-09T17:15:00+00:00,4508.87,4508.87,True,False,45.0,C
260,supply,1604,2026-01-09T17:35:00+00:00,4508.19,4505.25,False,False,45.0,C
261,demand,1609,2026-01-09T18:00:00+00:00,4488.18,4483.09,False,False,65.0,B
262,demand,1615,2026-01-09T18:30:00+00:00,4491.43,4491.19,True,False,75.0,B+
263,supply,1617,2026-01-09T18:40:00+00:00,4504.53,4501.45,False,False,45.0,C
264,demand,1622,2026-01-09T19:05:00+00:00,4495.4,4492.78,False,False,65.0,B
265,supply,1626,2026-01-09T19:25:00+00:00,4501.62,4498.21,False,False,45.0,C
266,demand,1635,2026-01-09T20:10:00+00:00,4500.62,4500.3,True,False,75.0,B+
267,supply,1637,2026-01-09T20:20:00+00:00,4508.71,4508.38,True,False,55.0,C+
268,supply,1645,2026-01-09T21:00:00+00:00,4508.64,4507.6,True,False,55.0,C+
269,demand,1647,2026-01-09T21:10:00+00:00,4505.32,4505.27,True,False,75.0,B+
270,supply,1649,2026-01-09T21:20:00+00:00,4510.43,4509.34,False,False,45.0,C
271,demand,1653,2026-01-09T21:40:00+00:00,4507.56,4506.09,True,False,75.0,B+
272,supply,1752,2026-01-12T06:55:00+00:00,4579.37,4577.68,False,False,45.0,C
273,demand,1754,2026-01-12T07:05:00+00:00,4576.45,4575.57,True,False,80.0,A
274,supply,1757,2026-01-12T07:20:00+00:00,4587.56,4584.02,False,False,50.0,C+
275,supply,1765,2026-01-12T08:00:00+00:00,4589.46,4587.7,True,False,60.0,B
276,demand,1770,2026-01-12T08:25:00+00:00,4582.61,4581.35,True,False,80.0,A
277,demand,1778,2026-01-12T09:05:00+00:00,4595.99,4593.5,False,False,70.0,B+
278,supply,1782,2026-01-12T09:25:00+00:00,4599.33,4595.73,False,False,50.0,C+
279,demand,1793,2026-01-12T10:20:00+00:00,4591.73,4588.87,False,False,70.0,B+
280,supply,1801,2026-01-12T11:00:00+00:00,4594.91,4594.29,True,False,55.0,C+
281,demand,1807,2026-01-12T11:30:00+00:00,4587.47,4584.4,False,False,65.0,B
282,supply,1810,2026-01-12T11:45:00+00:00,4592.09,4592.01,True,False,55.0,C+
283,demand,1817,2026-01-12T12:20:00+00:00,4582.42,4578.5,False,False,65.0,B
284,demand,1831,2026-01-12T13:30:00+00:00,4609.26,4604.91,False,False,70.0,B+
285,supply,1836,2026-01-12T13:55:00+00:00,4620.32,4615.77,False,False,50.0,C+
286,demand,1840,2026-01-12T14:15:00+00:00,4598.66,4590.68,False,False,70.0,B+
287,demand,1843,2026-01-12T14:30:00+00:00,4586.66,4585.46,True,False,80.0,A
288,supply,1845,2026-01-12T14:40:00+00:00,4610.93,4601.8,False,False,50.0,C+
289,demand,1849,2026-01-12T15:00:00+00:00,4602.15,4601.88,True,False,80.0,A
290,demand,1853,2026-01-12T15:20:00+00:00,4618.57,4610.43,False,False,70.0,B+
291,supply,1857,2026-01-12T15:40:00+00:00,4627.43,4626.59,True,False,60.0,B
292,demand,1860,2026-01-12T15:55:00+00:00,4622.73,4618.05,False,False,70.0,B+
293,supply,1864,2026-01-12T16:15:00+00:00,4630.18,4626.76,False,False,50.0,C+
294,supply,1868,2026-01-12T16:35:00+00:00,4623.17,4621.48,True,False,60.0,B
295,supply,1873,2026-01-12T17:00:00+00:00,4618.48,4615.77,False,False,45.0,C
296,demand,1875,2026-01-12T17:10:00+00:00,4616.96,4614.0,False,False,65.0,B
297,supply,1883,2026-01-12T17:50:00+00:00,4620.52,4616.75,False,False,45.0,C
298,demand,1889,2026-01-12T18:20:00+00:00,4607.91,4601.8,False,False,65.0,B
299,demand,1898,2026-01-12T19:05:00+00:00,4609.06,4608.73,True,False,75.0,B+
300,demand,1904,2026-01-12T19:35:00+00:00,4617.31,4615.3,False,False,65.0,B
301,supply,1906,2026-01-12T19:45:00+00:00,4616.89,4616.39,True,False,55.0,C+
302,supply,1916,2026-01-12T20:35:00+00:00,4604.71,4601.31,False,False,65.0,B
303,supply,1920,2026-01-12T20:55:00+00:00,4599.3,4598.2,True,False,75.0,B+
304,demand,1924,2026-01-12T21:15:00+00:00,4593.93,4591.05,False,False,65.0,B
305,supply,1928,2026-01-12T21:35:00+00:00,4594.3,4594.25,True,False,75.0,B+
306,demand,2030,2026-01-13T07:05:00+00:00,4581.61,4581.6,True,False,60.0,B
307,supply,2032,2026-01-13T07:15:00+00:00,4584.89,4584.75,True,False,80.0,A
308,demand,2034,2026-01-13T07:25:00+00:00,4581.09,4580.99,True,False,60.0,B
309,supply,2036,2026-01-13T07:35:00+00:00,4586.18,4585.31,True,False,80.0,A
310,demand,2040,2026-01-13T07:55:00+00:00,4577.69,4577.49,True,False,60.0,B
311,demand,2045,2026-01-13T08:20:00+00:00,4587.23,4586.64,True,False,60.0,B
312,supply,2051,2026-01-13T08:50:00+00:00,4594.35,4592.72,False,False,50.0,C+
313,supply,2055,2026-01-13T09:10:00+00:00,4595.06,4593.74,False,False,50.0,C+
314,demand,2059,2026-01-13T09:30:00+00:00,4589.19,4588.37,True,False,60.0,B
315,supply,2067,2026-01-13T10:10:00+00:00,4584.17,4583.6,True,False,80.0,A
316,demand,2069,2026-01-13T10:20:00+00:00,4583.53,4582.97,True,False,60.0,B
317,demand,2072,2026-01-13T10:35:00+00:00,4583.28,4581.84,True,False,60.0,B
318,supply,2077,2026-01-13T11:00:00+00:00,4588.89,4586.14,False,False,65.0,B
319,demand,2081,2026-01-13T11:20:00+00:00,4584.4,4584.34,True,False,55.0,C+
320,supply,2083,2026-01-13T11:30:00+00:00,4586.98,4585.41,False,False,65.0,B
321,supply,2089,2026-01-13T12:00:00+00:00,4589.2,4587.3,False,False,65.0,B
322,demand,2096,2026-01-13T12:35:00+00:00,4580.17,4579.95,True,False,55.0,C+
323,demand,2107,2026-01-13T13:30:00+00:00,4601.05,4601.03,True,False,80.0,A
324,supply,2110,2026-01-13T13:45:00+00:00,4620.88,4614.95,False,False,55.0,C+
325,demand,2114,2026-01-13T14:05:00+00:00,4611.38,4610.69,True,False,80.0,A
326,supply,2118,2026-01-13T14:25:00+00:00,4622.8,4618.08,False,False,50.0,C+
327,demand,2120,2026-01-13T14:35:00+00:00,4620.71,4613.19,False,False,70.0,B+
328,demand,2126,2026-01-13T15:05:00+00:00,4622.6,4616.97,False,False,70.0,B+
329,supply,2128,2026-01-13T15:15:00+00:00,4623.42,4621.46,True,False,60.0,B
330,demand,2130,2026-01-13T15:25:00+00:00,4604.15,4603.39,True,False,80.0,A
331,demand,2133,2026-01-13T15:40:00+00:00,4609.3,4606.4,True,False,80.0,A
332,supply,2137,2026-01-13T16:00:00+00:00,4620.78,4619.12,True,False,60.0,B
333,supply,2140,2026-01-13T16:15:00+00:00,4612.88,4612.42,True,False,60.0,B
334,demand,2143,2026-01-13T16:30:00+00:00,4598.6,4596.78,True,False,80.0,A
335,supply,2150,2026-01-13T17:05:00+00:00,4614.79,4613.43,True,False,55.0,C+
336,demand,2152,2026-01-13T17:15:00+00:00,4610.84,4606.41,False,False,65.0,B
337,supply,2156,2026-01-13T17:35:00+00:00,4612.01,4607.84,False,False,45.0,C
338,demand,2162,2026-01-13T18:05:00+00:00,4588.67,4586.75,True,False,55.0,C+
339,demand,2165,2026-01-13T18:20:00+00:00,4589.25,4581.19,False,False,45.0,C
340,supply,2170,2026-01-13T18:45:00+00:00,4601.95,4599.61,False,False,70.0,B+
341,demand,2174,2026-01-13T19:05:00+00:00,4587.47,4586.3,True,False,55.0,C+
342,demand,2177,2026-01-13T19:20:00+00:00,4593.35,4591.04,False,False,45.0,C
343,supply,2181,2026-01-13T19:40:00+00:00,4598.81,4593.79,False,False,65.0,B
344,supply,2185,2026-01-13T20:00:00+00:00,4597.77,4597.5,True,False,75.0,B+
345,demand,2187,2026-01-13T20:10:00+00:00,4592.18,4591.75,True,False,55.0,C+
346,supply,2189,2026-01-13T20:20:00+00:00,4595.22,4591.42,False,False,65.0,B
347,demand,2192,2026-01-13T20:35:00+00:00,4579.53,4569.66,False,False,45.0,C
348,supply,2198,2026-01-13T21:05:00+00:00,4588.4,4586.09,False,False,65.0,B
349,demand,2200,2026-01-13T21:15:00+00:00,4586.88,4582.78,False,False,45.0,C
350,demand,2204,2026-01-13T21:35:00+00:00,4587.17,4585.63,True,False,55.0,C+
351,supply,2305,2026-01-14T07:00:00+00:00,4638.35,4637.2,True,False,60.0,B
352,demand,2307,2026-01-14T07:10:00+00:00,4634.35,4631.57,False,False,70.0,B+
353,supply,2310,2026-01-14T07:25:00+00:00,4639.56,4636.64,False,False,50.0,C+
354,supply,2313,2026-01-14T07:40:00+00:00,4638.42,4636.71,True,False,60.0,B
355,demand,2323,2026-01-14T08:30:00+00:00,4625.07,4624.48,True,False,80.0,A
356,demand,2330,2026-01-14T09:05:00+00:00,4634.44,4634.41,True,False,80.0,A
357,supply,2335,2026-01-14T09:30:00+00:00,4637.73,4637.47,True,False,60.0,B
358,demand,2340,2026-01-14T09:55:00+00:00,4631.0,4627.91,False,False,70.0,B+
359,demand,2343,2026-01-14T10:10:00+00:00,4631.99,4628.16,False,False,70.0,B+
360,demand,2346,2026-01-14T10:25:00+00:00,4632.73,4632.65,True,False,80.0,A
361,supply,2349,2026-01-14T10:40:00+00:00,4638.2,4635.77,False,False,50.0,C+
362,supply,2358,2026-01-14T11:25:00+00:00,4636.53,4635.18,True,False,55.0,C+
363,demand,2360,2026-01-14T11:35:00+00:00,4630.84,4627.76,False,False,65.0,B
364,demand,2364,2026-01-14T11:55:00+00:00,4629.1,4627.56,True,False,75.0,B+
365,demand,2368,2026-01-14T12:15:00+00:00,4636.73,4634.0,False,False,65.0,B
366,supply,2370,2026-01-14T12:25:00+00:00,4638.96,4635.59,False,False,45.0,C
367,supply,2377,2026-01-14T13:00:00+00:00,4641.55,4638.74,True,False,60.0,B
368,demand,2380,2026-01-14T13:15:00+00:00,4631.83,4627.65,False,False,70.0,B+
369,supply,2382,2026-01-14T13:25:00+00:00,4635.01,4627.96,False,False,50.0,C+
370,demand,2384,2026-01-14T13:35:00+00:00,4633.08,4625.13,False,False,70.0,B+
371,demand,2387,2026-01-14T13:50:00+00:00,4635.95,4629.38,False,False,70.0,B+
372,demand,2391,2026-01-14T14:10:00+00:00,4635.1,4630.49,False,False,70.0,B+
373,supply,2394,2026-01-14T14:25:00+00:00,4636.18,4636.18,True,False,50.0,C+
374,supply,2401,2026-01-14T15:00:00+00:00,4617.61,4617.61,True,False,70.0,B+
375,demand,2403,2026-01-14T15:10:00+00:00,4604.91,4603.57,True,False,60.0,B
376,supply,2406,2026-01-14T15:25:00+00:00,4624.87,4623.55,True,False,80.0,A
377,demand,2410,2026-01-14T15:45:00+00:00,4617.46,4611.91,False,False,55.0,C+
378,demand,2415,2026-01-14T16:10:00+00:00,4619.76,4615.0,False,False,50.0,C+
379,supply,2418,2026-01-14T16:25:00+00:00,4624.82,4622.54,True,False,80.0,A
380,supply,2425,2026-01-14T17:00:00+00:00,4619.04,4615.47,False,False,65.0,B
381,supply,2428,2026-01-14T17:15:00+00:00,4615.76,4615.67,True,False,75.0,B+
382,demand,2434,2026-01-14T17:45:00+00:00,4604.37,4604.04,True,False,55.0,C+
383,demand,2439,2026-01-14T18:10:00+00:00,4620.9,4620.31,True,False,75.0,B+
384,demand,2442,2026-01-14T18:25:00+00:00,4626.76,4625.63,True,False,75.0,B+
385,demand,2445,2026-01-14T18:40:00+00:00,4628.8,4628.78,True,False,75.0,B+
386,demand,2451,2026-01-14T19:10:00+00:00,4637.26,4633.38,False,False,65.0,B
387,demand,2455,2026-01-14T19:30:00+00:00,4638.04,4634.66,False,False,65.0,B
388,supply,2465,2026-01-14T20:20:00+00:00,4637.14,4631.28,False,False,45.0,C
389,supply,2473,2026-01-14T21:00:00+00:00,4633.01,4632.51,True,False,55.0,C+
390,supply,2477,2026-01-14T21:20:00+00:00,4626.88,4624.11,False,False,65.0,B
391,supply,2581,2026-01-15T07:00:00+00:00,4611.0,4610.21,True,False,80.0,A
392,demand,2583,2026-01-15T07:10:00+00:00,4608.86,4607.47,True,False,80.0,A
393,supply,2587,2026-01-15T07:30:00+00:00,4611.21,4610.2,True,False,80.0,A
394,supply,2590,2026-01-15T07:45:00+00:00,4604.42,4604.08,True,False,80.0,A
395,demand,2594,2026-01-15T08:05:00+00:00,4603.96,4598.27,False,False,50.0,C+
396,supply,2597,2026-01-15T08:20:00+00:00,4606.28,4605.88,True,False,80.0,A
397,demand,2599,2026-01-15T08:30:00+00:00,4602.11,4599.2,True,False,60.0,B
398,supply,2605,2026-01-15T09:00:00+00:00,4604.78,4601.25,False,False,70.0,B+
399,supply,2608,2026-01-15T09:15:00+00:00,4604.37,4601.85,False,False,70.0,B+
400,demand,2610,2026-01-15T09:25:00+00:00,4602.61,4602.54,True,False,60.0,B
401,demand,2618,2026-01-15T10:05:00+00:00,4609.78,4609.37,True,False,80.0,A
402,demand,2623,2026-01-15T10:30:00+00:00,4613.76,4610.61,False,False,70.0,B+
403,demand,2633,2026-01-15T11:20:00+00:00,4617.52,4617.5,True,False,75.0,B+
404,supply,2637,2026-01-15T11:40:00+00:00,4621.77,4621.77,True,False,45.0,C
405,supply,2641,2026-01-15T12:00:00+00:00,4620.78,4618.23,False,False,45.0,C
406,demand,2645,2026-01-15T12:20:00+00:00,4614.44,4614.31,True,False,75.0,B+
407,supply,2649,2026-01-15T12:40:00+00:00,4618.55,4616.4,False,False,45.0,C
408,supply,2655,2026-01-15T13:10:00+00:00,4614.24,4610.83,False,False,70.0,B+
409,supply,2658,2026-01-15T13:25:00+00:00,4609.74,4607.4,True,False,80.0,A
410,demand,2665,2026-01-15T14:00:00+00:00,4588.21,4583.47,True,False,60.0,B
411,demand,2671,2026-01-15T14:30:00+00:00,4602.65,4601.59,True,False,60.0,B
412,supply,2676,2026-01-15T14:55:00+00:00,4615.06,4608.79,False,False,70.0,B+
413,demand,2679,2026-01-15T15:10:00+00:00,4608.68,4607.14,True,False,80.0,A
414,supply,2683,2026-01-15T15:30:00+00:00,4617.53,4616.51,True,False,60.0,B
415,supply,2688,2026-01-15T15:55:00+00:00,4616.41,4613.8,False,False,50.0,C+
416,demand,2690,2026-01-15T16:05:00+00:00,4610.21,4608.68,True,False,80.0,A
417,supply,2692,2026-01-15T16:15:00+00:00,4624.93,4620.52,False,False,50.0,C+
418,demand,2700,2026-01-15T16:55:00+00:00,4602.27,4601.83,True,False,60.0,B
419,demand,2707,2026-01-15T17:30:00+00:00,4610.88,4610.3,True,False,75.0,B+
420,demand,2712,2026-01-15T17:55:00+00:00,4614.04,4613.65,True,False,75.0,B+
421,supply,2714,2026-01-15T18:05:00+00:00,4619.74,4619.03,True,False,55.0,C+
422,demand,2716,2026-01-15T18:15:00+00:00,4617.86,4617.31,True,False,75.0,B+
423,supply,2718,2026-01-15T18:25:00+00:00,4621.08,4619.62,True,False,55.0,C+
424,demand,2724,2026-01-15T18:55:00+00:00,4617.61,4616.0,False,False,65.0,B
425,demand,2728,2026-01-15T19:15:00+00:00,4619.84,4617.59,False,False,65.0,B
426,supply,2730,2026-01-15T19:25:00+00:00,4620.61,4619.57,True,False,55.0,C+
427,supply,2736,2026-01-15T19:55:00+00:00,4616.31,4615.97,True,False,55.0,C+
428,demand,2741,2026-01-15T20:20:00+00:00,4605.9,4601.28,False,False,45.0,C
429,demand,2748,2026-01-15T20:55:00+00:00,4607.0,4603.4,False,False,45.0,C
430,demand,2855,2026-01-16T06:45:00+00:00,4598.9,4594.05,False,False,50.0,C+
431,supply,2861,2026-01-16T07:15:00+00:00,4610.14,4607.38,False,False,50.0,C+
432,demand,2863,2026-01-16T07:25:00+00:00,4606.93,4605.01,False,False,70.0,B+
433,supply,2871,2026-01-16T08:05:00+00:00,4609.05,4608.36,True,False,80.0,A
434,demand,2873,2026-01-16T08:15:00+00:00,4607.76,4604.74,False,False,70.0,B+
435,supply,2875,2026-01-16T08:25:00+00:00,4610.57,4607.17,False,False,50.0,C+
436,demand,2882,2026-01-16T09:00:00+00:00,4604.95,4602.32,False,False,70.0,B+
437,supply,2884,2026-01-16T09:10:00+00:00,4606.3,4605.93,True,False,80.0,A
438,demand,2889,2026-01-16T09:35:00+00:00,4600.78,4599.15,False,False,50.0,C+
439,demand,2896,2026-01-16T10:10:00+00:00,4604.33,4604.32,True,False,80.0,A
440,supply,2901,2026-01-16T10:35:00+00:00,4608.94,4607.65,False,False,50.0,C+
441,demand,2906,2026-01-16T11:00:00+00:00,4602.63,4598.57,False,False,45.0,C
442,supply,2917,2026-01-16T11:55:00+00:00,4614.67,4613.79,True,False,55.0,C+
443,demand,2919,2026-01-16T12:05:00+00:00,4612.31,4609.3,False,False,65.0,B
444,supply,2930,2026-01-16T13:00:00+00:00,4605.61,4601.83,True,False,80.0,A
445,demand,2938,2026-01-16T13:40:00+00:00,4591.86,4590.94,True,False,60.0,B
446,demand,2941,2026-01-16T13:55:00+00:00,4598.54,4598.44,True,False,60.0,B
447,supply,2945,2026-01-16T14:15:00+00:00,4609.4,4604.5,False,False,70.0,B+
448,demand,2950,2026-01-16T14:40:00+00:00,4610.53,4604.75,False,False,70.0,B+
449,demand,2954,2026-01-16T15:00:00+00:00,4607.8,4607.63,True,False,80.0,A
450,supply,2956,2026-01-16T15:10:00+00:00,4619.03,4615.04,False,False,70.0,B+
451,demand,2961,2026-01-16T15:35:00+00:00,4555.73,4538.41,False,False,50.0,C+
452,demand,2965,2026-01-16T15:55:00+00:00,4570.42,4567.09,True,False,60.0,B
453,demand,2970,2026-01-16T16:20:00+00:00,4590.49,4586.78,True,False,60.0,B
454,demand,2973,2026-01-16T16:35:00+00:00,4589.79,4589.78,True,False,60.0,B
455,demand,2979,2026-01-16T17:05:00+00:00,4588.4,4585.15,True,False,55.0,C+
456,demand,2984,2026-01-16T17:30:00+00:00,4578.57,4577.0,True,False,55.0,C+
457,supply,2991,2026-01-16T18:05:00+00:00,4588.15,4582.79,False,False,65.0,B
458,demand,2993,2026-01-16T18:15:00+00:00,4584.39,4581.77,True,False,55.0,C+
459,supply,3003,2026-01-16T19:05:00+00:00,4588.24,4584.2,False,False,65.0,B
460,demand,3008,2026-01-16T19:30:00+00:00,4584.02,4583.92,True,False,55.0,C+
461,demand,3014,2026-01-16T20:00:00+00:00,4590.56,4588.84,True,False,55.0,C+
462,supply,3016,2026-01-16T20:10:00+00:00,4594.74,4594.74,True,False,65.0,B
463,demand,3026,2026-01-16T21:00:00+00:00,4584.93,4581.94,False,False,45.0,C
464,supply,3030,2026-01-16T21:20:00+00:00,4598.15,4593.2,False,False,65.0,B
465,supply,3134,2026-01-19T07:00:00+00:00,4678.33,4678.0,True,False,60.0,B
466,demand,3138,2026-01-19T07:20:00+00:00,4665.86,4663.77,False,False,70.0,B+
467,supply,3140,2026-01-19T07:30:00+00:00,4669.59,4666.17,False,False,50.0,C+
468,demand,3145,2026-01-19T07:55:00+00:00,4664.12,4661.87,True,False,80.0,A
469,supply,3148,2026-01-19T08:10:00+00:00,4673.91,4669.22,False,False,50.0,C+
470,supply,3151,2026-01-19T08:25:00+00:00,4671.07,4668.14,False,False,50.0,C+
471,demand,3158,2026-01-19T09:00:00+00:00,4663.61,4662.09,True,False,80.0,A
472,supply,3162,2026-01-19T09:20:00+00:00,4672.9,4671.48,True,False,60.0,B
473,demand,3166,2026-01-19T09:40:00+00:00,4669.85,4667.29,False,False,70.0,B+
474,supply,3168,2026-01-19T09:50:00+00:00,4669.88,4669.68,True,False,60.0,B
475,demand,3171,2026-01-19T10:05:00+00:00,4667.4,4667.34,True,False,80.0,A
476,supply,3177,2026-01-19T10:35:00+00:00,4667.0,4664.6,False,False,50.0,C+
477,supply,3181,2026-01-19T10:55:00+00:00,4666.93,4666.59,True,False,60.0,B
478,supply,3184,2026-01-19T11:10:00+00:00,4666.58,4664.28,False,False,45.0,C
479,demand,3186,2026-01-19T11:20:00+00:00,4663.92,4662.39,False,False,65.0,B
480,supply,3188,2026-01-19T11:30:00+00:00,4667.53,4664.83,False,False,45.0,C
481,demand,3194,2026-01-19T12:00:00+00:00,4663.51,4660.16,False,False,65.0,B
482,demand,3209,2026-01-19T13:15:00+00:00,4671.68,4669.9,False,False,70.0,B+
483,supply,3212,2026-01-19T13:30:00+00:00,4673.7,4670.41,False,False,50.0,C+
484,supply,3216,2026-01-19T13:50:00+00:00,4668.46,4668.39,True,False,60.0,B
485,demand,3220,2026-01-19T14:10:00+00:00,4665.07,4661.62,False,False,70.0,B+
486,supply,3224,2026-01-19T14:30:00+00:00,4670.36,4667.22,False,False,50.0,C+
487,demand,3230,2026-01-19T15:00:00+00:00,4666.57,4664.63,True,False,80.0,A
488,supply,3232,2026-01-19T15:10:00+00:00,4669.75,4669.75,True,False,50.0,C+
489,demand,3237,2026-01-19T15:35:00+00:00,4666.51,4665.97,True,False,80.0,A
490,supply,3241,2026-01-19T15:55:00+00:00,4676.1,4673.03,False,False,50.0,C+
491,supply,3247,2026-01-19T16:25:00+00:00,4672.4,4671.19,False,False,50.0,C+
492,demand,3249,2026-01-19T16:35:00+00:00,4670.79,4670.58,True,False,80.0,A
493,supply,3255,2026-01-19T17:05:00+00:00,4672.95,4672.94,True,False,55.0,C+
494,demand,3259,2026-01-19T17:25:00+00:00,4670.02,4669.23,True,False,75.0,B+
495,supply,3265,2026-01-19T17:55:00+00:00,4678.36,4678.03,True,False,55.0,C+
496,demand,3267,2026-01-19T18:05:00+00:00,4675.4,4673.88,False,False,65.0,B
497,supply,3271,2026-01-19T18:25:00+00:00,4679.23,4678.1,False,False,45.0,C
498,demand,3273,2026-01-19T18:35:00+00:00,4677.42,4675.16,False,False,65.0,B
499,supply,3278,2026-01-19T19:00:00+00:00,4676.75,4676.69,True,False,55.0,C+
500,demand,3382,2026-01-20T07:10:00+00:00,4713.85,4713.75,True,False,80.0,A
501,demand,3388,2026-01-20T07:40:00+00:00,4720.77,4718.33,False,False,70.0,B+
502,demand,3392,2026-01-20T08:00:00+00:00,4716.17,4714.97,True,False,80.0,A
503,supply,3394,2026-01-20T08:10:00+00:00,4725.62,4723.01,False,False,50.0,C+
504,demand,3400,2026-01-20T08:40:00+00:00,4719.68,4719.11,True,False,80.0,A
505,supply,3404,2026-01-20T09:00:00+00:00,4730.23,4729.35,True,False,60.0,B
506,demand,3408,2026-01-20T09:20:00+00:00,4722.69,4721.27,True,False,80.0,A
507,demand,3412,2026-01-20T09:40:00+00:00,4733.99,4733.86,True,False,80.0,A
508,demand,3416,2026-01-20T10:00:00+00:00,4734.97,4730.62,False,False,70.0,B+
509,demand,3419,2026-01-20T10:15:00+00:00,4731.29,4730.63,True,False,80.0,A
510,supply,3421,2026-01-20T10:25:00+00:00,4733.17,4732.17,True,False,60.0,B
511,supply,3427,2026-01-20T10:55:00+00:00,4728.12,4726.12,False,False,50.0,C+
512,demand,3430,2026-01-20T11:10:00+00:00,4725.28,4725.2,True,False,75.0,B+
513,supply,3432,2026-01-20T11:20:00+00:00,4729.17,4725.98,False,False,45.0,C
514,demand,3435,2026-01-20T11:35:00+00:00,4725.97,4725.85,True,False,75.0,B+
515,supply,3442,2026-01-20T12:10:00+00:00,4731.62,4728.81,False,False,45.0,C
516,demand,3448,2026-01-20T12:40:00+00:00,4725.77,4724.76,True,False,75.0,B+
517,supply,3451,2026-01-20T12:55:00+00:00,4729.35,4727.57,False,False,45.0,C
518,demand,3454,2026-01-20T13:10:00+00:00,4723.17,4722.3,True,False,80.0,A
519,supply,3456,2026-01-20T13:20:00+00:00,4726.04,4725.15,True,False,60.0,B
520,demand,3460,2026-01-20T13:40:00+00:00,4720.88,4720.39,True,False,80.0,A
521,demand,3466,2026-01-20T14:10:00+00:00,4741.9,4735.33,False,False,70.0,B+
522,supply,3472,2026-01-20T14:40:00+00:00,4740.87,4732.45,False,False,50.0,C+
523,demand,3474,2026-01-20T14:50:00+00:00,4741.2,4733.29,False,False,70.0,B+
524,supply,3477,2026-01-20T15:05:00+00:00,4748.58,4743.31,False,False,50.0,C+
525,demand,3484,2026-01-20T15:40:00+00:00,4726.19,4726.15,True,False,80.0,A
526,demand,3489,2026-01-20T16:05:00+00:00,4736.15,4728.92,False,False,70.0,B+
527,supply,3491,2026-01-20T16:15:00+00:00,4744.11,4740.31,False,False,50.0,C+
528,demand,3493,2026-01-20T16:25:00+00:00,4743.16,4735.35,False,False,70.0,B+
529,supply,3500,2026-01-20T17:00:00+00:00,4753.63,4753.63,True,False,45.0,C
530,demand,3502,2026-01-20T17:10:00+00:00,4748.72,4746.99,True,False,75.0,B+
531,supply,3506,2026-01-20T17:30:00+00:00,4756.07,4752.12,False,False,45.0,C
532,demand,3508,2026-01-20T17:40:00+00:00,4754.1,4752.34,True,False,75.0,B+
533,supply,3516,2026-01-20T18:20:00+00:00,4766.17,4765.35,True,False,55.0,C+
534,supply,3519,2026-01-20T18:35:00+00:00,4762.53,4762.2,True,False,55.0,C+
535,supply,3524,2026-01-20T19:00:00+00:00,4760.22,4756.58,False,False,45.0,C
536,demand,3526,2026-01-20T19:10:00+00:00,4757.71,4757.55,True,False,75.0,B+
537,supply,3528,2026-01-20T19:20:00+00:00,4766.2,4762.49,False,False,45.0,C
538,demand,3531,2026-01-20T19:35:00+00:00,4759.31,4758.22,True,False,75.0,B+
539,supply,3536,2026-01-20T20:00:00+00:00,4760.95,4760.77,True,False,55.0,C+
540,supply,3539,2026-01-20T20:15:00+00:00,4760.8,4760.17,True,False,55.0,C+
541,supply,3654,2026-01-21T06:50:00+00:00,4865.96,4860.6,False,False,45.0,C
542,demand,3659,2026-01-21T07:15:00+00:00,4840.89,4833.46,False,False,70.0,B+
543,supply,3662,2026-01-21T07:30:00+00:00,4851.94,4845.71,False,False,50.0,C+
544,demand,3664,2026-01-21T07:40:00+00:00,4843.65,4843.46,True,False,80.0,A
545,supply,3669,2026-01-21T08:05:00+00:00,4864.04,4859.25,False,False,50.0,C+
546,supply,3676,2026-01-21T08:40:00+00:00,4865.09,4864.93,True,False,60.0,B
547,demand,3680,2026-01-21T09:00:00+00:00,4854.65,4852.32,True,False,80.0,A
548,supply,3686,2026-01-21T09:30:00+00:00,4877.14,4868.97,False,False,50.0,C+
549,supply,3693,2026-01-21T10:05:00+00:00,4866.6,4863.56,False,False,50.0,C+
550,demand,3698,2026-01-21T10:30:00+00:00,4862.83,4859.99,False,False,70.0,B+
551,supply,3701,2026-01-21T10:45:00+00:00,4866.21,4863.73,False,False,55.0,C+
552,demand,3705,2026-01-21T11:05:00+00:00,4861.69,4861.09,True,False,75.0,B+
553,supply,3709,2026-01-21T11:25:00+00:00,4871.3,4870.36,True,False,55.0,C+
554,supply,3712,2026-01-21T11:40:00+00:00,4864.77,4864.37,True,False,55.0,C+
555,supply,3716,2026-01-21T12:00:00+00:00,4867.35,4863.0,False,False,45.0,C
556,demand,3720,2026-01-21T12:20:00+00:00,4862.0,4856.32,False,False,65.0,B
557,supply,3723,2026-01-21T12:35:00+00:00,4870.89,4866.18,False,False,45.0,C
558,demand,3729,2026-01-21T13:05:00+00:00,4861.18,4860.43,True,False,80.0,A
559,supply,3731,2026-01-21T13:15:00+00:00,4871.32,4866.85,False,False,50.0,C+
560,demand,3733,2026-01-21T13:25:00+00:00,4868.33,4862.67,False,False,70.0,B+
561,supply,3736,2026-01-21T13:40:00+00:00,4879.08,4875.87,False,False,50.0,C+
562,demand,3743,2026-01-21T14:15:00+00:00,4854.65,4842.13,False,False,70.0,B+
563,supply,3748,2026-01-21T14:40:00+00:00,4872.56,4859.72,False,False,50.0,C+
564,demand,3752,2026-01-21T15:00:00+00:00,4851.99,4847.05,True,False,80.0,A
565,supply,3754,2026-01-21T15:10:00+00:00,4866.01,4864.44,True,False,80.0,A
566,demand,3757,2026-01-21T15:25:00+00:00,4831.85,4815.41,False,False,70.0,B+
567,supply,3759,2026-01-21T15:35:00+00:00,4845.59,4835.42,False,False,70.0,B+
568,supply,3763,2026-01-21T15:55:00+00:00,4854.55,4847.0,False,False,50.0,C+
569,supply,3766,2026-01-21T16:10:00+00:00,4853.99,4850.81,True,False,80.0,A
570,demand,3769,2026-01-21T16:25:00+00:00,4832.65,4829.08,True,False,80.0,A
571,supply,3772,2026-01-21T16:40:00+00:00,4849.84,4846.77,True,False,80.0,A
572,demand,3779,2026-01-21T17:15:00+00:00,4823.71,4814.59,False,False,45.0,C
573,supply,3781,2026-01-21T17:25:00+00:00,4825.7,4824.92,True,False,75.0,B+
574,supply,3790,2026-01-21T18:10:00+00:00,4831.76,4825.51,False,False,65.0,B
575,demand,3792,2026-01-21T18:20:00+00:00,4821.29,4819.72,True,False,55.0,C+
576,demand,3796,2026-01-21T18:40:00+00:00,4833.23,4830.37,True,False,75.0,B+
577,supply,3802,2026-01-21T19:10:00+00:00,4850.88,4848.08,False,False,45.0,C
578,supply,3805,2026-01-21T19:25:00+00:00,4853.95,4852.79,True,False,75.0,B+
579,demand,3813,2026-01-21T20:05:00+00:00,4784.39,4772.35,False,False,45.0,C
580,supply,3824,2026-01-21T21:00:00+00:00,4826.76,4826.76,True,False,65.0,B
581,demand,3826,2026-01-21T21:10:00+00:00,4818.53,4818.52,True,False,75.0,B+
582,demand,3830,2026-01-21T21:30:00+00:00,4836.97,4832.08,False,False,65.0,B
583,demand,3932,2026-01-22T06:55:00+00:00,4821.57,4821.44,True,False,75.0,B+
584,supply,3939,2026-01-22T07:30:00+00:00,4837.98,4834.88,False,False,50.0,C+
585,supply,3946,2026-01-22T08:05:00+00:00,4835.32,4832.77,True,False,60.0,B
586,supply,3950,2026-01-22T08:25:00+00:00,4830.48,4826.3,False,False,50.0,C+
587,demand,3952,2026-01-22T08:35:00+00:00,4826.75,4822.23,False,False,70.0,B+
588,supply,3960,2026-01-22T09:15:00+00:00,4833.61,4832.81,True,False,60.0,B
589,supply,3963,2026-01-22T09:30:00+00:00,4831.11,4829.48,True,False,60.0,B
590,demand,3970,2026-01-22T10:05:00+00:00,4822.56,4819.4,False,False,70.0,B+
591,demand,3974,2026-01-22T10:25:00+00:00,4822.77,4822.74,True,False,80.0,A
592,supply,3982,2026-01-22T11:05:00+00:00,4831.79,4828.87,False,False,45.0,C
593,demand,3984,2026-01-22T11:15:00+00:00,4828.85,4824.44,False,False,65.0,B
594,demand,3987,2026-01-22T11:30:00+00:00,4827.69,4827.07,True,False,75.0,B+
595,supply,3992,2026-01-22T11:55:00+00:00,4836.32,4835.34,True,False,55.0,C+
596,demand,3995,2026-01-22T12:10:00+00:00,4824.03,4823.91,True,False,75.0,B+
597,supply,3999,2026-01-22T12:30:00+00:00,4832.47,4830.27,False,False,45.0,C
598,demand,4007,2026-01-22T13:10:00+00:00,4821.02,4820.66,True,False,80.0,A
599,supply,4010,2026-01-22T13:25:00+00:00,4835.28,4834.12,True,False,60.0,B
600,demand,4014,2026-01-22T13:45:00+00:00,4815.96,4810.72,False,False,75.0,B+
601,demand,4021,2026-01-22T14:20:00+00:00,4823.92,4823.16,True,False,80.0,A
602,supply,4028,2026-01-22T14:55:00+00:00,4845.06,4844.73,True,False,60.0,B
603,demand,4031,2026-01-22T15:10:00+00:00,4833.87,4833.87,True,False,70.0,B+
604,demand,4039,2026-01-22T15:50:00+00:00,4863.37,4861.93,True,False,80.0,A
605,demand,4047,2026-01-22T16:30:00+00:00,4878.64,4873.3,False,False,70.0,B+
606,demand,4055,2026-01-22T17:10:00+00:00,4883.65,4875.24,False,False,65.0,B
607,demand,4061,2026-01-22T17:40:00+00:00,4892.77,4891.34,True,False,75.0,B+
608,demand,4065,2026-01-22T18:00:00+00:00,4904.55,4901.32,True,False,75.0,B+
609,demand,4070,2026-01-22T18:25:00+00:00,4911.98,4907.04,False,False,65.0,B
610,demand,4077,2026-01-22T19:00:00+00:00,4916.07,4915.59,True,False,75.0,B+
611,supply,4080,2026-01-22T19:15:00+00:00,4924.13,4920.64,False,False,45.0,C
612,demand,4083,2026-01-22T19:30:00+00:00,4918.14,4914.5,False,False,65.0,B
613,supply,4085,2026-01-22T19:40:00+00:00,4917.08,4916.08,True,False,55.0,C+
614,demand,4089,2026-01-22T20:00:00+00:00,4911.74,4911.54,True,False,75.0,B+
615,supply,4094,2026-01-22T20:25:00+00:00,4927.73,4927.43,True,False,55.0,C+
616,supply,4098,2026-01-22T20:45:00+00:00,4924.91,4921.6,False,False,50.0,C+
617,demand,4102,2026-01-22T21:05:00+00:00,4916.24,4916.18,True,False,75.0,B+
618,supply,4104,2026-01-22T21:15:00+00:00,4924.34,4921.46,False,False,45.0,C
619,demand,4106,2026-01-22T21:25:00+00:00,4922.17,4921.36,True,False,75.0,B+
620,demand,4209,2026-01-23T07:00:00+00:00,4953.68,4952.45,True,False,80.0,A
621,supply,4215,2026-01-23T07:30:00+00:00,4958.41,4953.77,False,False,50.0,C+
622,demand,4221,2026-01-23T08:00:00+00:00,4946.55,4941.82,False,False,70.0,B+
623,supply,4223,2026-01-23T08:10:00+00:00,4946.84,4946.75,True,False,60.0,B
624,demand,4227,2026-01-23T08:30:00+00:00,4919.96,4910.55,False,False,50.0,C+
625,demand,4233,2026-01-23T09:00:00+00:00,4913.8,4912.76,True,False,60.0,B
626,supply,4235,2026-01-23T09:10:00+00:00,4914.88,4914.37,True,False,80.0,A
627,demand,4239,2026-01-23T09:30:00+00:00,4905.39,4903.26,True,False,60.0,B
628,demand,4245,2026-01-23T10:00:00+00:00,4918.68,4917.44,True,False,60.0,B
629,demand,4252,2026-01-23T10:35:00+00:00,4928.61,4925.27,False,False,70.0,B+
630,supply,4259,2026-01-23T11:10:00+00:00,4921.43,4917.98,False,False,65.0,B
631,demand,4261,2026-01-23T11:20:00+00:00,4917.1,4913.86,True,False,55.0,C+
632,supply,4264,2026-01-23T11:35:00+00:00,4925.06,4922.55,False,False,65.0,B
633,demand,4269,2026-01-23T12:00:00+00:00,4922.8,4918.39,True,False,75.0,B+
634,supply,4271,2026-01-23T12:10:00+00:00,4934.37,4932.41,False,False,45.0,C
635,demand,4273,2026-01-23T12:20:00+00:00,4935.12,4931.17,False,False,65.0,B
636,supply,4282,2026-01-23T13:05:00+00:00,4947.87,4940.84,False,False,50.0,C+
637,demand,4286,2026-01-23T13:25:00+00:00,4934.03,4926.61,False,False,70.0,B+
638,demand,4289,2026-01-23T13:40:00+00:00,4933.54,4928.54,False,False,70.0,B+
639,demand,4293,2026-01-23T14:00:00+00:00,4939.0,4934.76,True,False,80.0,A
640,supply,4296,2026-01-23T14:15:00+00:00,4945.01,4944.51,True,False,60.0,B
641,demand,4299,2026-01-23T14:30:00+00:00,4939.84,4932.99,True,False,80.0,A
642,demand,4305,2026-01-23T15:00:00+00:00,4951.03,4938.32,False,False,70.0,B+
643,supply,4307,2026-01-23T15:10:00+00:00,4955.85,4951.08,False,False,50.0,C+
644,demand,4311,2026-01-23T15:30:00+00:00,4944.82,4943.89,True,False,80.0,A
645,demand,4316,2026-01-23T15:55:00+00:00,4957.54,4955.59,True,False,80.0,A
646,demand,4320,2026-01-23T16:15:00+00:00,4971.05,4969.52,True,False,80.0,A
647,supply,4323,2026-01-23T16:30:00+00:00,4988.2,4985.43,True,False,60.0,B
648,demand,4329,2026-01-23T17:00:00+00:00,4980.36,4977.42,True,False,75.0,B+
649,supply,4333,2026-01-23T17:20:00+00:00,4987.03,4986.38,True,False,55.0,C+
650,demand,4335,2026-01-23T17:30:00+00:00,4983.05,4982.74,True,False,75.0,B+
651,supply,4346,2026-01-23T18:25:00+00:00,4984.11,4981.06,True,False,55.0,C+
652,supply,4354,2026-01-23T19:05:00+00:00,4978.6,4971.54,False,False,45.0,C
653,supply,4359,2026-01-23T19:30:00+00:00,4980.38,4974.91,False,False,45.0,C
654,demand,4361,2026-01-23T19:40:00+00:00,4975.25,4974.74,True,False,75.0,B+
655,supply,4364,2026-01-23T19:55:00+00:00,4989.66,4983.36,False,False,45.0,C
656,supply,4370,2026-01-23T20:25:00+00:00,4982.4,4981.92,True,False,55.0,C+
657,supply,4373,2026-01-23T20:40:00+00:00,4983.58,4980.13,False,False,45.0,C
658,demand,4376,2026-01-23T20:55:00+00:00,4979.6,4979.6,True,False,65.0,B
659,supply,4378,2026-01-23T21:05:00+00:00,4986.13,4982.49,False,False,45.0,C
660,supply,4382,2026-01-23T21:25:00+00:00,4983.69,4981.29,False,False,45.0,C
661,demand,4485,2026-01-26T07:00:00+00:00,5082.65,5073.96,False,False,70.0,B+
662,supply,4491,2026-01-26T07:30:00+00:00,5095.68,5091.24,False,False,50.0,C+
663,demand,4499,2026-01-26T08:10:00+00:00,5091.36,5089.67,True,False,80.0,A
664,supply,4503,2026-01-26T08:30:00+00:00,5097.82,5096.73,True,False,60.0,B
665,demand,4508,2026-01-26T08:55:00+00:00,5084.54,5081.21,False,False,70.0,B+
666,demand,4514,2026-01-26T09:25:00+00:00,5090.25,5089.99,True,False,80.0,A
667,supply,4516,2026-01-26T09:35:00+00:00,5098.24,5098.06,True,False,60.0,B
668,demand,4522,2026-01-26T10:05:00+00:00,5085.18,5079.46,False,False,70.0,B+
669,supply,4525,2026-01-26T10:20:00+00:00,5091.26,5087.48,False,False,50.0,C+
670,demand,4527,2026-01-26T10:30:00+00:00,5087.52,5085.89,True,False,80.0,A
671,supply,4529,2026-01-26T10:40:00+00:00,5095.0,5092.11,False,False,50.0,C+
672,supply,4534,2026-01-26T11:05:00+00:00,5092.56,5090.04,False,False,45.0,C
673,demand,4537,2026-01-26T11:20:00+00:00,5085.1,5079.06,False,False,65.0,B
674,supply,4546,2026-01-26T12:05:00+00:00,5093.73,5090.2,False,False,45.0,C
675,supply,4550,2026-01-26T12:25:00+00:00,5096.71,5088.85,False,False,45.0,C
676,supply,4556,2026-01-26T12:55:00+00:00,5085.83,5084.73,True,False,55.0,C+
677,demand,4558,2026-01-26T13:05:00+00:00,5078.11,5070.97,False,False,70.0,B+
678,supply,4560,2026-01-26T13:15:00+00:00,5083.14,5080.12,True,False,60.0,B
679,demand,4564,2026-01-26T13:35:00+00:00,5065.51,5059.76,False,False,70.0,B+
680,supply,4568,2026-01-26T13:55:00+00:00,5074.24,5074.24,True,False,50.0,C+
681,demand,4570,2026-01-26T14:05:00+00:00,5069.68,5065.05,False,False,70.0,B+
682,supply,4581,2026-01-26T15:00:00+00:00,5096.93,5096.25,True,False,60.0,B
683,supply,4586,2026-01-26T15:25:00+00:00,5091.57,5085.89,False,False,50.0,C+
684,demand,4590,2026-01-26T15:45:00+00:00,5078.32,5077.81,True,False,80.0,A
685,supply,4596,2026-01-26T16:15:00+00:00,5104.1,5101.57,True,False,60.0,B
686,demand,4601,2026-01-26T16:40:00+00:00,5069.19,5068.35,True,False,80.0,A
687,supply,4608,2026-01-26T17:15:00+00:00,5095.41,5091.11,False,False,45.0,C
688,demand,4610,2026-01-26T17:25:00+00:00,5090.87,5080.92,False,False,65.0,B
689,supply,4617,2026-01-26T18:00:00+00:00,5103.37,5097.87,False,False,45.0,C
690,demand,4620,2026-01-26T18:15:00+00:00,5078.43,5076.65,True,False,75.0,B+
691,supply,4622,2026-01-26T18:25:00+00:00,5090.44,5083.94,False,False,45.0,C
692,supply,4628,2026-01-26T18:55:00+00:00,5080.61,5080.28,True,False,75.0,B+
693,demand,4630,2026-01-26T19:05:00+00:00,5062.56,5044.57,False,False,45.0,C
694,supply,4632,2026-01-26T19:15:00+00:00,5061.3,5059.97,True,False,75.0,B+
695,demand,4634,2026-01-26T19:25:00+00:00,5036.76,5021.19,False,False,45.0,C
696,supply,4636,2026-01-26T19:35:00+00:00,5043.32,5030.7,False,False,65.0,B
697,demand,4640,2026-01-26T19:55:00+00:00,5017.06,5017.03,True,False,55.0,C+
698,demand,4645,2026-01-26T20:20:00+00:00,5051.77,5041.71,False,False,45.0,C
699,supply,4647,2026-01-26T20:30:00+00:00,5062.21,5054.21,False,False,65.0,B
700,demand,4649,2026-01-26T20:40:00+00:00,5049.28,5040.56,False,False,45.0,C
701,supply,4654,2026-01-26T21:05:00+00:00,5059.2,5059.05,True,False,75.0,B+
702,supply,4659,2026-01-26T21:30:00+00:00,5020.82,5020.5,True,False,75.0,B+
703,demand,4661,2026-01-26T21:40:00+00:00,5001.44,4999.59,True,False,55.0,C+
704,supply,4759,2026-01-27T06:50:00+00:00,5094.04,5088.84,False,False,45.0,C
705,demand,4764,2026-01-27T07:15:00+00:00,5090.76,5084.35,False,False,70.0,B+
706,supply,4768,2026-01-27T07:35:00+00:00,5099.47,5091.2,False,False,50.0,C+
707,supply,4776,2026-01-27T08:15:00+00:00,5087.66,5083.6,False,False,50.0,C+
708,demand,4780,2026-01-27T08:35:00+00:00,5076.21,5074.99,True,False,80.0,A
709,demand,4785,2026-01-27T09:00:00+00:00,5081.6,5077.92,False,False,70.0,B+
710,demand,4790,2026-01-27T09:25:00+00:00,5084.99,5084.89,True,False,80.0,A
711,supply,4797,2026-01-27T10:00:00+00:00,5098.64,5094.0,False,False,50.0,C+
712,supply,4800,2026-01-27T10:15:00+00:00,5098.08,5093.07,False,False,50.0,C+
713,supply,4805,2026-01-27T10:40:00+00:00,5089.16,5084.61,False,False,50.0,C+
714,demand,4808,2026-01-27T10:55:00+00:00,5083.52,5082.91,True,False,80.0,A
715,supply,4812,2026-01-27T11:15:00+00:00,5090.83,5085.76,False,False,45.0,C
716,supply,4817,2026-01-27T11:40:00+00:00,5087.26,5087.12,True,False,55.0,C+
717,demand,4822,2026-01-27T12:05:00+00:00,5076.48,5076.48,True,False,65.0,B
718,supply,4824,2026-01-27T12:15:00+00:00,5081.12,5080.99,True,False,55.0,C+
719,demand,4826,2026-01-27T12:25:00+00:00,5076.25,5074.49,True,False,75.0,B+
720,demand,4832,2026-01-27T12:55:00+00:00,5086.15,5081.24,False,False,65.0,B
721,supply,4836,2026-01-27T13:15:00+00:00,5092.74,5085.96,False,False,50.0,C+
722,supply,4844,2026-01-27T13:55:00+00:00,5081.05,5077.19,False,False,70.0,B+
723,supply,4847,2026-01-27T14:10:00+00:00,5071.85,5069.58,True,False,80.0,A
724,demand,4851,2026-01-27T14:30:00+00:00,5059.41,5059.23,True,False,60.0,B
725,demand,4857,2026-01-27T15:00:00+00:00,5053.9,5047.69,True,False,60.0,B
726,demand,4860,2026-01-27T15:15:00+00:00,5057.57,5056.05,True,False,80.0,A
727,demand,4863,2026-01-27T15:30:00+00:00,5069.36,5068.88,True,False,80.0,A
728,demand,4870,2026-01-27T16:05:00+00:00,5085.62,5083.87,True,False,80.0,A
729,supply,4875,2026-01-27T16:30:00+00:00,5099.44,5098.59,True,False,60.0,B
730,supply,4880,2026-01-27T16:55:00+00:00,5089.72,5089.42,True,False,60.0,B
731,demand,4882,2026-01-27T17:05:00+00:00,5086.99,5080.54,False,False,65.0,B
732,demand,4885,2026-01-27T17:20:00+00:00,5086.67,5081.73,False,False,65.0,B
733,supply,4887,2026-01-27T17:30:00+00:00,5089.74,5085.12,False,False,45.0,C
734,demand,4895,2026-01-27T18:10:00+00:00,5081.56,5079.9,True,False,75.0,B+
735,demand,4898,2026-01-27T18:25:00+00:00,5081.13,5078.77,True,False,75.0,B+
736,supply,4904,2026-01-27T18:55:00+00:00,5095.46,5092.38,True,False,55.0,C+
737,demand,4907,2026-01-27T19:10:00+00:00,5085.67,5082.43,True,False,75.0,B+
738,demand,4911,2026-01-27T19:30:00+00:00,5087.83,5087.66,True,False,75.0,B+
739,demand,4915,2026-01-27T19:50:00+00:00,5091.16,5090.66,True,False,75.0,B+
740,supply,4920,2026-01-27T20:15:00+00:00,5142.3,5131.87,False,False,45.0,C
741,demand,4922,2026-01-27T20:25:00+00:00,5144.59,5133.59,False,False,65.0,B
742,demand,4929,2026-01-27T21:00:00+00:00,5176.9,5171.09,True,False,75.0,B+
743,supply,4933,2026-01-27T21:20:00+00:00,5179.08,5177.11,True,False,55.0,C+
744,demand,4935,2026-01-27T21:30:00+00:00,5175.99,5171.48,False,False,65.0,B
745,demand,5038,2026-01-28T07:05:00+00:00,5268.84,5265.23,True,False,80.0,A
746,supply,5043,2026-01-28T07:30:00+00:00,5285.6,5281.09,True,False,60.0,B
747,demand,5045,2026-01-28T07:40:00+00:00,5279.7,5277.66,True,False,80.0,A
748,supply,5050,2026-01-28T08:05:00+00:00,5299.65,5292.32,False,False,50.0,C+
749,demand,5053,2026-01-28T08:20:00+00:00,5291.68,5291.17,True,False,80.0,A
750,supply,5056,2026-01-28T08:35:00+00:00,5306.75,5305.4,True,False,60.0,B
751,supply,5063,2026-01-28T09:10:00+00:00,5295.48,5293.91,True,False,60.0,B
752,demand,5066,2026-01-28T09:25:00+00:00,5269.58,5269.56,True,False,80.0,A
753,supply,5068,2026-01-28T09:35:00+00:00,5280.28,5274.71,False,False,50.0,C+
754,demand,5074,2026-01-28T10:05:00+00:00,5276.04,5272.91,True,False,80.0,A
755,supply,5078,2026-01-28T10:25:00+00:00,5280.48,5279.25,True,False,60.0,B
756,demand,5081,2026-01-28T10:40:00+00:00,5273.02,5270.86,True,False,80.0,A
757,supply,5084,2026-01-28T10:55:00+00:00,5280.16,5280.02,True,False,60.0,B
758,demand,5086,2026-01-28T11:05:00+00:00,5256.26,5238.64,False,False,65.0,B
759,demand,5089,2026-01-28T11:20:00+00:00,5256.9,5246.66,False,False,65.0,B
760,demand,5092,2026-01-28T11:35:00+00:00,5259.49,5252.06,False,False,65.0,B
761,supply,5097,2026-01-28T12:00:00+00:00,5263.92,5261.61,True,False,55.0,C+
762,demand,5099,2026-01-28T12:10:00+00:00,5255.53,5254.62,True,False,75.0,B+
763,demand,5103,2026-01-28T12:30:00+00:00,5264.99,5261.24,False,False,65.0,B
764,supply,5105,2026-01-28T12:40:00+00:00,5273.01,5267.08,False,False,45.0,C
765,demand,5107,2026-01-28T12:50:00+00:00,5267.74,5266.31,True,False,75.0,B+
766,supply,5110,2026-01-28T13:05:00+00:00,5288.18,5280.73,False,False,50.0,C+
767,demand,5112,2026-01-28T13:15:00+00:00,5279.52,5273.57,False,False,70.0,B+
768,supply,5114,2026-01-28T13:25:00+00:00,5285.48,5278.69,False,False,50.0,C+
769,supply,5121,2026-01-28T14:00:00+00:00,5270.18,5266.48,True,False,60.0,B
770,demand,5123,2026-01-28T14:10:00+00:00,5258.7,5258.08,True,False,80.0,A
771,demand,5127,2026-01-28T14:30:00+00:00,5264.71,5250.3,False,False,70.0,B+
772,supply,5129,2026-01-28T14:40:00+00:00,5284.29,5273.18,False,False,50.0,C+
773,demand,5132,2026-01-28T14:55:00+00:00,5272.1,5270.52,True,False,80.0,A
774,demand,5137,2026-01-28T15:20:00+00:00,5256.24,5255.28,True,False,80.0,A
775,demand,5144,2026-01-28T15:55:00+00:00,5274.4,5272.29,True,False,80.0,A
776,demand,5152,2026-01-28T16:35:00+00:00,5286.86,5277.06,False,False,70.0,B+
777,demand,5156,2026-01-28T16:55:00+00:00,5292.38,5291.25,True,False,80.0,A
778,demand,5161,2026-01-28T17:20:00+00:00,5293.12,5290.32,True,False,75.0,B+
779,supply,5163,2026-01-28T17:30:00+00:00,5303.42,5302.71,True,False,55.0,C+
780,demand,5165,2026-01-28T17:40:00+00:00,5294.65,5284.9,False,False,65.0,B
781,supply,5168,2026-01-28T17:55:00+00:00,5304.74,5296.96,False,False,45.0,C
782,demand,5172,2026-01-28T18:15:00+00:00,5299.96,5298.89,True,False,75.0,B+
783,supply,5174,2026-01-28T18:25:00+00:00,5323.15,5321.32,True,False,55.0,C+
784,demand,5182,2026-01-28T19:05:00+00:00,5283.05,5271.08,False,False,65.0,B
785,supply,5184,2026-01-28T19:15:00+00:00,5301.89,5292.91,False,False,45.0,C
786,demand,5187,2026-01-28T19:30:00+00:00,5292.98,5281.28,False,False,65.0,B
787,demand,5192,2026-01-28T19:55:00+00:00,5315.97,5314.65,True,False,75.0,B+
788,supply,5194,2026-01-28T20:05:00+00:00,5338.8,5332.27,True,False,55.0,C+
789,demand,5198,2026-01-28T20:25:00+00:00,5338.36,5337.52,True,False,75.0,B+
790,demand,5204,2026-01-28T20:55:00+00:00,5383.43,5368.27,False,False,65.0,B
791,supply,5207,2026-01-28T21:10:00+00:00,5394.86,5392.25,True,False,55.0,C+
792,demand,5213,2026-01-28T21:40:00+00:00,5386.49,5383.12,False,False,65.0,B
793,demand,5313,2026-01-29T07:00:00+00:00,5561.75,5561.36,True,False,80.0,A
794,supply,5317,2026-01-29T07:20:00+00:00,5565.16,5564.61,True,False,60.0,B
795,supply,5324,2026-01-29T07:55:00+00:00,5551.89,5550.74,True,False,60.0,B
796,supply,5336,2026-01-29T08:55:00+00:00,5517.33,5507.22,False,False,50.0,C+
797,supply,5339,2026-01-29T09:10:00+00:00,5512.22,5504.51,False,False,50.0,C+
798,demand,5341,2026-01-29T09:20:00+00:00,5505.9,5500.49,True,False,80.0,A
799,supply,5346,2026-01-29T09:45:00+00:00,5527.66,5524.7,True,False,60.0,B
800,demand,5350,2026-01-29T10:05:00+00:00,5512.8,5501.96,False,False,70.0,B+
801,supply,5354,2026-01-29T10:25:00+00:00,5514.61,5510.49,False,False,50.0,C+
802,supply,5357,2026-01-29T10:40:00+00:00,5510.06,5507.29,False,False,50.0,C+
803,demand,5362,2026-01-29T11:05:00+00:00,5478.39,5474.81,True,False,75.0,B+
804,supply,5367,2026-01-29T11:30:00+00:00,5519.37,5511.04,False,False,45.0,C
805,demand,5369,2026-01-29T11:40:00+00:00,5515.87,5508.49,False,False,65.0,B
806,supply,5372,2026-01-29T11:55:00+00:00,5528.63,5526.95,True,False,55.0,C+
807,demand,5374,2026-01-29T12:05:00+00:00,5522.21,5521.45,True,False,75.0,B+
808,demand,5377,2026-01-29T12:20:00+00:00,5532.07,5528.32,True,False,75.0,B+
809,supply,5380,2026-01-29T12:35:00+00:00,5542.33,5542.12,True,False,55.0,C+
810,supply,5386,2026-01-29T13:05:00+00:00,5537.57,5529.58,False,False,50.0,C+
811,demand,5388,2026-01-29T13:15:00+00:00,5521.57,5511.17,False,False,70.0,B+
812,supply,5390,2026-01-29T13:25:00+00:00,5525.88,5517.02,False,False,50.0,C+
813,demand,5392,2026-01-29T13:35:00+00:00,5517.82,5500.44,False,False,70.0,B+
814,demand,5397,2026-01-29T14:00:00+00:00,5519.73,5510.43,False,False,70.0,B+
815,supply,5399,2026-01-29T14:10:00+00:00,5539.34,5526.67,False,False,50.0,C+
816,demand,5401,2026-01-29T14:20:00+00:00,5529.29,5517.14,False,False,70.0,B+
817,supply,5405,2026-01-29T14:40:00+00:00,5535.78,5512.73,False,False,50.0,C+
818,demand,5421,2026-01-29T16:00:00+00:00,5182.45,5172.01,True,False,60.0,B
819,demand,5425,2026-01-29T16:20:00+00:00,5270.86,5235.54,False,False,50.0,C+
820,supply,5427,2026-01-29T16:30:00+00:00,5311.18,5280.27,False,False,70.0,B+
821,demand,5429,2026-01-29T16:40:00+00:00,5280.8,5245.28,False,False,50.0,C+
822,demand,5432,2026-01-29T16:55:00+00:00,5264.17,5245.25,False,False,50.0,C+
823,demand,5440,2026-01-29T17:35:00+00:00,5344.6,5344.6,True,False,45.0,C
824,demand,5445,2026-01-29T18:00:00+00:00,5335.03,5334.58,True,False,55.0,C+
825,supply,5448,2026-01-29T18:15:00+00:00,5359.08,5348.47,False,False,65.0,B
826,demand,5450,2026-01-29T18:25:00+00:00,5338.52,5307.86,False,False,45.0,C
827,supply,5455,2026-01-29T18:50:00+00:00,5362.05,5349.72,False,False,65.0,B
828,demand,5464,2026-01-29T19:35:00+00:00,5293.75,5290.33,True,False,55.0,C+
829,demand,5472,2026-01-29T20:15:00+00:00,5296.07,5290.35,True,False,55.0,C+
830,demand,5475,2026-01-29T20:30:00+00:00,5322.85,5309.97,False,False,45.0,C
831,demand,5485,2026-01-29T21:20:00+00:00,5395.21,5393.25,True,False,75.0,B+
832,supply,5487,2026-01-29T21:30:00+00:00,5412.45,5411.98,True,False,55.0,C+
833,supply,5587,2026-01-30T06:50:00+00:00,5168.81,5166.93,True,False,75.0,B+
834,demand,5590,2026-01-30T07:05:00+00:00,5146.09,5135.57,True,False,60.0,B
835,supply,5594,2026-01-30T07:25:00+00:00,5181.54,5178.91,True,False,80.0,A
836,supply,5601,2026-01-30T08:00:00+00:00,5181.29,5159.63,False,False,70.0,B+
837,demand,5604,2026-01-30T08:15:00+00:00,5160.48,5132.88,False,False,50.0,C+
838,supply,5606,2026-01-30T08:25:00+00:00,5169.97,5152.09,False,False,70.0,B+
839,demand,5608,2026-01-30T08:35:00+00:00,5098.19,5057.51,False,False,50.0,C+
840,supply,5613,2026-01-30T09:00:00+00:00,5131.81,5110.23,False,False,70.0,B+
841,supply,5617,2026-01-30T09:20:00+00:00,5068.67,5038.8,False,False,70.0,B+
842,supply,5620,2026-01-30T09:35:00+00:00,5064.73,5030.8,False,False,70.0,B+
843,demand,5622,2026-01-30T09:45:00+00:00,4997.02,4949.08,False,False,55.0,C+
844,demand,5627,2026-01-30T10:10:00+00:00,5019.06,5018.42,True,False,60.0,B
845,demand,5631,2026-01-30T10:30:00+00:00,5074.26,5055.22,False,False,50.0,C+
846,demand,5638,2026-01-30T11:05:00+00:00,5116.11,5093.61,False,False,45.0,C
847,demand,5643,2026-01-30T11:30:00+00:00,5124.76,5120.78,True,False,55.0,C+
848,supply,5645,2026-01-30T11:40:00+00:00,5137.74,5127.87,True,False,75.0,B+
849,supply,5649,2026-01-30T12:00:00+00:00,5145.73,5126.35,False,False,65.0,B
850,supply,5654,2026-01-30T12:25:00+00:00,5129.89,5125.76,True,False,75.0,B+
851,supply,5662,2026-01-30T13:05:00+00:00,5098.04,5071.09,False,False,70.0,B+
852,demand,5666,2026-01-30T13:25:00+00:00,5038.73,5014.31,False,False,50.0,C+
853,demand,5671,2026-01-30T13:50:00+00:00,5011.25,4992.33,False,False,50.0,C+
854,demand,5676,2026-01-30T14:15:00+00:00,5060.14,5041.05,False,False,50.0,C+
855,supply,5680,2026-01-30T14:35:00+00:00,5110.92,5078.44,False,False,70.0,B+
856,supply,5683,2026-01-30T14:50:00+00:00,5097.37,5089.38,True,False,80.0,A
857,demand,5686,2026-01-30T15:05:00+00:00,5014.49,4980.73,False,False,50.0,C+
858,demand,5690,2026-01-30T15:25:00+00:00,5052.36,5031.12,False,False,50.0,C+
859,supply,5699,2026-01-30T16:10:00+00:00,5035.87,5032.95,True,False,80.0,A
860,supply,5703,2026-01-30T16:30:00+00:00,5017.01,4995.32,True,False,80.0,A
861,supply,5709,2026-01-30T17:00:00+00:00,4986.12,4985.46,True,False,75.0,B+
862,demand,5713,2026-01-30T17:20:00+00:00,4933.76,4899.76,False,False,45.0,C
863,supply,5715,2026-01-30T17:30:00+00:00,4925.95,4925.95,True,False,65.0,B
864,demand,5720,2026-01-30T17:55:00+00:00,4849.97,4800.92,False,False,45.0,C
865,supply,5722,2026-01-30T18:05:00+00:00,4889.77,4883.49,True,False,75.0,B+
866,demand,5726,2026-01-30T18:25:00+00:00,4756.26,4693.54,False,False,45.0,C
867,demand,5729,2026-01-30T18:40:00+00:00,4698.59,4694.08,True,False,55.0,C+
868,supply,5735,2026-01-30T19:10:00+00:00,4918.29,4909.27,True,False,75.0,B+
869,demand,5738,2026-01-30T19:25:00+00:00,4868.2,4865.01,True,False,55.0,C+
870,supply,5745,2026-01-30T20:00:00+00:00,4933.11,4932.81,True,False,75.0,B+
871,supply,5749,2026-01-30T20:20:00+00:00,4908.4,4892.79,False,False,65.0,B
872,demand,5756,2026-01-30T20:55:00+00:00,4855.31,4809.49,False,False,45.0,C
873,supply,5758,2026-01-30T21:05:00+00:00,4860.62,4859.17,True,False,75.0,B+
874,demand,5760,2026-01-30T21:15:00+00:00,4839.95,4836.88,True,False,55.0,C+
875,demand,5765,2026-01-30T21:40:00+00:00,4861.05,4850.26,False,False,45.0,C
876,demand,5863,2026-02-02T06:50:00+00:00,4439.34,4438.44,True,False,55.0,C+
877,supply,5867,2026-02-02T07:10:00+00:00,4554.53,4526.55,False,False,70.0,B+
878,demand,5869,2026-02-02T07:20:00+00:00,4557.64,4526.75,False,False,50.0,C+
879,demand,5872,2026-02-02T07:35:00+00:00,4535.46,4529.16,True,False,60.0,B
880,supply,5875,2026-02-02T07:50:00+00:00,4615.26,4615.24,True,False,80.0,A
881,demand,5880,2026-02-02T08:15:00+00:00,4610.15,4601.25,True,False,60.0,B
882,supply,5883,2026-02-02T08:30:00+00:00,4649.78,4625.48,False,False,70.0,B+
883,demand,5885,2026-02-02T08:40:00+00:00,4627.2,4623.49,True,False,60.0,B
884,supply,5888,2026-02-02T08:55:00+00:00,4647.5,4647.15,True,False,80.0,A
885,demand,5890,2026-02-02T09:05:00+00:00,4637.23,4616.44,False,False,50.0,C+
886,demand,5893,2026-02-02T09:20:00+00:00,4642.05,4626.19,True,False,60.0,B
887,supply,5901,2026-02-02T10:00:00+00:00,4733.77,4710.6,False,False,70.0,B+
888,supply,5904,2026-02-02T10:15:00+00:00,4730.76,4712.42,False,False,70.0,B+
889,demand,5907,2026-02-02T10:30:00+00:00,4682.74,4675.38,True,False,60.0,B
890,demand,5910,2026-02-02T10:45:00+00:00,4676.77,4657.22,False,False,55.0,C+
891,supply,5918,2026-02-02T11:25:00+00:00,4760.13,4757.37,True,False,55.0,C+
892,demand,5926,2026-02-02T12:05:00+00:00,4764.44,4743.46,False,False,65.0,B
893,demand,5931,2026-02-02T12:30:00+00:00,4777.87,4772.4,True,False,75.0,B+
894,supply,5939,2026-02-02T13:10:00+00:00,4803.57,4776.17,False,False,50.0,C+
895,supply,5943,2026-02-02T13:30:00+00:00,4741.82,4739.58,True,False,80.0,A
896,supply,5948,2026-02-02T13:55:00+00:00,4719.11,4700.39,False,False,70.0,B+
897,demand,5950,2026-02-02T14:05:00+00:00,4705.02,4704.81,True,False,60.0,B
898,demand,5953,2026-02-02T14:20:00+00:00,4701.56,4680.05,False,False,50.0,C+
899,supply,5957,2026-02-02T14:40:00+00:00,4793.53,4752.14,False,False,70.0,B+
900,demand,5960,2026-02-02T14:55:00+00:00,4730.94,4700.45,False,False,50.0,C+
901,supply,5963,2026-02-02T15:10:00+00:00,4733.09,4732.71,True,False,80.0,A
902,demand,5967,2026-02-02T15:30:00+00:00,4686.44,4649.19,False,False,50.0,C+
903,supply,5969,2026-02-02T15:40:00+00:00,4704.69,4703.54,True,False,80.0,A
904,demand,5973,2026-02-02T16:00:00+00:00,4619.95,4596.8,True,False,60.0,B
905,supply,5978,2026-02-02T16:25:00+00:00,4697.45,4696.89,True,False,80.0,A
906,supply,5981,2026-02-02T16:40:00+00:00,4688.81,4669.32,False,False,70.0,B+
907,demand,5985,2026-02-02T17:00:00+00:00,4665.94,4659.95,True,False,55.0,C+
908,supply,5987,2026-02-02T17:10:00+00:00,4713.92,4697.24,False,False,65.0,B
909,demand,5993,2026-02-02T17:40:00+00:00,4677.48,4662.94,False,False,45.0,C
910,supply,5999,2026-02-02T18:10:00+00:00,4671.59,4661.73,True,False,75.0,B+
911,demand,6003,2026-02-02T18:30:00+00:00,4632.71,4632.71,True,False,45.0,C
912,supply,6009,2026-02-02T19:00:00+00:00,4657.84,4657.8,True,False,75.0,B+
913,demand,6015,2026-02-02T19:30:00+00:00,4643.6,4637.22,True,False,55.0,C+
914,supply,6019,2026-02-02T19:50:00+00:00,4712.59,4706.04,True,False,75.0,B+
915,supply,6023,2026-02-02T20:10:00+00:00,4700.76,4685.9,False,False,65.0,B
916,demand,6028,2026-02-02T20:35:00+00:00,4666.59,4662.45,True,False,55.0,C+
917,demand,6033,2026-02-02T21:00:00+00:00,4665.9,4644.01,False,False,45.0,C
918,demand,6037,2026-02-02T21:20:00+00:00,4674.05,4660.06,False,False,45.0,C
919,supply,6041,2026-02-02T21:40:00+00:00,4681.96,4679.95,True,False,75.0,B+
920,demand,6142,2026-02-03T07:05:00+00:00,4880.92,4880.86,True,False,80.0,A
921,demand,6145,2026-02-03T07:20:00+00:00,4892.9,4881.58,False,False,70.0,B+
922,supply,6149,2026-02-03T07:40:00+00:00,4933.53,4920.33,False,False,50.0,C+
923,supply,6152,2026-02-03T07:55:00+00:00,4927.29,4913.91,False,False,50.0,C+
924,demand,6154,2026-02-03T08:05:00+00:00,4920.4,4898.46,False,False,70.0,B+
925,demand,6160,2026-02-03T08:35:00+00:00,4932.55,4930.98,True,False,80.0,A
926,demand,6165,2026-02-03T09:00:00+00:00,4922.76,4908.22,False,False,70.0,B+
927,supply,6167,2026-02-03T09:10:00+00:00,4920.14,4919.16,True,False,60.0,B
928,demand,6171,2026-02-03T09:30:00+00:00,4903.13,4884.69,False,False,70.0,B+
929,demand,6177,2026-02-03T10:00:00+00:00,4916.09,4914.36,True,False,80.0,A
930,supply,6179,2026-02-03T10:10:00+00:00,4929.83,4919.03,False,False,50.0,C+
931,demand,6189,2026-02-03T11:00:00+00:00,4903.41,4889.68,False,False,65.0,B
932,supply,6191,2026-02-03T11:10:00+00:00,4910.95,4906.05,False,False,45.0,C
933,demand,6194,2026-02-03T11:25:00+00:00,4884.86,4884.79,True,False,75.0,B+
934,supply,6197,2026-02-03T11:40:00+00:00,4916.23,4914.19,True,False,55.0,C+
935,demand,6200,2026-02-03T11:55:00+00:00,4904.11,4903.54,True,False,75.0,B+
936,supply,6202,2026-02-03T12:05:00+00:00,4934.57,4925.52,False,False,45.0,C
937,demand,6206,2026-02-03T12:25:00+00:00,4906.92,4892.45,False,False,65.0,B
938,demand,6209,2026-02-03T12:40:00+00:00,4911.63,4910.47,True,False,75.0,B+
939,demand,6212,2026-02-03T12:55:00+00:00,4917.99,4909.38,False,False,65.0,B
940,demand,6217,2026-02-03T13:20:00+00:00,4925.42,4917.27,False,False,70.0,B+
941,demand,6221,2026-02-03T13:40:00+00:00,4930.64,4929.6,True,False,80.0,A
942,supply,6227,2026-02-03T14:10:00+00:00,4929.45,4921.42,False,False,50.0,C+
943,demand,6237,2026-02-03T15:00:00+00:00,4925.1,4904.76,False,False,70.0,B+
944,supply,6239,2026-02-03T15:10:00+00:00,4948.6,4933.73,False,False,50.0,C+
945,demand,6244,2026-02-03T15:35:00+00:00,4919.99,4907.89,False,False,70.0,B+
946,demand,6251,2026-02-03T16:10:00+00:00,4936.58,4934.9,True,False,80.0,A
947,supply,6257,2026-02-03T16:40:00+00:00,4993.46,4980.4,False,False,50.0,C+
948,supply,6261,2026-02-03T17:00:00+00:00,4962.29,4955.55,True,False,55.0,C+
949,demand,6263,2026-02-03T17:10:00+00:00,4947.55,4923.5,False,False,65.0,B
950,supply,6265,2026-02-03T17:20:00+00:00,4969.78,4952.51,False,False,45.0,C
951,supply,6268,2026-02-03T17:35:00+00:00,4957.24,4954.91,True,False,55.0,C+
952,demand,6273,2026-02-03T18:00:00+00:00,4939.87,4926.39,False,False,65.0,B
953,supply,6276,2026-02-03T18:15:00+00:00,4948.41,4943.17,True,False,55.0,C+
954,demand,6280,2026-02-03T18:35:00+00:00,4906.24,4892.96,False,False,65.0,B
955,supply,6284,2026-02-03T18:55:00+00:00,4914.85,4901.1,False,False,65.0,B
956,demand,6287,2026-02-03T19:10:00+00:00,4881.46,4881.41,True,False,75.0,B+
957,demand,6292,2026-02-03T19:35:00+00:00,4924.77,4923.66,True,False,75.0,B+
958,demand,6298,2026-02-03T20:05:00+00:00,4918.23,4903.71,False,False,65.0,B
959,supply,6304,2026-02-03T20:35:00+00:00,4956.8,4948.96,False,False,45.0,C
960,demand,6308,2026-02-03T20:55:00+00:00,4938.09,4935.59,True,False,75.0,B+
961,supply,6316,2026-02-03T21:35:00+00:00,4954.43,4952.13,True,False,55.0,C+
962,supply,6417,2026-02-04T07:00:00+00:00,5082.41,5076.52,True,False,60.0,B
963,demand,6420,2026-02-04T07:15:00+00:00,5063.22,5062.23,True,False,80.0,A
964,supply,6423,2026-02-04T07:30:00+00:00,5090.38,5089.45,True,False,60.0,B
965,demand,6425,2026-02-04T07:40:00+00:00,5071.73,5071.72,True,False,80.0,A
966,supply,6428,2026-02-04T07:55:00+00:00,5091.39,5084.73,False,False,50.0,C+
967,demand,6436,2026-02-04T08:35:00+00:00,5078.8,5069.02,False,False,70.0,B+
968,supply,6441,2026-02-04T09:00:00+00:00,5086.83,5083.54,True,False,60.0,B
969,supply,6446,2026-02-04T09:25:00+00:00,5065.3,5055.51,False,False,50.0,C+
970,supply,6449,2026-02-04T09:40:00+00:00,5065.87,5056.55,False,False,50.0,C+
971,supply,6452,2026-02-04T09:55:00+00:00,5061.92,5058.35,False,False,50.0,C+
972,demand,6454,2026-02-04T10:05:00+00:00,5054.14,5048.09,False,False,70.0,B+
973,supply,6456,2026-02-04T10:15:00+00:00,5056.61,5053.81,True,False,60.0,B
974,demand,6458,2026-02-04T10:25:00+00:00,5047.9,5041.7,False,False,70.0,B+
975,supply,6466,2026-02-04T11:05:00+00:00,5049.2,5049.19,True,False,55.0,C+
976,demand,6471,2026-02-04T11:30:00+00:00,5023.88,5022.04,True,False,75.0,B+
977,demand,6474,2026-02-04T11:45:00+00:00,5038.99,5030.36,False,False,70.0,B+
978,demand,6481,2026-02-04T12:20:00+00:00,5048.39,5040.06,False,False,65.0,B
979,supply,6486,2026-02-04T12:45:00+00:00,5058.07,5056.02,True,False,55.0,C+
980,demand,6491,2026-02-04T13:10:00+00:00,5034.47,5023.57,False,False,70.0,B+
981,supply,6496,2026-02-04T13:35:00+00:00,5058.6,5057.2,True,False,60.0,B
982,supply,6500,2026-02-04T13:55:00+00:00,5063.39,5052.67,False,False,50.0,C+
983,supply,6504,2026-02-04T14:15:00+00:00,5051.13,5047.86,True,False,60.0,B
984,demand,6509,2026-02-04T14:40:00+00:00,4998.44,4967.32,False,False,50.0,C+
985,demand,6513,2026-02-04T15:00:00+00:00,4998.72,4973.21,False,False,50.0,C+
986,supply,6515,2026-02-04T15:10:00+00:00,5001.05,4997.94,True,False,80.0,A
987,supply,6524,2026-02-04T15:55:00+00:00,4949.98,4937.88,True,False,80.0,A
988,demand,6526,2026-02-04T16:05:00+00:00,4910.36,4906.76,True,False,60.0,B
989,supply,6528,2026-02-04T16:15:00+00:00,4936.4,4932.16,True,False,80.0,A
990,demand,6530,2026-02-04T16:25:00+00:00,4900.89,4894.39,True,False,60.0,B
991,supply,6532,2026-02-04T16:35:00+00:00,4927.95,4925.05,True,False,80.0,A
992,demand,6535,2026-02-04T16:50:00+00:00,4870.93,4870.33,True,False,60.0,B
993,supply,6540,2026-02-04T17:15:00+00:00,4925.61,4907.59,False,False,65.0,B
994,demand,6542,2026-02-04T17:25:00+00:00,4905.83,4888.35,True,False,55.0,C+
995,supply,6544,2026-02-04T17:35:00+00:00,4921.99,4920.55,True,False,75.0,B+
996,supply,6551,2026-02-04T18:10:00+00:00,4912.86,4906.55,False,False,65.0,B
997,demand,6553,2026-02-04T18:20:00+00:00,4912.01,4896.11,False,False,45.0,C
998,supply,6555,2026-02-04T18:30:00+00:00,4928.59,4919.82,False,False,65.0,B
999,demand,6562,2026-02-04T19:05:00+00:00,4914.89,4914.53,True,False,55.0,C+
1000,supply,6564,2026-02-04T19:15:00+00:00,4950.4,4946.8,True,False,75.0,B+
1001,demand,6568,2026-02-04T19:35:00+00:00,4931.25,4930.82,True,False,55.0,C+
1002,supply,6573,2026-02-04T20:00:00+00:00,4945.71,4936.13,False,False,65.0,B
1003,demand,6579,2026-02-04T20:30:00+00:00,4928.14,4915.08,False,False,45.0,C
1004,supply,6581,2026-02-04T20:40:00+00:00,4951.2,4941.87,False,False,65.0,B
1005,demand,6585,2026-02-04T21:00:00+00:00,4946.58,4937.66,False,False,45.0,C
1006,demand,6692,2026-02-05T06:55:00+00:00,4921.72,4898.74,False,False,45.0,C
1007,supply,6695,2026-02-05T07:10:00+00:00,4931.19,4926.9,True,False,80.0,A
1008,demand,6697,2026-02-05T07:20:00+00:00,4925.41,4911.31,False,False,50.0,C+
1009,supply,6699,2026-02-05T07:30:00+00:00,4933.53,4932.7,True,False,80.0,A
1010,demand,6705,2026-02-05T08:00:00+00:00,4915.03,4914.75,True,False,60.0,B
1011,supply,6717,2026-02-05T09:00:00+00:00,4914.37,4912.18,True,False,80.0,A
1012,demand,6720,2026-02-05T09:15:00+00:00,4874.12,4862.69,False,False,50.0,C+
1013,demand,6723,2026-02-05T09:30:00+00:00,4885.36,4873.39,False,False,50.0,C+
1014,demand,6729,2026-02-05T10:00:00+00:00,4867.17,4854.0,False,False,50.0,C+
1015,supply,6732,2026-02-05T10:15:00+00:00,4877.95,4864.56,False,False,70.0,B+
1016,demand,6735,2026-02-05T10:30:00+00:00,4864.09,4851.85,False,False,50.0,C+
1017,demand,6740,2026-02-05T10:55:00+00:00,4878.59,4868.17,False,False,50.0,C+
1018,demand,6745,2026-02-05T11:20:00+00:00,4881.09,4880.96,True,False,55.0,C+
1019,supply,6747,2026-02-05T11:30:00+00:00,4892.96,4892.1,True,False,75.0,B+
1020,supply,6753,2026-02-05T12:00:00+00:00,4878.18,4868.06,True,False,75.0,B+
1021,demand,6757,2026-02-05T12:20:00+00:00,4831.76,4818.36,False,False,45.0,C
1022,supply,6763,2026-02-05T12:50:00+00:00,4866.4,4854.45,False,False,65.0,B
1023,demand,6766,2026-02-05T13:05:00+00:00,4826.06,4802.14,False,False,50.0,C+
1024,supply,6772,2026-02-05T13:35:00+00:00,4864.8,4863.01,True,False,80.0,A
1025,supply,6776,2026-02-05T13:55:00+00:00,4846.58,4841.86,True,False,80.0,A
1026,demand,6780,2026-02-05T14:15:00+00:00,4824.16,4810.09,False,False,50.0,C+
1027,demand,6784,2026-02-05T14:35:00+00:00,4823.93,4811.8,True,False,60.0,B
1028,supply,6788,2026-02-05T14:55:00+00:00,4858.71,4855.27,True,False,80.0,A
1029,supply,6793,2026-02-05T15:20:00+00:00,4844.29,4826.01,False,False,70.0,B+
1030,demand,6800,2026-02-05T15:55:00+00:00,4820.72,4807.7,False,False,50.0,C+
1031,demand,6804,2026-02-05T16:15:00+00:00,4838.09,4818.58,False,False,50.0,C+
1032,demand,6807,2026-02-05T16:30:00+00:00,4850.15,4847.17,True,False,60.0,B
1033,supply,6812,2026-02-05T16:55:00+00:00,4903.48,4884.33,False,False,70.0,B+
1034,supply,6815,2026-02-05T17:10:00+00:00,4883.04,4881.48,True,False,75.0,B+
1035,supply,6818,2026-02-05T17:25:00+00:00,4875.16,4864.79,False,False,65.0,B
1036,demand,6821,2026-02-05T17:40:00+00:00,4864.06,4860.01,True,False,55.0,C+
1037,supply,6826,2026-02-05T18:05:00+00:00,4875.13,4873.01,True,False,75.0,B+
1038,demand,6829,2026-02-05T18:20:00+00:00,4857.54,4851.58,True,False,55.0,C+
1039,supply,6834,2026-02-05T18:45:00+00:00,4873.17,4861.0,False,False,70.0,B+
1040,supply,6841,2026-02-05T19:20:00+00:00,4854.86,4847.62,False,False,65.0,B
1041,demand,6845,2026-02-05T19:40:00+00:00,4832.84,4828.27,True,False,55.0,C+
1042,supply,6847,2026-02-05T19:50:00+00:00,4842.29,4842.18,True,False,75.0,B+
1043,supply,6851,2026-02-05T20:10:00+00:00,4843.29,4827.73,False,False,65.0,B
1044,supply,6855,2026-02-05T20:30:00+00:00,4831.93,4825.48,True,False,75.0,B+
1045,demand,6860,2026-02-05T20:55:00+00:00,4801.2,4792.78,True,False,55.0,C+
1046,supply,6864,2026-02-05T21:15:00+00:00,4813.45,4810.32,True,False,75.0,B+
1047,supply,6867,2026-02-05T21:30:00+00:00,4804.61,4802.5,True,False,75.0,B+
1048,supply,6968,2026-02-06T06:50:00+00:00,4856.11,4845.14,False,False,45.0,C
1049,demand,6971,2026-02-06T07:05:00+00:00,4847.59,4839.62,False,False,70.0,B+
1050,demand,6974,2026-02-06T07:20:00+00:00,4851.54,4844.99,False,False,70.0,B+
1051,demand,6977,2026-02-06T07:35:00+00:00,4857.07,4850.44,False,False,70.0,B+
1052,supply,6979,2026-02-06T07:45:00+00:00,4856.99,4856.73,True,False,60.0,B
1053,demand,6983,2026-02-06T08:05:00+00:00,4843.41,4833.74,False,False,70.0,B+
1054,supply,6989,2026-02-06T08:35:00+00:00,4882.27,4879.96,True,False,60.0,B
1055,supply,6994,2026-02-06T09:00:00+00:00,4871.67,4861.92,True,False,60.0,B
1056,demand,6997,2026-02-06T09:15:00+00:00,4840.09,4838.88,True,False,80.0,A
1057,supply,7001,2026-02-06T09:35:00+00:00,4872.56,4866.03,True,False,60.0,B
1058,demand,7005,2026-02-06T09:55:00+00:00,4870.06,4860.06,False,False,70.0,B+
1059,supply,7008,2026-02-06T10:10:00+00:00,4877.74,4871.02,False,False,50.0,C+
1060,demand,7012,2026-02-06T10:30:00+00:00,4855.09,4853.19,True,False,80.0,A
1061,demand,7019,2026-02-06T11:05:00+00:00,4874.67,4863.92,False,False,65.0,B
1062,demand,7022,2026-02-06T11:20:00+00:00,4882.67,4880.08,True,False,75.0,B+
1063,supply,7026,2026-02-06T11:40:00+00:00,4893.71,4885.0,False,False,45.0,C
1064,demand,7030,2026-02-06T12:00:00+00:00,4894.3,4883.61,False,False,65.0,B
1065,supply,7032,2026-02-06T12:10:00+00:00,4899.64,4891.04,False,False,45.0,C
1066,demand,7036,2026-02-06T12:30:00+00:00,4877.71,4877.16,True,False,75.0,B+
1067,supply,7043,2026-02-06T13:05:00+00:00,4926.74,4909.56,False,False,50.0,C+
1068,demand,7045,2026-02-06T13:15:00+00:00,4909.62,4907.13,True,False,80.0,A
1069,demand,7048,2026-02-06T13:30:00+00:00,4909.27,4909.01,True,False,80.0,A
1070,supply,7054,2026-02-06T14:00:00+00:00,4932.84,4929.18,True,False,60.0,B
1071,demand,7059,2026-02-06T14:25:00+00:00,4908.02,4894.64,False,False,70.0,B+
1072,supply,7068,2026-02-06T15:10:00+00:00,4960.63,4947.72,False,False,50.0,C+
1073,supply,7072,2026-02-06T15:30:00+00:00,4960.65,4949.27,False,False,50.0,C+
1074,demand,7077,2026-02-06T15:55:00+00:00,4945.18,4936.07,False,False,70.0,B+
1075,supply,7079,2026-02-06T16:05:00+00:00,4950.17,4942.66,False,False,50.0,C+
1076,demand,7089,2026-02-06T16:55:00+00:00,4943.81,4942.34,True,False,80.0,A
1077,supply,7094,2026-02-06T17:20:00+00:00,4959.49,4955.28,False,False,45.0,C
1078,demand,7098,2026-02-06T17:40:00+00:00,4955.49,4949.89,False,False,65.0,B
1079,demand,7101,2026-02-06T17:55:00+00:00,4958.08,4954.21,True,False,75.0,B+
1080,supply,7105,2026-02-06T18:15:00+00:00,4966.5,4965.8,True,False,55.0,C+
1081,demand,7107,2026-02-06T18:25:00+00:00,4957.71,4946.98,False,False,65.0,B
1082,supply,7112,2026-02-06T18:50:00+00:00,4968.36,4963.58,False,False,45.0,C
1083,supply,7119,2026-02-06T19:25:00+00:00,4961.09,4959.05,True,False,55.0,C+
1084,supply,7124,2026-02-06T19:50:00+00:00,4962.72,4959.22,False,False,45.0,C
1085,supply,7128,2026-02-06T20:10:00+00:00,4955.59,4955.47,True,False,55.0,C+
1086,demand,7130,2026-02-06T20:20:00+00:00,4952.56,4950.58,True,False,75.0,B+
1087,demand,7133,2026-02-06T20:35:00+00:00,4943.51,4936.71,False,False,65.0,B
1088,demand,7141,2026-02-06T21:15:00+00:00,4950.96,4947.6,False,False,65.0,B
1089,supply,7245,2026-02-09T06:55:00+00:00,5039.87,5029.48,False,False,45.0,C
1090,demand,7251,2026-02-09T07:25:00+00:00,5009.76,4999.35,False,False,70.0,B+
1091,demand,7256,2026-02-09T07:50:00+00:00,5008.2,5000.98,False,False,70.0,B+
1092,supply,7262,2026-02-09T08:20:00+00:00,5030.83,5023.67,False,False,50.0,C+
1093,demand,7269,2026-02-09T08:55:00+00:00,5028.54,5024.48,False,False,70.0,B+
1094,supply,7271,2026-02-09T09:05:00+00:00,5036.13,5026.57,False,False,50.0,C+
1095,supply,7274,2026-02-09T09:20:00+00:00,5027.5,5023.44,False,False,50.0,C+
1096,demand,7283,2026-02-09T10:05:00+00:00,5005.97,5005.62,True,False,80.0,A
1097,supply,7285,2026-02-09T10:15:00+00:00,5015.22,5010.06,True,False,60.0,B
1098,supply,7289,2026-02-09T10:35:00+00:00,4999.24,4990.15,False,False,70.0,B+
1099,supply,7295,2026-02-09T11:05:00+00:00,4998.74,4992.24,False,False,45.0,C
1100,demand,7297,2026-02-09T11:15:00+00:00,4993.09,4991.49,True,False,75.0,B+
1101,demand,7301,2026-02-09T11:35:00+00:00,5003.88,5001.53,True,False,75.0,B+
1102,demand,7306,2026-02-09T12:00:00+00:00,5010.78,5007.38,True,False,75.0,B+
1103,demand,7312,2026-02-09T12:30:00+00:00,5014.21,5009.5,True,False,75.0,B+
1104,supply,7314,2026-02-09T12:40:00+00:00,5019.44,5014.87,False,False,45.0,C
1105,demand,7318,2026-02-09T13:00:00+00:00,5013.59,5007.77,True,False,80.0,A
1106,supply,7320,2026-02-09T13:10:00+00:00,5024.64,5022.78,True,False,60.0,B
1107,supply,7325,2026-02-09T13:35:00+00:00,5009.52,5007.49,True,False,60.0,B
1108,demand,7330,2026-02-09T14:00:00+00:00,5007.0,5002.36,True,False,80.0,A
1109,demand,7334,2026-02-09T14:20:00+00:00,5019.4,5009.72,False,False,70.0,B+
1110,supply,7343,2026-02-09T15:05:00+00:00,5040.45,5038.18,True,False,60.0,B
1111,demand,7346,2026-02-09T15:20:00+00:00,5027.37,5027.19,True,False,80.0,A
1112,demand,7350,2026-02-09T15:40:00+00:00,5051.78,5047.28,True,False,80.0,A
1113,demand,7353,2026-02-09T15:55:00+00:00,5059.77,5054.79,False,False,70.0,B+
1114,supply,7355,2026-02-09T16:05:00+00:00,5067.54,5063.37,False,False,50.0,C+
1115,demand,7357,2026-02-09T16:15:00+00:00,5063.62,5063.62,True,False,70.0,B+
1116,supply,7359,2026-02-09T16:25:00+00:00,5079.84,5070.51,False,False,50.0,C+
1117,demand,7361,2026-02-09T16:35:00+00:00,5075.79,5067.03,False,False,70.0,B+
1118,supply,7366,2026-02-09T17:00:00+00:00,5075.57,5074.11,True,False,55.0,C+
1119,demand,7368,2026-02-09T17:10:00+00:00,5066.37,5062.93,False,False,65.0,B
1120,supply,7373,2026-02-09T17:35:00+00:00,5070.39,5069.26,True,False,55.0,C+
1121,demand,7378,2026-02-09T18:00:00+00:00,5054.69,5046.19,False,False,65.0,B
1122,supply,7381,2026-02-09T18:15:00+00:00,5059.59,5058.41,True,False,55.0,C+
1123,demand,7383,2026-02-09T18:25:00+00:00,5049.47,5049.45,True,False,75.0,B+
1124,supply,7386,2026-02-09T18:40:00+00:00,5059.42,5057.81,True,False,55.0,C+
1125,demand,7388,2026-02-09T18:50:00+00:00,5057.99,5054.1,False,False,65.0,B
1126,demand,7393,2026-02-09T19:15:00+00:00,5066.16,5064.29,True,False,75.0,B+
1127,supply,7397,2026-02-09T19:35:00+00:00,5080.01,5075.58,False,False,45.0,C
1128,demand,7404,2026-02-09T20:10:00+00:00,5076.2,5075.7,True,False,75.0,B+
1129,supply,7407,2026-02-09T20:25:00+00:00,5081.3,5079.73,False,False,45.0,C
1130,demand,7409,2026-02-09T20:35:00+00:00,5078.45,5072.27,False,False,65.0,B
1131,supply,7414,2026-02-09T21:00:00+00:00,5083.17,5080.7,True,False,55.0,C+
1132,demand,7417,2026-02-09T21:15:00+00:00,5066.3,5061.63,False,False,65.0,B
1133,demand,7420,2026-02-09T21:30:00+00:00,5060.72,5054.73,False,False,65.0,B
1134,demand,7521,2026-02-10T06:55:00+00:00,5027.98,5021.78,False,False,45.0,C
1135,demand,7524,2026-02-10T07:10:00+00:00,5028.58,5028.57,True,False,60.0,B
1136,demand,7527,2026-02-10T07:25:00+00:00,5026.79,5019.51,False,False,50.0,C+
1137,demand,7530,2026-02-10T07:40:00+00:00,5032.46,5026.54,False,False,50.0,C+
1138,supply,7535,2026-02-10T08:05:00+00:00,5041.09,5033.89,False,False,50.0,C+
1139,supply,7538,2026-02-10T08:20:00+00:00,5041.16,5036.11,False,False,50.0,C+
1140,demand,7540,2026-02-10T08:30:00+00:00,5039.97,5034.21,False,False,70.0,B+
1141,demand,7546,2026-02-10T09:00:00+00:00,5041.57,5040.66,True,False,80.0,A
1142,supply,7548,2026-02-10T09:10:00+00:00,5058.6,5051.17,False,False,50.0,C+
1143,supply,7551,2026-02-10T09:25:00+00:00,5055.74,5052.16,False,False,50.0,C+
1144,demand,7553,2026-02-10T09:35:00+00:00,5049.48,5045.6,False,False,70.0,B+
1145,demand,7557,2026-02-10T09:55:00+00:00,5047.13,5042.2,False,False,70.0,B+
1146,supply,7559,2026-02-10T10:05:00+00:00,5051.0,5047.92,False,False,50.0,C+
1147,demand,7561,2026-02-10T10:15:00+00:00,5041.97,5037.13,False,False,70.0,B+
1148,demand,7564,2026-02-10T10:30:00+00:00,5047.9,5046.01,True,False,80.0,A
1149,supply,7566,2026-02-10T10:40:00+00:00,5058.22,5053.71,False,False,50.0,C+
1150,demand,7570,2026-02-10T11:00:00+00:00,5048.07,5044.4,False,False,65.0,B
1151,supply,7572,2026-02-10T11:10:00+00:00,5053.04,5049.55,False,False,45.0,C
1152,demand,7575,2026-02-10T11:25:00+00:00,5046.31,5045.51,True,False,75.0,B+
1153,supply,7577,2026-02-10T11:35:00+00:00,5054.27,5051.05,True,False,55.0,C+
1154,supply,7582,2026-02-10T12:00:00+00:00,5057.18,5055.56,True,False,55.0,C+
1155,supply,7590,2026-02-10T12:40:00+00:00,5045.03,5045.03,True,False,65.0,B
1156,demand,7595,2026-02-10T13:05:00+00:00,5030.24,5030.07,True,False,80.0,A
1157,supply,7598,2026-02-10T13:20:00+00:00,5046.09,5045.64,True,False,60.0,B
1158,demand,7602,2026-02-10T13:40:00+00:00,5053.44,5048.58,False,False,70.0,B+
1159,supply,7604,2026-02-10T13:50:00+00:00,5056.22,5052.43,False,False,50.0,C+
1160,demand,7607,2026-02-10T14:05:00+00:00,5049.2,5047.77,True,False,80.0,A
1161,demand,7611,2026-02-10T14:25:00+00:00,5072.82,5066.84,False,False,70.0,B+
1162,supply,7613,2026-02-10T14:35:00+00:00,5076.07,5075.03,True,False,60.0,B
1163,supply,7617,2026-02-10T14:55:00+00:00,5045.54,5035.65,False,False,70.0,B+
1164,demand,7619,2026-02-10T15:05:00+00:00,5034.67,5033.39,True,False,80.0,A
1165,demand,7626,2026-02-10T15:40:00+00:00,5019.94,5007.84,False,False,50.0,C+
1166,supply,7629,2026-02-10T15:55:00+00:00,5029.72,5025.76,True,False,80.0,A
1167,demand,7631,2026-02-10T16:05:00+00:00,5016.58,5006.85,False,False,50.0,C+
1168,supply,7633,2026-02-10T16:15:00+00:00,5024.33,5016.6,False,False,70.0,B+
1169,demand,7636,2026-02-10T16:30:00+00:00,5008.91,5008.65,True,False,60.0,B
1170,demand,7640,2026-02-10T16:50:00+00:00,5023.37,5015.95,False,False,50.0,C+
1171,demand,7644,2026-02-10T17:10:00+00:00,5026.65,5020.82,False,False,45.0,C
1172,supply,7651,2026-02-10T17:45:00+00:00,5040.07,5037.81,True,False,75.0,B+
1173,demand,7659,2026-02-10T18:25:00+00:00,5011.08,5004.91,False,False,45.0,C
1174,demand,7667,2026-02-10T19:05:00+00:00,5013.47,5010.17,False,False,45.0,C
1175,supply,7677,2026-02-10T19:55:00+00:00,5029.53,5026.74,False,False,65.0,B
1176,demand,7679,2026-02-10T20:05:00+00:00,5024.93,5020.42,False,False,45.0,C
1177,demand,7683,2026-02-10T20:25:00+00:00,5029.1,5023.38,False,False,45.0,C
1178,supply,7689,2026-02-10T20:55:00+00:00,5036.94,5036.02,True,False,75.0,B+
1179,supply,7693,2026-02-10T21:15:00+00:00,5029.8,5027.99,False,False,65.0,B
1180,supply,7696,2026-02-10T21:30:00+00:00,5028.21,5025.53,False,False,65.0,B
