Trade #,Type,Date and time,Signal,Price CAD,Position size (qty),Position size (value),Net P&L USD,Net P&L %,Favorable excursion USD,Favorable excursion %,Adverse excursion USD,Adverse excursion %,Cumulative P&L USD,Cumulative P&L %
1,Exit long,2023-01-04 16:55,Long Exit,1.63306,36765,59932.0971,78.53,0.18,78.53,0.18,0,0.00,78.53,0.00
1,Entry long,2023-01-04 16:45," | F:60,9,2,0,0.76,1,0,45.4,0,0,16.06",1.63014,36765,59932.0971,78.53,0.18,78.53,0.18,0,0.00,78.53,0.00
2,Exit long,2023-01-13 21:55,Long Exit,1.63717,106383,174195.7795,-21.47,-0.02,14.32,0.01,-21.47,-0.02,57.06,0.00
2,Entry long,2023-01-13 21:45," | F:70,12,2,0,0.52,0,1,55.32,1,0,26.9",1.63744,106383,174195.7795,-21.47,-0.02,14.32,0.01,-21.47,-0.02,57.06,0.00
3,Exit long,2023-01-19 16:30,Long Exit,1.66248,48077,79967.43564,-29.92,-0.05,19.59,0.03,-29.92,-0.05,27.14,0.00
3,Entry long,2023-01-19 16:15," | F:70,231,2,0,1.02,0,0,37.43,1,0,19.68",1.66332,48077,79967.43564,-29.92,-0.05,19.59,0.03,-29.92,-0.05,27.14,0.00
4,Exit long,2023-01-25 15:50,Long Exit,1.64609,52632,86676.48288,-29.53,-0.05,16.54,0.03,-29.53,-0.05,-2.39,0.00
4,Entry long,2023-01-25 15:35," | F:70,15,2,0,1.08,0,0,48.48,0,0,18.78",1.64684,52632,86676.48288,-29.53,-0.05,16.54,0.03,-29.53,-0.05,-2.39,0.00
5,Exit long,2023-01-30 09:15,Long Exit,1.65175,65789,108703.8226,-27.66,-0.03,34.09,0.04,-27.66,-0.03,-30.05,0.00
5,Entry long,2023-01-30 09:00," | F:70,16,1,0,0.95,0,1,53.7,1,0,28.31",1.65231,65789,108703.8226,-27.66,-0.03,34.09,0.04,-27.66,-0.03,-30.05,0.00
6,Exit long,2023-01-31 14:30,Long Exit,1.65724,64935,107649.8923,-27.64,-0.03,8.24,0.01,-27.64,-0.03,-57.69,0.00
6,Entry long,2023-01-31 14:15," | F:65,10,2,0,0.94,0,1,52.2,1,0,15.98",1.65781,64935,107649.8923,-27.64,-0.03,8.24,0.01,-27.64,-0.03,-57.69,0.00
7,Exit long,2023-02-14 16:40,Long Exit,1.62544,51020,82794.7458,101.35,0.16,101.35,0.16,-9.18,-0.01,43.66,0.00
7,Entry long,2023-02-14 16:30," | F:75,72,2,0,0.38,0,1,36.81,1,0,39.32",1.62279,51020,82794.7458,101.35,0.16,101.35,0.16,-9.18,-0.01,43.66,0.00
8,Exit short,2023-02-20 15:35,Short Exit,1.61957,94340,152759.1016,-23.09,-0.02,13.3,0.01,-23.09,-0.02,20.57,0.00
8,Entry short,2023-02-20 15:25," | F:65,9,2,1,0.74,0,0,50.1,0,0,11.86",1.61924,94340,152759.1016,-23.09,-0.02,13.3,0.01,-23.09,-0.02,20.57,0.00
9,Exit long,2023-02-20 17:25,Long Exit,1.6186,74627,120826.3369,-26.02,-0.03,17.71,0.02,-26.02,-0.03,-5.45,0.00
9,Entry long,2023-02-20 17:15," | F:50,8,2,0,0.99,0,0,49.27,0,0,11.98",1.61907,74627,120826.3369,-26.02,-0.03,17.71,0.02,-26.02,-0.03,-5.45,0.00
10,Exit short,2023-02-21 20:55,Short Exit,1.63886,98039,160641.8035,-22.58,-0.02,22.58,0.02,-22.58,-0.02,-28.03,0.00
10,Entry short,2023-02-21 20:45," | F:50,10,2,1,1.15,0,1,56.12,1,0,27.34",1.63855,98039,160641.8035,-22.58,-0.02,22.58,0.02,-22.58,-0.02,-28.03,0.00
11,Exit long,2023-02-24 17:05,Long Exit,1.62894,36496,59492.49456,-31.5,-0.07,2.15,0.00,-31.5,-0.07,-59.53,0.00
11,Entry long,2023-02-24 17:00," | F:70,7,2,0,0.73,0,1,54.5,1,0,14.99",1.63011,36496,59492.49456,-31.5,-0.07,2.15,0.00,-31.5,-0.07,-59.53,0.00
12,Exit long,2023-03-01 16:40,Long Exit,1.63663,43478,71198.70324,-30.25,-0.06,76.74,0.15,-30.25,-0.06,-89.79,0.00
12,Entry long,2023-03-01 16:00," | F:55,33,2,0,0.72,1,0,42.65,1,0,21.21",1.63758,43478,71198.70324,-30.25,-0.06,76.74,0.15,-30.25,-0.06,-89.79,0.00
13,Exit long,2023-03-06 08:55,Long Exit,1.63518,64935,106217.4263,-27.2,-0.03,6.68,0.01,-27.2,-0.03,-116.99,0.00
13,Entry long,2023-03-06 08:40," | F:65,101,0,0,1.38,0,1,39.67,1,0,26.03",1.63575,64935,106217.4263,-27.2,-0.03,6.68,0.01,-27.2,-0.03,-116.99,0.00
14,Exit long,2023-03-09 08:15,Long Exit,1.63568,100000,163598,-21.73,-0.02,10.87,0.01,-21.73,-0.02,-138.72,0.00
14,Entry long,2023-03-09 08:00," | F:70,34,0,0,0.77,0,1,48.71,1,0,24.45",1.63598,100000,163598,-21.73,-0.02,10.87,0.01,-21.73,-0.02,-138.72,0.00
15,Exit long,2023-03-15 08:15,Long Exit,1.66328,102041,169752.3464,-21.62,-0.02,2.98,0.00,-21.62,-0.02,-160.33,0.00
15,Entry long,2023-03-15 08:10," | F:50,9,0,0,0.71,0,0,46.79,1,0,16.44",1.66357,102041,169752.3464,-21.62,-0.02,2.98,0.00,-21.62,-0.02,-160.33,0.00
16,Exit long,2023-03-15 17:10,Time Stop (Bars),1.66559,15385,25561.5621,46.41,0.25,53.16,0.28,-13.37,-0.07,-113.92,0.00
16,Entry long,2023-03-15 14:10," | F:55,14,2,0,0.51,1,0,54.83,1,0,20.3",1.66146,15385,25561.5621,46.41,0.25,53.16,0.28,-13.37,-0.07,-113.92,0.00
17,Exit long,2023-03-20 15:50,Long Exit,1.67457,39062,65454.2403,-30.71,-0.06,23.03,0.05,-30.71,-0.06,-144.63,0.00
17,Entry long,2023-03-20 15:40," | F:65,9,2,0,1.39,0,1,54.78,1,0,12.04",1.67565,39062,65454.2403,-30.71,-0.06,23.03,0.05,-30.71,-0.06,-144.63,0.00
18,Exit long,2023-03-22 18:45,Long Exit,1.67986,40323,67628.92914,78.78,0.16,78.78,0.16,-25.57,-0.05,-65.86,0.00
18,Entry long,2023-03-22 16:00," | F:65,85,2,0,0.85,0,0,27.85,1,0,32.83",1.67718,40323,67628.92914,78.78,0.16,78.78,0.16,-25.57,-0.05,-65.86,0.00
19,Exit long,2023-03-23 09:35,Long Exit,1.68454,66667,112339.895,-26.7,-0.03,71.35,0.09,-26.7,-0.03,-92.55,0.00
19,Entry long,2023-03-23 09:05," | F:70,15,1,0,0.86,0,1,51.12,1,0,23.32",1.68509,66667,112339.895,-26.7,-0.03,71.35,0.09,-26.7,-0.03,-92.55,0.00
20,Exit long,2023-03-24 00:00,Time Stop (Bars),1.68473,25381,42750.74116,6.85,0.02,38.99,0.13,-22.17,-0.07,-85.7,0.00
20,Entry long,2023-03-23 21:00," | F:70,14,2,0,0.53,0,1,59.19,1,0,15.03",1.68436,25381,42750.74116,6.85,0.02,38.99,0.13,-22.17,-0.07,-85.7,0.00
21,Exit long,2023-03-28 19:05,Long Exit,1.67992,90909,152751.6654,-23.28,-0.02,1.33,0.00,-23.28,-0.02,-108.98,0.00
21,Entry long,2023-03-28 19:00," | F:75,9,2,0,1.09,0,0,47.14,1,0,17.2",1.68027,90909,152751.6654,-23.28,-0.02,1.33,0.00,-23.28,-0.02,-108.98,0.00
22,Exit long,2023-03-31 17:45,Long Exit,1.67405,50505,84587.7942,-29.49,-0.05,9.7,0.02,-29.49,-0.05,-138.47,0.00
22,Entry long,2023-03-31 17:35," | F:65,208,2,0,0.47,0,0,40.13,1,0,13.64",1.67484,50505,84587.7942,-29.49,-0.05,9.7,0.02,-29.49,-0.05,-138.47,0.00
23,Exit long,2023-04-04 20:05,Long Exit,1.68063,78125,131333.5938,-25.58,-0.03,1.74,0.00,-25.58,-0.03,-164.05,0.00
23,Entry long,2023-04-04 20:00," | F:70,17,2,0,0.76,0,1,50.16,1,0,16.88",1.68107,78125,131333.5938,-25.58,-0.03,1.74,0.00,-25.58,-0.03,-164.05,0.00
24,Exit long,2023-04-07 00:00,Long Exit,1.67693,94340,158232.7084,-23.12,-0.02,80.57,0.07,-23.12,-0.02,-187.17,0.00
24,Entry long,2023-04-06 21:25," | F:55,36,2,0,1.97,0,0,40.38,1,0,16.44",1.67726,94340,158232.7084,-23.12,-0.02,80.57,0.07,-23.12,-0.02,-187.17,0.00
25,Exit long,2023-04-07 16:15,Long Exit,1.67562,25000,41935.5,-33.34,-0.11,9.82,0.03,-33.34,-0.11,-220.52,0.00
25,Entry long,2023-04-07 15:45," | F:50,259,2,0,0.71,0,0,37.2,1,0,25.24",1.67742,25000,41935.5,-33.34,-0.11,9.82,0.03,-33.34,-0.11,-220.52,0.00
26,Exit long,2023-04-21 10:10,Long Exit,1.67673,56818,95307.08138,-28.66,-0.04,5.9,0.01,-28.66,-0.04,-249.18,0.00
26,Entry long,2023-04-21 10:00," | F:70,73,1,0,0.92,0,1,36.31,1,0,20.58",1.67741,56818,95307.08138,-28.66,-0.04,5.9,0.01,-28.66,-0.04,-249.18,0.00
27,Exit long,2023-04-24 14:20,Long Exit,1.68321,100000,168351,-22.15,-0.02,2.95,0.00,-22.15,-0.02,-271.32,0.00
27,Entry long,2023-04-24 14:15," | F:80,12,1,0,0.88,1,0,42.33,1,0,20.76",1.68351,100000,168351,-22.15,-0.02,2.95,0.00,-22.15,-0.02,-271.32,0.00
28,Exit short,2023-04-24 15:20,Short Exit,1.68548,74627,125747.2413,-25.89,-0.03,6.61,0.01,-25.89,-0.03,-297.21,0.00
28,Entry short,2023-04-24 15:15," | F:70,16,2,1,1.17,0,1,59.03,1,0,17.34",1.68501,74627,125747.2413,-25.89,-0.03,6.61,0.01,-25.89,-0.03,-297.21,0.00
29,Exit long,2023-04-26 19:00,Long Exit,1.6976,48077,81655.89988,-29.62,-0.05,33.85,0.06,-29.62,-0.05,-326.84,0.00
29,Entry long,2023-04-26 18:15," | F:75,36,2,0,0.2,1,1,38.38,1,0,27.82",1.69844,48077,81655.89988,-29.62,-0.05,33.85,0.06,-29.62,-0.05,-326.84,0.00
30,Exit long,2023-04-27 15:55,Long Exit,1.69596,41667,70707.23232,-30.55,-0.06,0.31,0.00,-30.55,-0.06,-357.38,0.00
30,Entry long,2023-04-27 15:45," | F:55,27,2,0,0.73,0,0,37.87,1,0,28.14",1.69696,41667,70707.23232,-30.55,-0.06,0.31,0.00,-30.55,-0.06,-357.38,0.00
31,Exit long,2023-05-03 21:00,Long Exit,1.70994,38462,65660.01868,79.01,0.16,79.01,0.16,-23.14,-0.05,-278.37,0.00
31,Entry long,2023-05-03 20:10," | F:70,32,2,0,0.88,0,1,48.63,1,0,18.34",1.70714,38462,65660.01868,79.01,0.16,79.01,0.16,-23.14,-0.05,-278.37,0.00
32,Exit long,2023-05-03 21:30,Long Exit,1.70685,46296,79061.06808,-29.89,-0.05,11.89,0.02,-29.89,-0.05,-308.26,0.00
32,Entry long,2023-05-03 21:25," | F:65,12,2,0,0.7,0,1,51.4,1,0,18.22",1.70773,46296,79061.06808,-29.89,-0.05,11.89,0.02,-29.89,-0.05,-308.26,0.00
33,Exit long,2023-05-04 09:50,Long Exit,1.70998,74627,127645.7522,-25.75,-0.03,50.95,0.05,-25.75,-0.03,-334.01,0.00
33,Entry long,2023-05-04 09:40," | F:70,9,0,0,1.23,0,1,50.05,1,0,26.1",1.71045,74627,127645.7522,-25.75,-0.03,50.95,0.05,-25.75,-0.03,-334.01,0.00
34,Exit long,2023-06-13 13:45,Time Stop (Bars),1.6785,41667,69897.22584,30.53,0.06,52.02,0.10,-25.54,-0.05,-303.48,0.00
34,Entry long,2023-06-13 10:45," | F:75,17,1,0,1.14,1,1,55.37,1,0,28.02",1.67752,41667,69897.22584,30.53,0.06,52.02,0.10,-25.54,-0.05,-303.48,0.00
35,Exit long,2023-06-21 10:20,Long Exit,1.68917,63291,106946.6002,-28.2,-0.03,13.86,0.02,-28.2,-0.03,-331.68,0.00
35,Entry long,2023-06-21 10:15," | F:75,11,1,0,1.01,1,1,53,1,0,44.72",1.68976,63291,106946.6002,-28.2,-0.03,13.86,0.02,-28.2,-0.03,-331.68,0.00
36,Exit long,2023-06-28 10:25,Long Exit,1.68212,51020,85861.558,-30.15,-0.05,4.64,0.01,-30.15,-0.05,-361.83,0.00
36,Entry long,2023-06-28 10:15," | F:70,14,1,0,1.38,0,1,58.56,1,0,27.52",1.6829,51020,85861.558,-30.15,-0.05,4.64,0.01,-30.15,-0.05,-361.83,0.00
37,Exit long,2023-07-03 08:45,Long Exit,1.68162,121951,205100.8503,-19.32,-0.01,35.88,0.02,-19.32,-0.01,-381.15,0.00
37,Entry long,2023-07-03 08:25," | F:65,16,0,0,0.34,0,1,44.86,1,0,12.31",1.68183,121951,205100.8503,-19.32,-0.01,35.88,0.02,-19.32,-0.01,-381.15,0.00
38,Exit long,2023-07-04 10:05,Long Exit,1.68078,66667,112089.2271,-27.66,-0.03,61.86,0.07,-27.66,-0.03,-408.81,0.00
38,Entry long,2023-07-04 09:15," | F:70,10,0,0,0.53,0,1,52.82,1,0,15.58",1.68133,66667,112089.2271,-27.66,-0.03,61.86,0.07,-27.66,-0.03,-408.81,0.00
39,Exit long,2023-07-06 10:00,Long Exit,1.68879,106383,179687.27,-21.62,-0.02,96.88,0.07,-21.62,-0.02,-430.43,0.00
39,Entry long,2023-07-06 09:30," | F:65,15,0,0,0.56,0,1,49.18,1,0,28.46",1.68906,106383,179687.27,-21.62,-0.02,96.88,0.07,-21.62,-0.02,-430.43,0.00
40,Exit long,2023-07-13 20:45,Time Stop (Bars),1.72047,33784,58084.15552,30.48,0.07,61.47,0.14,-25.35,-0.06,-399.95,0.00
40,Entry long,2023-07-13 17:45," | F:75,35,2,0,0.46,1,1,40.06,1,0,23.99",1.71928,33784,58084.15552,30.48,0.07,61.47,0.14,-25.35,-0.06,-399.95,0.00
41,Exit long,2023-07-14 20:55,Long Exit,1.73119,90909,157412.5699,-24.25,-0.02,42.96,0.04,-24.25,-0.02,-424.21,0.00
41,Entry long,2023-07-14 20:10," | F:80,13,2,0,0.48,1,1,59.12,1,0,40.89",1.73154,90909,157412.5699,-24.25,-0.02,42.96,0.04,-24.25,-0.02,-424.21,0.00
42,Exit long,2023-07-27 00:00,Time Stop (Bars),1.70875,20161,34433.37512,12.7,0.05,37.03,0.14,-13.62,-0.05,-411.51,0.00
42,Entry long,2023-07-26 21:00," | F:75,43,2,0,1.4,0,1,46.79,1,0,16.6",1.70792,20161,34433.37512,12.7,0.05,37.03,0.14,-13.62,-0.05,-411.51,0.00
43,Exit long,2023-08-02 15:50,Long Exit,1.69459,54945,93148.2585,-29.39,-0.04,13.66,0.02,-29.39,-0.04,-440.9,0.00
43,Entry long,2023-08-02 15:40," | F:55,248,2,0,0.61,0,0,21.67,1,0,37.66",1.6953,54945,93148.2585,-29.39,-0.04,13.66,0.02,-29.39,-0.04,-440.9,0.00
44,Exit long,2023-08-08 08:45,Long Exit,1.7089,92593,158263.6593,-23.53,-0.02,21.46,0.02,-23.53,-0.02,-464.43,0.00
44,Entry long,2023-08-08 08:25," | F:70,7,0,0,1,0,1,63.34,1,0,20.18",1.70924,92593,158263.6593,-23.53,-0.02,21.46,0.02,-23.53,-0.02,-464.43,0.00
45,Exit long,2023-08-08 22:55,Long Exit,1.7094,70423,120416.9919,-26.85,-0.03,63.7,0.07,-26.85,-0.03,-491.28,0.00
45,Entry long,2023-08-08 21:25," | F:70,150,2,0,0.48,0,0,30.53,1,0,24.43",1.70991,70423,120416.9919,-26.85,-0.03,63.7,0.07,-26.85,-0.03,-491.28,0.00
46,Exit long,2023-08-09 20:35,Long Exit,1.70845,47619,81395.1567,-30.16,-0.05,16.32,0.03,-30.16,-0.05,-521.43,-0.01
46,Entry long,2023-08-09 20:05," | F:50,86,2,0,0.65,0,0,44.77,1,0,16.29",1.7093,47619,81395.1567,-30.16,-0.05,16.32,0.03,-30.16,-0.05,-521.43,-0.01
47,Exit long,2023-08-11 17:10,Long Exit,1.70674,18797,32127.8324,-34.38,-0.14,18.31,0.08,-34.38,-0.14,-555.81,-0.01
47,Entry long,2023-08-11 16:00," | F:70,63,2,0,0.51,0,1,47.36,1,0,36.56",1.7092,18797,32127.8324,-34.38,-0.14,18.31,0.08,-34.38,-0.14,-555.81,-0.01
48,Exit long,2023-08-11 23:45,Time Stop (Bars),1.70716,83333,142191.0979,53.28,0.05,114.61,0.11,-12.39,-0.01,-502.53,-0.01
48,Entry long,2023-08-11 20:45," | F:45,9,2,0,0.67,0,0,49.13,1,0,14.1",1.7063,83333,142191.0979,53.28,0.05,114.61,0.11,-12.39,-0.01,-502.53,-0.01
49,Exit long,2023-08-14 14:30,Long Exit,1.70699,79365,135509.3883,-25.37,-0.03,18.29,0.02,-25.37,-0.03,-527.9,-0.01
49,Entry long,2023-08-14 14:05," | F:70,13,1,0,0.73,0,1,46.08,1,0,19.69",1.70742,79365,135509.3883,-25.37,-0.03,18.29,0.02,-25.37,-0.03,-527.9,-0.01
50,Exit long,2023-08-17 11:55,Long Exit,1.72149,83333,143490.2594,-24.63,-0.02,79.42,0.07,-24.63,-0.02,-552.53,-0.01
50,Entry long,2023-08-17 10:10," | F:65,9,1,0,0.92,0,1,47.28,1,0,26.81",1.72189,83333,143490.2594,-24.63,-0.02,79.42,0.07,-24.63,-0.02,-552.53,-0.01
51,Exit long,2023-08-17 17:20,Long Exit,1.72279,36496,62917.64416,-31.55,-0.07,65.79,0.14,-31.55,-0.07,-584.07,-0.01
51,Entry long,2023-08-17 15:30," | F:70,10,2,0,0.57,0,1,63.6,1,0,27.24",1.72396,36496,62917.64416,-31.55,-0.07,65.79,0.14,-31.55,-0.07,-584.07,-0.01
52,Exit long,2023-08-18 11:55,Long Exit,1.7222,68493,117994.9459,-26.79,-0.03,67.24,0.08,-26.79,-0.03,-610.87,-0.01
52,Entry long,2023-08-18 11:05," | F:55,10,1,0,0.71,0,0,43.18,1,0,29.69",1.72273,68493,117994.9459,-26.79,-0.03,67.24,0.08,-26.79,-0.03,-610.87,-0.01
53,Exit short,2023-08-23 15:45,Short Exit,1.71586,63291,108561.1536,-27.54,-0.03,27.07,0.03,-27.54,-0.03,-638.41,-0.01
53,Entry short,2023-08-23 15:35," | F:70,11,2,1,0.96,0,0,51.53,0,0,23.6",1.71527,63291,108561.1536,-27.54,-0.03,27.07,0.03,-27.54,-0.03,-638.41,-0.01
54,Exit long,2023-10-02 21:10,Long Exit,1.65521,75758,125430.2479,-25.65,-0.03,17.84,0.02,-25.65,-0.03,-664.06,-0.01
54,Entry long,2023-10-02 21:00," | F:75,55,2,0,1.21,0,1,40.23,1,0,14.81",1.65567,75758,125430.2479,-25.65,-0.03,17.84,0.02,-25.65,-0.03,-664.06,-0.01
55,Exit long,2023-10-03 20:40,Long Exit,1.65583,121951,201955.734,-18.72,-0.01,41.02,0.03,-18.72,-0.01,-682.78,-0.01
55,Entry long,2023-10-03 20:30," | F:75,8,2,0,0.57,0,1,47.98,1,0,8.31",1.65604,121951,201955.734,-18.72,-0.01,41.02,0.03,-18.72,-0.01,-682.78,-0.01
56,Exit long,2023-10-11 09:30,Long Exit,1.66989,71429,119314.2873,-26.28,-0.03,15.24,0.02,-26.28,-0.03,-709.06,-0.01
56,Entry long,2023-10-11 09:05," | F:70,55,0,0,0.97,0,1,44.6,1,0,18.48",1.67039,71429,119314.2873,-26.28,-0.03,15.24,0.02,-26.28,-0.03,-709.06,-0.01
57,Exit long,2023-10-11 18:30,Time Stop (Bars),1.67402,20080,33573.3584,30.14,0.12,55.86,0.23,-10.34,-0.04,-678.92,-0.01
57,Entry long,2023-10-11 15:30," | F:75,34,2,0,0.72,0,1,56.45,1,0,23.27",1.67198,20080,33573.3584,30.14,0.12,55.86,0.23,-10.34,-0.04,-678.92,-0.01
58,Exit long,2023-10-12 17:50,Long Exit,1.66861,57471,95935.19088,-28.32,-0.04,6.76,0.01,-28.32,-0.04,-707.24,-0.01
58,Entry long,2023-10-12 17:35," | F:55,8,2,0,0.86,0,0,49.6,1,0,21.59",1.66928,57471,95935.19088,-28.32,-0.04,6.76,0.01,-28.32,-0.04,-707.24,-0.01
59,Exit short,2023-10-16 16:50,Short Exit,1.65614,43860,72747.0732,79.6,0.15,79.6,0.15,-4.81,-0.01,-627.64,-0.01
59,Entry short,2023-10-16 16:35," | F:70,19,2,1,0.82,0,0,52.9,0,0,12.06",1.65862,43860,72747.0732,79.6,0.15,79.6,0.15,-4.81,-0.01,-627.64,-0.01
60,Exit long,2023-10-27 07:55,Long Exit,1.67563,119048,199506.5908,-18.93,-0.01,5.16,0.00,-18.93,-0.01,-646.57,-0.01
60,Entry long,2023-10-27 07:45," | F:70,9,0,0,0.45,0,1,51.81,1,0,13.52",1.67585,119048,199506.5908,-18.93,-0.01,5.16,0.00,-18.93,-0.01,-646.57,-0.01
61,Exit long,2023-10-31 13:45,Long Exit,1.68473,60976,102765.9016,-27.33,-0.04,21.6,0.03,-27.33,-0.04,-673.9,-0.01
61,Entry long,2023-10-31 13:30," | F:75,9,1,0,0.64,0,1,57.01,1,0,32.52",1.68535,60976,102765.9016,-27.33,-0.04,21.6,0.03,-27.33,-0.04,-673.9,-0.01
62,Exit long,2023-10-31 14:30,Long Exit,1.68362,52083,87727.56354,-28.61,-0.05,30.87,0.05,-28.61,-0.05,-702.51,-0.01
62,Entry long,2023-10-31 14:00," | F:80,24,2,0,1.41,1,1,47.11,1,0,25",1.68438,52083,87727.56354,-28.61,-0.05,30.87,0.05,-28.61,-0.05,-702.51,-0.01
63,Exit long,2023-11-07 19:40,Long Exit,1.68972,60976,103070.1718,-27.58,-0.04,12.46,0.02,-27.58,-0.04,-730.09,-0.01
63,Entry long,2023-11-07 19:30," | F:55,52,2,0,1.05,0,0,37.15,1,0,20.02",1.69034,60976,103070.1718,-27.58,-0.04,12.46,0.02,-27.58,-0.04,-730.09,-0.01
64,Exit long,2023-11-07 22:05,Long Exit,1.69114,64103,108444.3272,-27.13,-0.03,31.8,0.04,-27.13,-0.03,-757.22,-0.01
64,Entry long,2023-11-07 21:25," | F:70,6,2,0,0.89,0,1,55.32,1,0,15.23",1.69172,64103,108444.3272,-27.13,-0.03,31.8,0.04,-27.13,-0.03,-757.22,-0.01
65,Exit short,2023-11-09 21:10,Short Exit,1.68732,60241,101783.1936,99.52,0.13,99.52,0.13,-5.67,-0.01,-657.7,-0.01
65,Entry short,2023-11-09 20:45," | F:70,19,2,1,0.77,0,0,51.74,1,0,17.72",1.6896,60241,101783.1936,99.52,0.13,99.52,0.13,-5.67,-0.01,-657.7,-0.01
66,Exit long,2023-11-13 18:05,Long Exit,1.69,63291,106999.1317,-27.05,-0.03,88.95,0.11,-27.05,-0.03,-684.75,-0.01
66,Entry long,2023-11-13 16:45," | F:75,53,2,0,0.65,0,1,32.89,1,0,21.91",1.69059,63291,106999.1317,-27.05,-0.03,88.95,0.11,-27.05,-0.03,-684.75,-0.01
67,Exit long,2023-11-17 16:20,Long Exit,1.70308,87719,149424.9305,-23.58,-0.02,0.64,0.00,-23.58,-0.02,-708.33,-0.01
67,Entry long,2023-11-17 16:15," | F:50,60,2,0,1.15,0,0,37.89,1,0,19.7",1.70345,87719,149424.9305,-23.58,-0.02,0.64,0.00,-23.58,-0.02,-708.33,-0.01
68,Exit long,2023-11-21 17:30,Long Exit,1.71596,43478,74647.81298,-30.07,-0.06,8.23,0.02,-30.07,-0.06,-738.4,-0.01
68,Entry long,2023-11-21 17:10," | F:70,168,2,0,0.38,0,0,36.73,1,0,25.42",1.71691,43478,74647.81298,-30.07,-0.06,8.23,0.02,-30.07,-0.06,-738.4,-0.01
69,Exit long,2023-11-22 16:10,Long Exit,1.71638,39063,67089.13998,-30.78,-0.06,6.27,0.01,-30.78,-0.06,-769.18,-0.01
69,Entry long,2023-11-22 16:05," | F:50,188,2,0,0.3,0,0,39.92,1,0,30.45",1.71746,39063,67089.13998,-30.78,-0.06,6.27,0.01,-30.78,-0.06,-769.18,-0.01
70,Exit long,2023-11-27 17:45,Long Exit,1.72004,39370,67760.1007,-30.87,-0.06,19.91,0.04,-30.87,-0.06,-800.05,-0.01
70,Entry long,2023-11-27 17:20," | F:75,74,2,0,0.64,0,1,44.92,1,0,11.83",1.72111,39370,67760.1007,-30.87,-0.06,19.91,0.04,-30.87,-0.06,-800.05,-0.01
71,Exit long,2023-11-29 16:45,Long Exit,1.72559,56818,97908.20942,100.42,0.14,100.42,0.14,0,0.00,-699.63,-0.01
71,Entry long,2023-11-29 15:45," | F:65,13,2,0,0.59,0,1,50.31,1,0,30.45",1.72319,56818,97908.20942,100.42,0.14,100.42,0.14,0,0.00,-699.63,-0.01
72,Exit short,2023-11-30 18:10,Short Exit,1.71749,53191,91315.64925,-28.95,-0.04,0,0.00,-28.95,-0.04,-728.58,-0.01
72,Entry short,2023-11-30 18:05," | F:75,19,2,1,0.98,0,0,52.7,0,0,32.89",1.71675,53191,91315.64925,-28.95,-0.04,0,0.00,-28.95,-0.04,-728.58,-0.01
73,Exit long,2023-12-04 15:25,Long Exit,1.71445,90909,155890.7532,-23.56,-0.02,67.33,0.06,-23.56,-0.02,-752.14,-0.01
73,Entry long,2023-12-04 14:45," | F:75,28,2,0,0.91,0,1,37.81,1,0,20.04",1.7148,90909,155890.7532,-23.56,-0.02,67.33,0.06,-23.56,-0.02,-752.14,-0.01
74,Exit long,2023-12-22 20:40,Long Exit,1.68518,156250,263328.125,-14.11,-0.01,14.11,0.01,-14.11,-0.01,-766.25,-0.01
74,Entry long,2023-12-22 20:35," | F:50,7,2,0,0.73,0,0,48.13,0,0,17.1",1.6853,156250,263328.125,-14.11,-0.01,14.11,0.01,-14.11,-0.01,-766.25,-0.01
75,Exit long,2024-01-05 07:25,Long Exit,1.69425,161290,273283.3244,-13.28,-0.01,4.83,0.00,-13.28,-0.01,-779.54,-0.01
75,Entry long,2024-01-05 07:20," | F:70,17,0,0,0.43,0,1,47.32,1,0,9.71",1.69436,161290,273283.3244,-13.28,-0.01,4.83,0.00,-13.28,-0.01,-779.54,-0.01
76,Exit long,2024-01-05 07:40,Long Exit,1.69414,111111,188265.3673,-20.8,-0.01,4.99,0.00,-20.8,-0.01,-800.34,-0.01
76,Entry long,2024-01-05 07:30," | F:70,25,0,0,1.16,0,1,49.47,1,0,10.19",1.69439,111111,188265.3673,-20.8,-0.01,4.99,0.00,-20.8,-0.01,-800.34,-0.01
77,Exit long,2024-01-08 09:40,Long Exit,1.69886,68493,116396.3193,-27.16,-0.03,14.35,0.02,-27.16,-0.03,-827.49,-0.01
77,Entry long,2024-01-08 09:15," | F:70,9,1,0,0.72,0,1,59.05,1,0,32.9",1.69939,68493,116396.3193,-27.16,-0.03,14.35,0.02,-27.16,-0.03,-827.49,-0.01
78,Exit long,2024-01-11 07:25,Long Exit,1.7055,135135,230495.7154,-17.16,-0.01,1.01,0.00,-17.16,-0.01,-844.65,-0.01
78,Entry long,2024-01-11 07:20," | F:70,9,0,0,0.97,0,1,50.34,1,0,12.26",1.70567,135135,230495.7154,-17.16,-0.01,1.01,0.00,-17.16,-0.01,-844.65,-0.01
79,Exit long,2024-01-11 11:00,Time Stop (Bars),1.70579,113636,193747.1073,68.76,0.05,112.9,0.08,-2.55,0.00,-775.9,-0.01
79,Entry long,2024-01-11 08:00," | F:70,80,0,0,0.74,0,1,32.94,1,0,24.94",1.70498,113636,193747.1073,68.76,0.05,112.9,0.08,-2.55,0.00,-775.9,-0.01
80,Exit long,2024-01-18 10:00,Long Exit,1.71354,94340,161486.495,124.98,0.10,124.98,0.10,-7.68,-0.01,-650.92,-0.01
80,Entry long,2024-01-18 09:35," | F:70,21,1,0,0.8,0,1,47.78,1,0,16.51",1.71175,94340,161486.495,124.98,0.10,124.98,0.10,-7.68,-0.01,-650.92,-0.01
81,Exit long,2024-01-18 11:50,Long Exit,1.71178,70423,120584.5987,-26.58,-0.03,32.84,0.04,-26.58,-0.03,-677.5,-0.01
81,Entry long,2024-01-18 11:25," | F:75,23,1,0,0.82,0,1,46.29,1,0,16.98",1.71229,70423,120584.5987,-26.58,-0.03,32.84,0.04,-26.58,-0.03,-677.5,-0.01
82,Exit long,2024-01-18 15:55,Long Exit,1.71047,45455,77790.32335,-30.28,-0.05,26.24,0.05,-30.28,-0.05,-707.77,-0.01
82,Entry long,2024-01-18 15:40," | F:70,11,2,0,0.92,0,0,47.87,1,0,17.49",1.71137,45455,77790.32335,-30.28,-0.05,26.24,0.05,-30.28,-0.05,-707.77,-0.01
83,Exit short,2024-01-22 21:45,Short Exit,1.7117,94340,161450.6458,-23.18,-0.02,5.62,0.00,-23.18,-0.02,-730.95,-0.01
83,Entry short,2024-01-22 21:40," | F:55,9,2,1,0.89,1,1,51.85,1,0,12.53",1.71137,94340,161450.6458,-23.18,-0.02,5.62,0.00,-23.18,-0.02,-730.95,-0.01
84,Exit short,2024-01-29 19:35,Short Exit,1.70523,166667,284188.9017,-12.39,-0.01,19.82,0.01,-12.39,-0.01,-743.34,-0.01
84,Entry short,2024-01-29 19:30," | F:70,13,2,1,0.91,0,0,50.13,0,0,16.59",1.70513,166667,284188.9017,-12.39,-0.01,19.82,0.01,-12.39,-0.01,-743.34,-0.01
85,Exit short,2024-01-30 19:10,Short Exit,1.70104,111111,188976.4777,-20.69,-0.01,4.14,0.00,-20.69,-0.01,-764.03,-0.01
85,Entry short,2024-01-30 19:05," | F:80,13,2,1,0.74,1,0,52.66,0,0,11.29",1.70079,111111,188976.4777,-20.69,-0.01,4.14,0.00,-20.69,-0.01,-764.03,-0.01
86,Exit long,2024-01-31 17:40,Long Exit,1.70237,63291,107782.0414,-27.87,-0.03,49.59,0.06,-27.87,-0.03,-791.9,-0.01
86,Entry long,2024-01-31 17:25," | F:75,13,2,0,0.58,0,1,42.99,0,0,25.31",1.70296,63291,107782.0414,-27.87,-0.03,49.59,0.06,-27.87,-0.03,-791.9,-0.01
87,Exit long,2024-02-02 15:30,Long Exit,1.70509,55556,94766.86924,-29.03,-0.04,2.07,0.00,-29.03,-0.04,-820.93,-0.01
87,Entry long,2024-02-02 15:25," | F:75,53,2,0,0.7,0,1,43.93,1,0,11.67",1.70579,55556,94766.86924,-29.03,-0.04,2.07,0.00,-29.03,-0.04,-820.93,-0.01
88,Exit long,2024-02-02 15:45,Long Exit,1.70218,53191,90580.01772,-29.39,-0.04,0,0.00,-29.39,-0.04,-850.32,-0.01
88,Entry long,2024-02-02 15:40," | F:70,242,2,0,0.75,0,0,28.77,1,0,17.95",1.70292,53191,90580.01772,-29.39,-0.04,0,0.00,-29.39,-0.04,-850.32,-0.01
89,Exit long,2024-02-27 20:15,Long Exit,1.71526,81967,140628.3229,-24.87,-0.02,13.95,0.01,-24.87,-0.02,-875.19,-0.01
89,Entry long,2024-02-27 20:00," | F:75,18,2,0,0.82,0,1,48.58,1,0,30.32",1.71567,81967,140628.3229,-24.87,-0.02,13.95,0.01,-24.87,-0.02,-875.19,-0.01
90,Exit long,2024-02-28 15:10,Long Exit,1.7169,71429,122672.1646,-26.39,-0.03,88.13,0.10,-26.39,-0.03,-901.57,-0.01
90,Entry long,2024-02-28 13:15," | F:75,8,1,0,1.12,0,1,59.95,1,0,19.79",1.7174,71429,122672.1646,-26.39,-0.03,88.13,0.10,-26.39,-0.03,-901.57,-0.01
91,Exit long,2024-03-06 15:45,Long Exit,1.72676,75758,130850.7328,-25.64,-0.03,2.79,0.00,-25.64,-0.03,-927.21,-0.01
91,Entry long,2024-03-06 15:40," | F:75,10,2,0,1.51,1,1,48.02,1,0,15.78",1.72722,75758,130850.7328,-25.64,-0.03,2.79,0.00,-25.64,-0.03,-927.21,-0.01
92,Exit long,2024-03-07 12:45,Long Exit,1.72157,102041,175700.3163,-21.89,-0.02,32.45,0.02,-21.89,-0.02,-949.1,-0.01
92,Entry long,2024-03-07 12:15," | F:80,7,1,0,0.76,1,1,60.63,1,0,25.13",1.72186,102041,175700.3163,-21.89,-0.02,32.45,0.02,-21.89,-0.02,-949.1,-0.01
93,Exit long,2024-03-15 11:10,Long Exit,1.72545,119048,205437.5622,-19.35,-0.01,12.31,0.01,-19.35,-0.01,-968.45,-0.01
93,Entry long,2024-03-15 11:05," | F:75,10,1,0,1.36,0,1,56.18,1,0,19.22",1.72567,119048,205437.5622,-19.35,-0.01,12.31,0.01,-19.35,-0.01,-968.45,-0.01
94,Exit long,2024-03-15 15:25,Long Exit,1.72388,68493,118110.0141,-26.82,-0.03,22.27,0.03,-26.82,-0.03,-995.27,-0.01
94,Entry long,2024-03-15 15:05," | F:50,109,2,0,0.47,0,0,39.62,1,0,21.98",1.72441,68493,118110.0141,-26.82,-0.03,22.27,0.03,-26.82,-0.03,-995.27,-0.01
95,Exit long,2024-04-05 08:35,Long Exit,1.71267,116279,199174.2991,-19.74,-0.01,0,0.00,-19.74,-0.01,-1015.01,-0.01
95,Entry long,2024-04-05 08:30," | F:65,59,0,0,0.81,0,1,37.16,1,0,21.68",1.7129,116279,199174.2991,-19.74,-0.01,0,0.00,-19.74,-0.01,-1015.01,-0.01
96,Exit long,2024-04-11 11:45,Long Exit,1.71776,89286,153404.0623,-23.49,-0.02,4.57,0.00,-23.49,-0.02,-1038.5,-0.01
96,Entry long,2024-04-11 11:40," | F:75,11,1,0,1.14,0,1,57.62,1,0,29.65",1.71812,89286,153404.0623,-23.49,-0.02,4.57,0.00,-23.49,-0.02,-1038.5,-0.01
97,Exit long,2024-04-25 13:55,Long Exit,1.71095,69444,118851.3227,-26.35,-0.03,53.7,0.06,-26.35,-0.03,-1064.85,-0.01
97,Entry long,2024-04-25 13:00," | F:75,20,1,0,1.16,0,1,52.35,1,0,30.47",1.71147,69444,118851.3227,-26.35,-0.03,53.7,0.06,-26.35,-0.03,-1064.85,-0.01
98,Exit long,2024-04-26 22:20,Long Exit,1.70683,111111,189675.3659,-20.33,-0.01,65.88,0.05,-20.33,-0.01,-1085.18,-0.01
98,Entry long,2024-04-26 20:30," | F:55,12,2,0,1.03,0,0,53.34,1,0,21.8",1.70708,111111,189675.3659,-20.33,-0.01,65.88,0.05,-20.33,-0.01,-1085.18,-0.01
99,Exit long,2024-04-29 08:50,Long Exit,1.7106,98039,167735.9055,-22.22,-0.02,2.87,0.00,-22.22,-0.02,-1107.4,-0.01
99,Entry long,2024-04-29 08:45," | F:70,9,0,0,1.13,0,1,65.93,1,0,52.07",1.71091,98039,167735.9055,-22.22,-0.02,2.87,0.00,-22.22,-0.02,-1107.4,-0.01
100,Exit long,2024-04-30 18:30,Time Stop (Bars),1.72091,14620,25101.3704,42.68,0.23,61.3,0.33,-7.7,-0.04,-1064.72,-0.01
100,Entry long,2024-04-30 15:30," | F:75,245,2,0,0.32,0,1,52.58,1,0,17.59",1.71692,14620,25101.3704,42.68,0.23,61.3,0.33,-7.7,-0.04,-1064.72,-0.01
101,Exit long,2024-05-02 08:10,Long Exit,1.71976,142857,245701.1829,-15.59,-0.01,3.12,0.00,-15.59,-0.01,-1080.31,-0.01
101,Entry long,2024-05-02 08:05," | F:70,10,0,0,0.58,0,1,50.48,1,0,8.34",1.71991,142857,245701.1829,-15.59,-0.01,3.12,0.00,-15.59,-0.01,-1080.31,-0.01
102,Exit long,2024-05-07 18:40,Long Exit,1.71981,54348,93332.36388,99.38,0.15,99.38,0.15,-4.37,-0.01,-980.92,-0.01
102,Entry long,2024-05-07 18:05," | F:75,23,2,0,0.66,0,1,43.94,1,0,35.27",1.71731,54348,93332.36388,99.38,0.15,99.38,0.15,-4.37,-0.01,-980.92,-0.01
103,Exit long,2024-05-07 23:00,Long Exit,1.71671,42017,72172.6009,-30.43,-0.06,7.38,0.01,-30.43,-0.06,-1011.35,-0.01
103,Entry long,2024-05-07 20:45," | F:65,6,2,0,1.04,0,1,47.7,1,0,20.03",1.7177,42017,72172.6009,-30.43,-0.06,7.38,0.01,-30.43,-0.06,-1011.35,-0.01
104,Exit long,2024-05-08 16:00,Long Exit,1.71556,76923,132000.6372,-25.22,-0.03,47.07,0.05,-25.22,-0.03,-1036.56,-0.01
104,Entry long,2024-05-08 15:30," | F:50,44,2,0,0.61,0,0,34.2,1,0,30.62",1.71601,76923,132000.6372,-25.22,-0.03,47.07,0.05,-25.22,-0.03,-1036.56,-0.01
105,Exit long,2024-05-08 21:15,Long Exit,1.71525,100000,171555,-21.85,-0.02,18.21,0.01,-21.85,-0.02,-1058.42,-0.01
105,Entry long,2024-05-08 20:40," | F:60,17,2,0,0.53,1,0,52.62,1,0,12.04",1.71555,100000,171555,-21.85,-0.02,18.21,0.01,-21.85,-0.02,-1058.42,-0.01
106,Exit long,2024-05-09 17:05,Long Exit,1.71149,68493,117261.3859,-26.45,-0.03,1.5,0.00,-26.45,-0.03,-1084.86,-0.01
106,Entry long,2024-05-09 17:00," | F:70,19,2,0,0.91,0,0,42.76,0,0,13.96",1.71202,68493,117261.3859,-26.45,-0.03,1.5,0.00,-26.45,-0.03,-1084.86,-0.01
107,Exit long,2024-05-13 21:05,Time Stop (Bars),1.71689,81967,140717.6669,7.79,0.01,83.29,0.08,-8.39,-0.01,-1077.07,-0.01
107,Entry long,2024-05-13 18:05," | F:80,12,2,0,1.24,1,1,48.65,1,0,29.73",1.71676,81967,140717.6669,7.79,0.01,83.29,0.08,-8.39,-0.01,-1077.07,-0.01
108,Exit long,2024-05-14 21:30,Long Exit,1.71889,128205,220394.6514,-17.82,-0.01,0,0.00,-17.82,-0.01,-1094.89,-0.01
108,Entry long,2024-05-14 21:25," | F:65,9,2,0,0.86,0,1,55.23,1,0,26.32",1.71908,128205,220394.6514,-17.82,-0.01,0,0.00,-17.82,-0.01,-1094.89,-0.01
109,Exit long,2024-05-15 18:30,Time Stop (Bars),1.72254,24390,41971.0437,30.54,0.10,72.34,0.24,-15,-0.05,-1064.35,-0.01
109,Entry long,2024-05-15 15:30," | F:75,9,2,0,0.27,1,1,67.65,1,0,24.56",1.72083,24390,41971.0437,30.54,0.10,72.34,0.24,-15,-0.05,-1064.35,-0.01
110,Exit short,2024-05-23 16:30,Short Exit,1.74077,108696,189186.475,-20.63,-0.01,11.11,0.01,-20.63,-0.01,-1084.98,-0.01
110,Entry short,2024-05-23 16:25," | F:70,11,2,1,0.8,0,1,53.95,1,0,14.36",1.74051,108696,189186.475,-20.63,-0.01,11.11,0.01,-20.63,-0.01,-1084.98,-0.01
111,Exit long,2024-05-30 15:20,Long Exit,1.7416,50000,87120,-29.15,-0.05,1.82,0.00,-29.15,-0.05,-1114.13,-0.01
111,Entry long,2024-05-30 15:00," | F:75,62,2,0,1.27,1,0,38.16,1,0,26.28",1.7424,50000,87120,-29.15,-0.05,1.82,0.00,-29.15,-0.05,-1114.13,-0.01
112,Exit long,2024-06-04 11:35,Long Exit,1.74768,79365,138738.7502,-25.03,-0.02,18.62,0.02,-25.03,-0.02,-1139.16,-0.01
112,Entry long,2024-06-04 11:30," | F:80,11,1,0,0.91,1,1,54.12,1,0,37.59",1.74811,79365,138738.7502,-25.03,-0.02,18.62,0.02,-25.03,-0.02,-1139.16,-0.01
113,Exit long,2024-06-04 15:35,Long Exit,1.7448,74627,130244.2643,-25.72,-0.03,7.11,0.01,-25.72,-0.03,-1164.88,-0.01
113,Entry long,2024-06-04 15:25," | F:65,175,2,0,1.63,0,0,38.92,1,0,27.69",1.74527,74627,130244.2643,-25.72,-0.03,7.11,0.01,-25.72,-0.03,-1164.88,-0.01
114,Exit long,2024-06-04 20:00,Long Exit,1.74949,90909,159076.2046,-23.33,-0.02,37.33,0.03,-23.33,-0.02,-1188.21,-0.01
114,Entry long,2024-06-04 19:40," | F:80,10,2,0,0.62,1,1,57.51,1,0,25.85",1.74984,90909,159076.2046,-23.33,-0.02,37.33,0.03,-23.33,-0.02,-1188.21,-0.01
115,Exit long,2024-06-06 00:00,Long Exit,1.74981,94340,165141.2266,-46.87,-0.04,75.82,0.06,-46.87,-0.04,-1235.08,-0.01
115,Entry long,2024-06-05 21:40," | F:75,11,2,0,1.1,1,1,49.62,1,0,9.33",1.75049,94340,165141.2266,-46.87,-0.04,75.82,0.06,-46.87,-0.04,-1235.08,-0.01
116,Exit long,2024-06-07 22:00,Long Exit,1.74878,100000,174908,-21.94,-0.02,65.81,0.05,-21.94,-0.02,-1257.01,-0.01
116,Entry long,2024-06-07 20:00," | F:75,21,2,0,0.85,0,1,48.59,1,0,23.62",1.74908,100000,174908,-21.94,-0.02,65.81,0.05,-21.94,-0.02,-1257.01,-0.01
117,Exit long,2024-06-14 18:55,Long Exit,1.74255,50505,88047.3867,-29.03,-0.05,3.31,0.01,-29.03,-0.05,-1286.04,-0.01
117,Entry long,2024-06-14 18:40," | F:60,7,2,0,0.79,1,0,44.53,0,0,23.85",1.74334,50505,88047.3867,-29.03,-0.05,3.31,0.01,-29.03,-0.05,-1286.04,-0.01
118,Exit long,2024-06-24 18:55,Long Exit,1.73215,55556,96270.2146,-28.39,-0.04,78.67,0.11,-28.39,-0.04,-1314.43,-0.01
118,Entry long,2024-06-24 16:40," | F:70,21,2,0,0.94,0,1,47.41,0,0,20.67",1.73285,55556,96270.2146,-28.39,-0.04,78.67,0.11,-28.39,-0.04,-1314.43,-0.01
119,Exit long,2024-07-12 18:30,Time Stop (Bars),1.76808,14620,25816.1422,24.33,0.13,43.62,0.23,-4.5,-0.02,-1290.1,-0.01
119,Entry long,2024-07-12 15:30," | F:70,38,2,0,0.31,0,1,59.33,1,0,47.5",1.76581,14620,25816.1422,24.33,0.13,43.62,0.23,-4.5,-0.02,-1290.1,-0.01
120,Exit long,2024-07-16 15:30,Long Exit,1.77305,89286,158340.6853,-23.48,-0.02,77.61,0.07,-23.48,-0.02,-1313.58,-0.01
120,Entry long,2024-07-16 13:40," | F:80,15,1,0,0.79,1,0,40.89,1,0,20.24",1.77341,89286,158340.6853,-23.48,-0.02,77.61,0.07,-23.48,-0.02,-1313.58,-0.01
121,Exit long,2024-07-17 18:55,Long Exit,1.77939,64935,115581.7026,-27.06,-0.03,74.07,0.09,-27.06,-0.03,-1340.64,-0.01
121,Entry long,2024-07-17 17:10," | F:75,70,2,0,0.82,0,1,36.92,1,0,17.69",1.77996,64935,115581.7026,-27.06,-0.03,74.07,0.09,-27.06,-0.03,-1340.64,-0.01
122,Exit long,2024-08-15 15:30,Long Exit,1.76166,60976,107459.8341,-29.78,-0.04,28,0.04,-29.78,-0.04,-1370.42,-0.01
122,Entry long,2024-08-15 15:05," | F:75,16,2,0,0.71,0,1,60.68,1,0,26.21",1.76233,60976,107459.8341,-29.78,-0.04,28,0.04,-29.78,-0.04,-1370.42,-0.01
123,Exit long,2024-08-23 16:15,Long Exit,1.78071,64935,115667.4168,-27.18,-0.03,8.58,0.01,-27.18,-0.03,-1397.59,-0.01
123,Entry long,2024-08-23 16:05," | F:75,202,2,0,0.29,1,0,38.18,1,0,21.89",1.78128,64935,115667.4168,-27.18,-0.03,8.58,0.01,-27.18,-0.03,-1397.59,-0.01
124,Exit long,2024-08-30 12:00,Long Exit,1.77648,67568,120069.6874,-27.04,-0.03,5.01,0.01,-27.04,-0.03,-1424.63,-0.01
124,Entry long,2024-08-30 11:45," | F:75,17,1,0,0.69,0,1,48.6,1,0,29.12",1.77702,67568,120069.6874,-27.04,-0.03,5.01,0.01,-27.04,-0.03,-1424.63,-0.01
125,Exit long,2024-09-04 16:45,Long Exit,1.77712,80645,143349.7133,-24.99,-0.02,97.57,0.09,-24.99,-0.02,-1449.62,-0.01
125,Entry long,2024-09-04 15:30," | F:65,9,2,0,0.64,0,1,50.48,1,0,17.06",1.77754,80645,143349.7133,-24.99,-0.02,97.57,0.09,-24.99,-0.02,-1449.62,-0.01
126,Exit long,2024-09-10 15:25,Long Exit,1.77605,113636,201850.4904,-20.11,-0.01,115.63,0.08,-20.11,-0.01,-1469.73,-0.01
126,Entry long,2024-09-10 13:40," | F:75,16,1,0,0.95,0,1,44.54,1,0,20.53",1.77629,113636,201850.4904,-20.11,-0.01,115.63,0.08,-20.11,-0.01,-1469.73,-0.01
127,Exit long,2024-09-11 09:05,Long Exit,1.78071,80645,143639.2289,-24.87,-0.02,6.51,0.01,-24.87,-0.02,-1494.6,-0.01
127,Entry long,2024-09-11 09:00," | F:70,36,0,0,0.54,0,1,40.21,1,0,31.86",1.78113,80645,143639.2289,-24.87,-0.02,6.51,0.01,-24.87,-0.02,-1494.6,-0.01
128,Exit short,2024-09-11 15:30,Short Exit,1.77804,57471,102147.2313,-28.27,-0.04,2.95,0.00,-28.27,-0.04,-1522.87,-0.02
128,Entry short,2024-09-11 15:25," | F:75,13,2,1,1,1,0,51.5,1,0,15.17",1.77737,57471,102147.2313,-28.27,-0.04,2.95,0.00,-28.27,-0.04,-1522.87,-0.02
129,Exit long,2024-09-18 20:55,Long Exit,1.79422,63291,113595.3197,-27.45,-0.03,60.49,0.07,-27.45,-0.03,-1550.33,-0.02
129,Entry long,2024-09-18 18:20," | F:80,81,2,0,0.33,1,1,35.18,1,0,32.9",1.79481,63291,113595.3197,-27.45,-0.03,60.49,0.07,-27.45,-0.03,-1550.33,-0.02
130,Exit long,2024-09-26 10:05,Long Exit,1.79837,121951,219138.6299,129.28,0.08,129.28,0.08,-5.42,0.00,-1421.05,-0.01
130,Entry long,2024-09-26 08:35," | F:70,9,0,0,2.34,0,1,55.71,1,0,18.51",1.79694,121951,219138.6299,129.28,0.08,129.28,0.08,-5.42,0.00,-1421.05,-0.01
131,Exit long,2024-09-27 18:30,Time Stop (Bars),1.80839,18727,33827.14191,28.64,0.11,34.2,0.14,-5.98,-0.02,-1392.42,-0.01
131,Entry long,2024-09-27 15:30," | F:75,28,2,0,0.55,0,1,67.9,1,0,12.71",1.80633,18727,33827.14191,28.64,0.11,34.2,0.14,-5.98,-0.02,-1392.42,-0.01
132,Exit long,2024-09-30 10:00,Long Exit,1.80981,60976,110217.7786,101.46,0.12,101.46,0.12,-1.8,0.00,-1290.96,-0.01
132,Entry long,2024-09-30 09:15," | F:70,100,0,0,1.18,0,0,40.63,1,0,26.89",1.80756,60976,110217.7786,101.46,0.12,101.46,0.12,-1.8,0.00,-1290.96,-0.01
133,Exit long,2024-09-30 10:55,Long Exit,1.81078,42017,75975.1394,80.16,0.14,80.16,0.14,0,0.00,-1210.79,-0.01
133,Entry long,2024-09-30 10:30," | F:70,16,1,0,0.78,0,1,48.76,1,0,19.93",1.8082,42017,75975.1394,80.16,0.14,80.16,0.14,0,0.00,-1210.79,-0.01
134,Exit short,2024-10-01 15:35,Short Exit,1.80224,96154,173261.8157,-22.74,-0.02,1.42,0.00,-22.74,-0.02,-1233.53,-0.01
134,Entry short,2024-10-01 15:30," | F:70,16,2,1,0.83,0,0,50.08,0,0,27.56",1.80192,96154,173261.8157,-22.74,-0.02,1.42,0.00,-22.74,-0.02,-1233.53,-0.01
135,Exit long,2024-10-14 13:40,Long Exit,1.80053,138889,250096.0334,-16.14,-0.01,11.09,0.01,-16.14,-0.01,-1249.67,-0.01
135,Entry long,2024-10-14 13:35," | F:80,9,1,0,0.55,1,1,48.88,1,0,14.64",1.80069,138889,250096.0334,-16.14,-0.01,11.09,0.01,-16.14,-0.01,-1249.67,-0.01
136,Exit long,2024-10-16 16:50,Long Exit,1.79356,96154,172488.7375,-22.33,-0.02,17.44,0.01,-22.33,-0.02,-1272,-0.01
136,Entry long,2024-10-16 16:45," | F:55,7,2,0,0.98,0,0,45.3,0,0,19.11",1.79388,96154,172488.7375,-22.33,-0.02,17.44,0.01,-22.33,-0.02,-1272,-0.01
137,Exit long,2024-10-25 16:35,Long Exit,1.7997,83333,149807.7341,120.28,0.11,120.28,0.11,-8.42,-0.01,-1151.72,-0.01
137,Entry long,2024-10-25 15:30," | F:75,25,2,0,0.61,0,1,46.78,1,0,26.12",1.7977,83333,149807.7341,120.28,0.11,120.28,0.11,-8.42,-0.01,-1151.72,-0.01
138,Exit long,2024-10-28 20:35,Long Exit,1.80188,108696,195885.4094,-20.33,-0.01,17.99,0.01,-20.33,-0.01,-1172.05,-0.01
138,Entry long,2024-10-28 20:05," | F:80,92,2,0,1.28,1,0,28.91,1,0,37.16",1.80214,108696,195885.4094,-20.33,-0.01,17.99,0.01,-20.33,-0.01,-1172.05,-0.01
139,Exit long,2024-10-31 15:45,Long Exit,1.80292,66667,120231.9345,-26.36,-0.03,77.16,0.09,-26.36,-0.03,-1198.41,-0.01
139,Entry long,2024-10-31 15:20," | F:70,82,2,0,0.22,0,0,38.57,1,0,19.58",1.80347,66667,120231.9345,-26.36,-0.03,77.16,0.09,-26.36,-0.03,-1198.41,-0.01
140,Exit long,2024-11-05 17:55,Long Exit,1.80077,20576,37098.528,-32.99,-0.12,9.17,0.03,-32.99,-0.12,-1231.4,-0.01
140,Entry long,2024-11-05 17:00," | F:75,100,2,0,0.1,1,1,51.85,1,0,14.37",1.803,20576,37098.528,-32.99,-0.12,9.17,0.03,-32.99,-0.12,-1231.4,-0.01
141,Exit long,2024-11-07 18:50,Long Exit,1.80038,44248,79704.36488,-29.51,-0.05,18.4,0.03,-29.51,-0.05,-1260.9,-0.01
141,Entry long,2024-11-07 18:10," | F:70,14,2,0,0.93,0,1,55.42,1,0,31.37",1.80131,44248,79704.36488,-29.51,-0.05,18.4,0.03,-29.51,-0.05,-1260.9,-0.01
142,Exit long,2024-11-08 16:40,Long Exit,1.79849,54945,98857.044,-28.14,-0.04,79.27,0.11,-28.14,-0.04,-1289.04,-0.01
142,Entry long,2024-11-08 15:40," | F:50,64,2,0,0.85,0,0,35.46,1,0,19.07",1.7992,54945,98857.044,-28.14,-0.04,79.27,0.11,-28.14,-0.04,-1289.04,-0.01
143,Exit long,2024-11-18 15:35,Long Exit,1.77812,75758,134741.6636,-24.73,-0.03,79.56,0.08,-24.73,-0.03,-1313.77,-0.01
143,Entry long,2024-11-18 14:15," | F:70,10,2,0,0.58,0,0,48.29,0,0,10.69",1.77858,75758,134741.6636,-24.73,-0.03,79.56,0.08,-24.73,-0.03,-1313.77,-0.01
144,Exit long,2024-12-02 11:05,Long Exit,1.78266,63291,112688.3597,98.44,0.12,98.44,0.12,-23.03,-0.03,-1215.33,-0.01
144,Entry long,2024-12-02 09:15," | F:70,12,1,0,0.64,0,1,48.52,1,0,20.35",1.78048,63291,112688.3597,98.44,0.12,98.44,0.12,-23.03,-0.03,-1215.33,-0.01
145,Exit long,2024-12-03 11:40,Long Exit,1.77737,65789,116968.2368,-26.21,-0.03,55.7,0.07,-26.21,-0.03,-1241.54,-0.01
145,Entry long,2024-12-03 10:40," | F:70,7,1,0,1.24,0,1,54.62,1,0,21.13",1.77793,65789,116968.2368,-26.21,-0.03,55.7,0.07,-26.21,-0.03,-1241.54,-0.01
146,Exit long,2024-12-03 12:55,Long Exit,1.77756,54945,97707.04515,-27.76,-0.04,8.6,0.01,-27.76,-0.04,-1269.3,-0.01
146,Entry long,2024-12-03 12:40," | F:70,8,1,0,0.79,0,1,54.2,1,0,15.71",1.77827,54945,97707.04515,-27.76,-0.04,8.6,0.01,-27.76,-0.04,-1269.3,-0.01
147,Exit long,2024-12-06 18:30,Time Stop (Bars),1.80265,12658,22769.46356,34.55,0.21,46.45,0.29,-1.8,-0.01,-1234.75,-0.01
147,Entry long,2024-12-06 15:30," | F:70,8,2,0,0.95,0,1,84.51,1,0,52.02",1.79882,12658,22769.46356,34.55,0.21,46.45,0.29,-1.8,-0.01,-1234.75,-0.01
148,Exit long,2024-12-09 14:50,Long Exit,1.80227,98039,176723.1406,-21.45,-0.02,4.84,0.00,-21.45,-0.02,-1256.2,-0.01
148,Entry long,2024-12-09 14:45," | F:70,82,2,0,0.7,0,0,25.57,1,0,44.97",1.80258,98039,176723.1406,-21.45,-0.02,4.84,0.00,-21.45,-0.02,-1256.2,-0.01
149,Exit long,2024-12-09 16:50,Long Exit,1.80353,68493,123390.1395,98.15,0.11,98.15,0.11,-10.15,-0.01,-1158.05,-0.01
149,Entry long,2024-12-09 16:20," | F:55,12,2,0,1.02,0,0,37.34,1,0,43.87",1.8015,68493,123390.1395,98.15,0.11,98.15,0.11,-10.15,-0.01,-1158.05,-0.01
150,Exit long,2024-12-10 10:50,Long Exit,1.80744,125000,225955,-17.63,-0.01,0.88,0.00,-17.63,-0.01,-1175.68,-0.01
150,Entry long,2024-12-10 10:45," | F:70,10,1,0,0.75,0,1,48.22,1,0,13.58",1.80764,125000,225955,-17.63,-0.01,0.88,0.00,-17.63,-0.01,-1175.68,-0.01
151,Exit long,2024-12-12 14:20,Long Exit,1.8024,108696,195941.9314,-19.95,-0.01,31.46,0.02,-19.95,-0.01,-1195.63,-0.01
151,Entry long,2024-12-12 14:10," | F:50,11,2,0,1.16,0,0,45.66,1,0,18.14",1.80266,108696,195941.9314,-19.95,-0.01,31.46,0.02,-19.95,-0.01,-1195.63,-0.01
152,Exit long,2024-12-13 16:00,Long Exit,1.79975,68493,123306.578,-25.52,-0.03,19.74,0.02,-25.52,-0.03,-1221.15,-0.01
152,Entry long,2024-12-13 15:35," | F:65,8,2,0,1.23,0,1,62.1,1,0,22.2",1.80028,68493,123306.578,-25.52,-0.03,19.74,0.02,-25.52,-0.03,-1221.15,-0.01
153,Exit long,2024-12-13 17:40,Long Exit,1.79649,52083,93606.17175,-27.82,-0.04,5.86,0.01,-27.82,-0.04,-1248.97,-0.01
153,Entry long,2024-12-13 17:35," | F:55,71,2,0,1.12,0,0,29.75,1,0,26.46",1.79725,52083,93606.17175,-27.82,-0.04,5.86,0.01,-27.82,-0.04,-1248.97,-0.01
154,Exit long,2024-12-17 21:30,Long Exit,1.81912,50505,91914.55455,-28,-0.04,39.34,0.06,-28,-0.04,-1276.97,-0.01
154,Entry long,2024-12-17 19:25," | F:75,14,2,0,0.66,0,1,58.87,1,0,41.71",1.81991,50505,91914.55455,-28,-0.04,39.34,0.06,-28,-0.04,-1276.97,-0.01
155,Exit long,2024-12-19 08:15,Long Exit,1.81675,54348,98775.85956,-27.07,-0.04,0.75,0.00,-27.07,-0.04,-1304.04,-0.01
155,Entry long,2024-12-19 08:00," | F:50,13,0,0,0.89,0,1,58.41,1,0,20.33",1.81747,54348,98775.85956,-27.07,-0.04,0.75,0.00,-27.07,-0.04,-1304.04,-0.01
156,Exit long,2024-12-23 10:15,Long Exit,1.80711,96154,173591.6239,117.65,0.10,117.65,0.10,-18.05,-0.01,-1186.39,-0.01
156,Entry long,2024-12-23 08:35," | F:70,80,0,0,0.7,0,1,41.22,1,0,13.85",1.80535,96154,173591.6239,117.65,0.10,117.65,0.10,-18.05,-0.01,-1186.39,-0.01
157,Exit long,2024-12-27 17:00,Long Exit,1.81098,69444,125622.8071,96.35,0.11,96.35,0.11,-24.09,-0.03,-1090.04,-0.01
157,Entry long,2024-12-27 16:25," | F:75,9,2,0,0.83,0,1,62.08,1,0,33.33",1.80898,69444,125622.8071,96.35,0.11,96.35,0.11,-24.09,-0.03,-1090.04,-0.01
158,Exit long,2024-12-30 15:35,Long Exit,1.81056,64103,116099.5074,-25.78,-0.03,68.45,0.09,-25.78,-0.03,-1115.82,-0.01
158,Entry long,2024-12-30 14:40," | F:70,8,2,0,1.11,0,1,49.2,1,0,14.59",1.81114,64103,116099.5074,-25.78,-0.03,68.45,0.09,-25.78,-0.03,-1115.82,-0.01
159,Exit long,2024-12-31 16:30,Long Exit,1.80263,49505,89279.2972,-27.92,-0.04,4.83,0.01,-27.92,-0.04,-1143.74,-0.01
159,Entry long,2024-12-31 16:25," | F:80,17,2,0,0.79,1,1,48.95,0,0,11.04",1.80344,49505,89279.2972,-27.92,-0.04,4.83,0.01,-27.92,-0.04,-1143.74,-0.01
160,Exit short,2025-01-22 16:45,Short Exit,1.77338,53191,94288.49424,-27.46,-0.04,49.73,0.08,-27.46,-0.04,-1171.2,-0.01
160,Entry short,2025-01-22 15:45," | F:60,6,2,1,0.69,1,1,59.79,1,1.19,24.75",1.77264,53191,94288.49424,-27.46,-0.04,49.73,0.08,-27.46,-0.04,-1171.2,-0.01
161,Exit long,2025-01-22 21:05,Long Exit,1.7711,116279,205768.4812,120.88,0.08,120.88,0.08,-12.17,-0.01,-1050.32,-0.01
161,Entry long,2025-01-22 20:35," | F:55,19,2,0,0.85,1,0,43.41,1,0.76,22.89",1.76961,116279,205768.4812,120.88,0.08,120.88,0.08,-12.17,-0.01,-1050.32,-0.01
162,Exit long,2025-01-23 07:10,Long Exit,1.77204,80645,142940.0367,-23.54,-0.02,3.36,0.00,-23.54,-0.02,-1073.86,-0.01
162,Entry long,2025-01-23 07:05," | F:70,10,0,0,0.53,0,1,60.31,1,1.35,18.33",1.77246,80645,142940.0367,-23.54,-0.02,3.36,0.00,-23.54,-0.02,-1073.86,-0.01
163,Exit long,2025-01-29 09:10,Long Exit,1.79424,102041,182915.6354,118.28,0.09,118.28,0.09,-5.67,0.00,-955.58,-0.01
163,Entry long,2025-01-29 07:45," | F:70,17,0,0,0.82,0,1,56.04,1,0.9,22.7",1.79257,102041,182915.6354,118.28,0.09,118.28,0.09,-5.67,0.00,-955.58,-0.01
164,Exit long,2025-01-29 13:40,Long Exit,1.79095,98039,175613.3391,-21.1,-0.02,16.33,0.01,-21.1,-0.02,-976.68,-0.01
164,Entry long,2025-01-29 13:30," | F:50,8,1,0,1.03,0,0,41.25,1,0.85,29.79",1.79126,98039,175613.3391,-21.1,-0.02,16.33,0.01,-21.1,-0.02,-976.68,-0.01
165,Exit long,2025-01-30 10:00,Long Exit,1.79543,131579,236064.5681,122.2,0.07,122.2,0.07,-7.3,0.00,-854.47,-0.01
165,Entry long,2025-01-30 08:20," | F:70,56,0,0,0.65,0,0,36.63,1,1.02,18.07",1.79409,131579,236064.5681,122.2,0.07,122.2,0.07,-7.3,0.00,-854.47,-0.01
166,Exit long,2025-02-03 08:40,Long Exit,1.80731,104167,188291.2275,-20.07,-0.02,0,0.00,-20.07,-0.02,-874.54,-0.01
166,Entry long,2025-02-03 08:35," | F:75,21,0,0,0.33,1,1,37.9,1,1.08,18.69",1.80759,104167,188291.2275,-20.07,-0.02,0,0.00,-20.07,-0.02,-874.54,-0.01
167,Exit long,2025-02-03 17:20,Long Exit,1.81073,44643,80877.49095,-28.26,-0.05,4.3,0.01,-28.26,-0.05,-902.8,-0.01
167,Entry long,2025-02-03 17:15," | F:75,7,2,0,0.74,0,1,50.01,1,1.22,11.79",1.81165,44643,80877.49095,-28.26,-0.05,4.3,0.01,-28.26,-0.05,-902.8,-0.01
168,Exit long,2025-02-06 08:00,Long Exit,1.79067,92593,165834.9889,-21.98,-0.02,20.04,0.02,-21.98,-0.02,-924.78,-0.01
168,Entry long,2025-02-06 07:20," | F:70,16,0,0,0.53,0,1,49.78,1,1.1,24.44",1.79101,92593,165834.9889,-21.98,-0.02,20.04,0.02,-21.98,-0.02,-924.78,-0.01
169,Exit short,2025-02-18 15:10,Short Exit,1.78878,52632,94107.59496,-27.81,-0.04,40.05,0.06,-27.81,-0.04,-952.59,-0.01
169,Entry short,2025-02-18 14:10," | F:70,13,2,1,0.8,0,0,51.83,1,1.21,26.17",1.78803,52632,94107.59496,-27.81,-0.04,40.05,0.06,-27.81,-0.04,-952.59,-0.01
170,Exit long,2025-02-18 21:55,Long Exit,1.78739,100000,178769,-21.14,-0.02,4.23,0.00,-21.14,-0.02,-973.73,-0.01
170,Entry long,2025-02-18 21:45," | F:50,7,2,0,0.78,0,0,46.33,1,0.85,18.28",1.78769,100000,178769,-21.14,-0.02,4.23,0.00,-21.14,-0.02,-973.73,-0.01
171,Exit short,2025-02-19 16:10,Short Exit,1.78679,75758,135528.7893,116.27,0.12,116.27,0.12,-8,-0.01,-857.46,-0.01
171,Entry short,2025-02-19 15:05," | F:80,33,2,1,0.89,1,0,56.08,1,1.13,16.04",1.78897,75758,135528.7893,116.27,0.12,116.27,0.12,-8,-0.01,-857.46,-0.01
172,Exit long,2025-02-21 11:40,Long Exit,1.79482,60241,108159.7035,-26.76,-0.04,61.16,0.08,-26.76,-0.04,-884.22,-0.01
172,Entry long,2025-02-21 10:20," | F:65,28,1,0,0.46,0,1,39.89,1,1.45,36.81",1.79545,60241,108159.7035,-26.76,-0.04,61.16,0.08,-26.76,-0.04,-884.22,-0.01
173,Exit short,2025-02-21 21:35,Short Exit,1.79773,86207,154944.1515,-23.09,-0.02,0,0.00,-23.09,-0.02,-907.31,-0.01
173,Entry short,2025-02-21 21:30," | F:55,17,2,1,1.2,1,1,56.53,1,1.02,32.67",1.79735,86207,154944.1515,-23.09,-0.02,0,0.00,-23.09,-0.02,-907.31,-0.01
174,Exit short,2025-02-24 18:20,Short Exit,1.79804,35461,63717.38863,-30.15,-0.07,46.34,0.10,-30.15,-0.07,-937.46,-0.01
174,Entry short,2025-02-24 16:30," | F:60,12,2,1,0.81,1,0,51.17,1,1.53,16.09",1.79683,35461,63717.38863,-30.15,-0.07,46.34,0.10,-30.15,-0.07,-937.46,-0.01
175,Exit long,2025-02-26 17:30,Long Exit,1.81795,36765,66729.57795,74.94,0.16,74.94,0.16,-3.85,-0.01,-862.52,-0.01
175,Entry long,2025-02-26 15:00," | F:70,14,2,0,0.87,0,1,60.47,1,1.38,19.35",1.81503,36765,66729.57795,74.94,0.16,74.94,0.16,-3.85,-0.01,-862.52,-0.01
176,Exit short,2025-02-27 15:45,Short Exit,1.82174,28571,52004.64849,-30.87,-0.09,35.85,0.10,-30.87,-0.09,-893.39,-0.01
176,Entry short,2025-02-27 15:30," | F:55,243,2,1,1.68,1,1,66.69,1,1.55,24.55",1.82019,28571,52004.64849,-30.87,-0.09,35.85,0.10,-30.87,-0.09,-893.39,-0.01
177,Exit short,2025-03-04 14:40,Short Exit,1.83759,62500,114811.875,-25.88,-0.03,35.37,0.04,-25.88,-0.03,-919.27,-0.01
177,Entry short,2025-03-04 14:20," | F:70,41,2,1,0.89,0,1,59.57,1,1.16,15.66",1.83699,62500,114811.875,-25.88,-0.03,35.37,0.04,-25.88,-0.03,-919.27,-0.01
178,Exit long,2025-03-27 21:25,Long Exit,1.85292,78125,144793.75,-24.02,-0.02,14.19,0.01,-24.02,-0.02,-943.28,-0.01
178,Entry long,2025-03-27 21:05," | F:70,11,2,0,0.76,0,1,45.55,1,1.11,12.64",1.85336,78125,144793.75,-24.02,-0.02,14.19,0.01,-24.02,-0.02,-943.28,-0.01
179,Exit long,2025-04-01 14:25,Long Exit,1.85885,72464,134535.2131,114.3,0.12,114.3,0.12,0,0.00,-828.98,-0.01
179,Entry long,2025-04-01 14:00," | F:75,190,1,0,0.52,1,0,33.78,1,1.22,25.34",1.85658,72464,134535.2131,114.3,0.12,114.3,0.12,0,0.00,-828.98,-0.01
180,Exit short,2025-04-08 20:00,Short Exit,1.81428,37594,68163.5611,-29.81,-0.06,8.7,0.02,-29.81,-0.06,-858.79,-0.01
180,Entry short,2025-04-08 19:45," | F:55,15,2,1,0.98,0,1,57.37,0,1.07,14.44",1.81315,37594,68163.5611,-29.81,-0.06,8.7,0.02,-29.81,-0.06,-858.79,-0.01
181,Exit long,2025-04-15 08:45,Long Exit,1.83051,116279,212876.6165,-19.25,-0.01,31.8,0.02,-19.25,-0.01,-878.04,-0.01
181,Entry long,2025-04-15 08:35," | F:75,8,0,0,0.46,1,1,50.21,1,0.98,9.47",1.83074,116279,212876.6165,-19.25,-0.01,31.8,0.02,-19.25,-0.01,-878.04,-0.01
182,Exit long,2025-04-15 14:25,Long Exit,1.83458,80645,147983.575,-24.38,-0.02,4.06,0.00,-24.38,-0.02,-902.41,-0.01
182,Entry long,2025-04-15 14:20," | F:70,12,1,0,1.62,0,1,52.36,1,1.12,14.13",1.835,80645,147983.575,-24.38,-0.02,4.06,0.00,-24.38,-0.02,-902.41,-0.01
183,Exit long,2025-04-17 13:55,Long Exit,1.83799,64103,117857.8527,-26.81,-0.03,19.41,0.02,-26.81,-0.03,-929.22,-0.01
183,Entry long,2025-04-17 13:25," | F:75,13,1,0,0.93,0,1,55.25,1,0.93,31.81",1.83857,64103,117857.8527,-26.81,-0.03,19.41,0.02,-26.81,-0.03,-929.22,-0.01
184,Exit long,2025-04-17 19:20,Long Exit,1.83588,27174,49932.76848,-32.13,-0.09,2.94,0.01,-32.13,-0.09,-961.35,-0.01
184,Entry long,2025-04-17 19:00," | F:80,10,2,0,0.55,1,1,53.63,1,0.88,9.86",1.83752,27174,49932.76848,-32.13,-0.09,2.94,0.01,-32.13,-0.09,-961.35,-0.01
185,Exit long,2025-04-18 15:15,Long Exit,1.8382,45872,84362.73648,-29.47,-0.05,52.98,0.09,-29.47,-0.05,-990.82,-0.01
185,Entry long,2025-04-18 14:25," | F:75,8,1,0,0.93,0,1,52.14,1,1,19.61",1.83909,45872,84362.73648,-29.47,-0.05,52.98,0.09,-29.47,-0.05,-990.82,-0.01
186,Exit long,2025-04-22 09:50,Long Exit,1.85019,73529,136077.9144,-25.49,-0.03,18.06,0.02,-25.49,-0.03,-1016.31,-0.01
186,Entry long,2025-04-22 09:45," | F:75,20,0,0,0.52,1,1,46.35,1,1.13,12.38",1.85067,73529,136077.9144,-25.49,-0.03,18.06,0.02,-25.49,-0.03,-1016.31,-0.01
187,Exit short,2025-04-23 19:35,Time Stop (Bars),1.8412,23810,43848.0198,6.53,0.02,69.81,0.22,-31.29,-0.10,-1009.78,-0.01
187,Entry short,2025-04-23 16:35," | F:70,213,2,1,0.65,0,1,57.01,1,1.37,23.96",1.84158,23810,43848.0198,6.53,0.02,69.81,0.22,-31.29,-0.10,-1009.78,-0.01
188,Exit long,2025-05-12 10:00,Long Exit,1.84966,49020,90710.5296,-28.82,-0.04,12.65,0.02,-28.82,-0.04,-1038.6,-0.01
188,Entry long,2025-05-12 09:45," | F:75,9,0,0,0.57,1,1,57.09,1,0.85,16.93",1.85048,49020,90710.5296,-28.82,-0.04,12.65,0.02,-28.82,-0.04,-1038.6,-0.01
189,Exit long,2025-05-13 13:05,Long Exit,1.84739,121951,225316.6676,-18.31,-0.01,13.95,0.01,-18.31,-0.01,-1056.9,-0.01
189,Entry long,2025-05-13 13:00," | F:75,19,1,0,1.35,0,1,51.54,1,0.92,28.9",1.8476,121951,225316.6676,-18.31,-0.01,13.95,0.01,-18.31,-0.01,-1056.9,-0.01
190,Exit long,2025-05-13 19:50,Long Exit,1.85525,84746,157058.0669,119.35,0.11,119.35,0.11,-15.75,-0.01,-937.56,-0.01
190,Entry long,2025-05-13 18:45," | F:75,12,2,0,1.35,0,1,51.49,1,0.86,37.65",1.85328,84746,157058.0669,119.35,0.11,119.35,0.11,-15.75,-0.01,-937.56,-0.01
191,Exit short,2025-05-15 15:30,Short Exit,1.85807,51020,94758.9358,-28.48,-0.04,16.06,0.02,-28.48,-0.04,-966.03,-0.01
191,Entry short,2025-05-15 15:25," | F:55,13,2,1,0.89,1,1,50.99,1,1.02,18.33",1.85729,51020,94758.9358,-28.48,-0.04,16.06,0.02,-28.48,-0.04,-966.03,-0.01
192,Exit short,2025-05-19 17:30,Short Exit,1.86137,58140,108356.6808,97.76,0.13,97.76,0.13,-15.81,-0.02,-868.27,-0.01
192,Entry short,2025-05-19 17:00," | F:50,10,2,1,1.02,0,1,42.09,1,1.09,29.82",1.86372,58140,108356.6808,97.76,0.13,97.76,0.13,-15.81,-0.02,-868.27,-0.01
193,Exit long,2025-05-22 20:00,Long Exit,1.85973,50505,93965.5626,-28.78,-0.04,43.71,0.06,-28.78,-0.04,-897.05,-0.01
193,Entry long,2025-05-22 19:00," | F:70,55,2,0,0.67,0,0,40.12,1,0.98,26.26",1.86052,50505,93965.5626,-28.78,-0.04,43.71,0.06,-28.78,-0.04,-897.05,-0.01
194,Exit long,2025-05-28 10:00,Long Exit,1.86396,60976,113694.6301,-27.36,-0.03,18.09,0.02,-27.36,-0.03,-924.41,-0.01
194,Entry long,2025-05-28 09:40," | F:75,7,0,0,0.86,1,1,60.6,1,1.19,22.73",1.86458,60976,113694.6301,-27.36,-0.03,18.09,0.02,-27.36,-0.03,-924.41,-0.01
195,Exit long,2025-05-29 14:50,Long Exit,1.86134,102041,189962.5868,-21.38,-0.02,3.69,0.00,-21.38,-0.02,-945.79,-0.01
195,Entry long,2025-05-29 14:45," | F:80,23,1,0,0.96,1,0,41.75,1,1.13,14.93",1.86163,102041,189962.5868,-21.38,-0.02,3.69,0.00,-21.38,-0.02,-945.79,-0.01
196,Exit long,2025-05-30 11:50,Long Exit,1.86135,48544,90397.66592,-29.15,-0.04,29.86,0.05,-29.15,-0.04,-974.95,-0.01
196,Entry long,2025-05-30 11:15," | F:70,7,1,0,0.89,0,0,52.89,1,0.89,17.25",1.86218,48544,90397.66592,-29.15,-0.04,29.86,0.05,-29.15,-0.04,-974.95,-0.01
197,Exit long,2025-06-03 17:05,Long Exit,1.85351,34014,63088.48692,-31.47,-0.07,1.49,0.00,-31.47,-0.07,-1006.42,-0.01
197,Entry long,2025-06-03 17:00," | F:50,6,2,0,0.73,0,0,53.84,0,1.5,14.31",1.85478,34014,63088.48692,-31.47,-0.07,1.49,0.00,-31.47,-0.07,-1006.42,-0.01
198,Exit short,2025-06-11 15:25,Short Exit,1.84725,78125,144282.0313,-25.12,-0.02,30.26,0.03,-25.12,-0.02,-1031.54,-0.01
198,Entry short,2025-06-11 15:15," | F:55,17,2,1,0.99,0,1,55.05,0,1.21,15.21",1.84681,78125,144282.0313,-25.12,-0.02,30.26,0.03,-25.12,-0.02,-1031.54,-0.01
199,Exit long,2025-06-12 16:50,Long Exit,1.85156,83333,154329.3827,-24.37,-0.02,81.02,0.07,-24.37,-0.02,-1055.91,-0.01
199,Entry long,2025-06-12 16:25," | F:70,13,2,0,0.91,0,0,45.33,1,0.8,17.65",1.85196,83333,154329.3827,-24.37,-0.02,81.02,0.07,-24.37,-0.02,-1055.91,-0.01
200,Exit long,2025-06-20 12:45,Long Exit,1.84724,65789,121564.9142,-26.87,-0.03,0.48,0.00,-26.87,-0.03,-1082.77,-0.01
200,Entry long,2025-06-20 12:30," | F:80,6,1,0,0.81,1,1,58,1,0.84,23.13",1.8478,65789,121564.9142,-26.87,-0.03,0.48,0.00,-26.87,-0.03,-1082.77,-0.01
201,Exit long,2025-06-20 17:15,Long Exit,1.8501,53763,99506.17329,-28.62,-0.04,87.82,0.12,-28.62,-0.04,-1111.39,-0.01
201,Entry long,2025-06-20 16:35," | F:70,14,2,0,1,0,1,50.33,1,1.24,38.16",1.85083,53763,99506.17329,-28.62,-0.04,87.82,0.12,-28.62,-0.04,-1111.39,-0.01
202,Exit long,2025-06-23 13:50,Long Exit,1.84454,43478,80238.21422,-30.06,-0.05,49.67,0.09,-30.06,-0.05,-1141.45,-0.01
202,Entry long,2025-06-23 12:30," | F:55,137,1,0,1.19,1,0,31.28,1,1.27,32.64",1.84549,43478,80238.21422,-30.06,-0.05,49.67,0.09,-30.06,-0.05,-1141.45,-0.01
203,Exit long,2025-06-24 23:05,Long Exit,1.86882,41322,77265.11526,-30.37,-0.05,24.35,0.04,-30.37,-0.05,-1171.82,-0.01
203,Entry long,2025-06-24 21:25," | F:65,12,2,0,0.45,0,1,63.38,1,0.96,35.78",1.86983,41322,77265.11526,-30.37,-0.05,24.35,0.04,-30.37,-0.05,-1171.82,-0.01
204,Exit long,2025-06-27 09:35,Long Exit,1.87224,73529,137699.2289,-25.85,-0.03,17.24,0.02,-25.85,-0.03,-1197.67,-0.01
204,Entry long,2025-06-27 09:00," | F:55,73,0,0,0.75,1,0,41.6,1,1.37,20.29",1.87272,73529,137699.2289,-25.85,-0.03,17.24,0.02,-25.85,-0.03,-1197.67,-0.01
205,Exit short,2025-07-01 17:35,Short Exit,1.87086,81967,153515.1746,122.22,0.11,122.22,0.11,-9.03,-0.01,-1075.45,-0.01
205,Entry short,2025-07-01 15:30," | F:55,10,2,1,0.68,1,1,50.09,1,1.11,22.93",1.87289,81967,153515.1746,122.22,0.11,122.22,0.11,-9.03,-0.01,-1075.45,-0.01
206,Exit long,2025-07-09 15:15,Long Exit,1.86184,65789,122350.4349,101.06,0.11,101.06,0.11,-8.66,-0.01,-974.39,-0.01
206,Entry long,2025-07-09 13:45," | F:75,35,1,0,1.41,0,1,42.95,1,0.84,14.06",1.85974,65789,122350.4349,101.06,0.11,101.06,0.11,-8.66,-0.01,-974.39,-0.01
207,Exit long,2025-07-10 13:40,Long Exit,1.86037,92593,172288.721,-22.99,-0.02,68.3,0.05,-22.99,-0.02,-997.38,-0.01
207,Entry long,2025-07-10 12:20," | F:75,11,1,0,0.72,0,1,51.83,1,0.97,12.67",1.86071,92593,172288.721,-22.99,-0.02,68.3,0.05,-22.99,-0.02,-997.38,-0.01
208,Exit long,2025-07-17 22:15,Long Exit,1.8447,83333,153557.7191,121.7,0.11,121.7,0.11,-12.17,-0.01,-875.68,-0.01
208,Entry long,2025-07-17 20:00," | F:75,36,2,0,1.53,0,1,39.15,0,1.02,17.55",1.8427,83333,153557.7191,121.7,0.11,121.7,0.11,-12.17,-0.01,-875.68,-0.01
209,Exit short,2025-08-01 15:30,Short Exit,1.82623,40000,73007.2,-30.31,-0.06,72.75,0.14,-30.31,-0.06,-906,-0.01
209,Entry short,2025-08-01 15:15," | F:75,11,2,1,0.72,1,0,42.6,0,1.23,15.53",1.82518,40000,73007.2,-30.31,-0.06,72.75,0.14,-30.31,-0.06,-906,-0.01
210,Exit long,2025-08-04 16:50,Long Exit,1.83088,65789,120488.6062,-26.7,-0.03,13.83,0.02,-26.7,-0.03,-932.7,-0.01
210,Entry long,2025-08-04 16:20," | F:75,15,2,0,0.95,1,1,47.24,0,1.09,11.94",1.83144,65789,120488.6062,-26.7,-0.03,13.83,0.02,-26.7,-0.03,-932.7,-0.01
211,Exit long,2025-08-07 10:25,Long Exit,1.83508,102041,187282.9902,-21.53,-0.02,54.93,0.04,-21.53,-0.02,-954.22,-0.01
211,Entry long,2025-08-07 09:10," | F:70,17,0,0,0.5,0,1,52.47,1,1.36,37.96",1.83537,102041,187282.9902,-21.53,-0.02,54.93,0.04,-21.53,-0.02,-954.22,-0.01
212,Exit short,2025-08-08 17:05,Short Exit,1.84792,50000,92356,-29.08,-0.04,33.08,0.05,-29.08,-0.04,-983.3,-0.01
212,Entry short,2025-08-08 16:40," | F:45,11,2,1,1,0,1,55.63,1,1.13,20.06",1.84712,50000,92356,-29.08,-0.04,33.08,0.05,-29.08,-0.04,-983.3,-0.01
213,Exit long,2025-08-15 09:40,Long Exit,1.86965,86207,161209.6762,-23.7,-0.02,27.44,0.02,-23.7,-0.02,-1007,-0.01
213,Entry long,2025-08-15 09:20," | F:65,8,0,0,0.79,0,1,53.37,1,1.03,18.03",1.87003,86207,161209.6762,-23.7,-0.02,27.44,0.02,-23.7,-0.02,-1007,-0.01
214,Exit long,2025-08-18 18:45,Long Exit,1.86807,38462,71892.01654,-30.6,-0.06,6.4,0.01,-30.6,-0.06,-1037.6,-0.01
214,Entry long,2025-08-18 18:00," | F:50,18,2,0,0.6,0,0,52.1,1,0.94,27.02",1.86917,38462,71892.01654,-30.6,-0.06,6.4,0.01,-30.6,-0.06,-1037.6,-0.01
215,Exit long,2025-08-21 16:50,Long Exit,1.8658,53191,99283.12914,-28.36,-0.04,1.53,0.00,-28.36,-0.04,-1065.97,-0.01
215,Entry long,2025-08-21 16:45," | F:55,81,2,0,1.06,0,0,35.68,1,1.21,15.62",1.86654,53191,99283.12914,-28.36,-0.04,1.53,0.00,-28.36,-0.04,-1065.97,-0.01
216,Exit long,2025-08-25 18:40,Time Stop (Bars),1.86627,79365,148104.6138,8.6,0.01,108.98,0.10,-24.09,-0.02,-1057.36,-0.01
216,Entry long,2025-08-25 15:40," | F:55,25,2,0,0.45,0,0,39.6,1,1.06,32.21",1.86612,79365,148104.6138,8.6,0.01,108.98,0.10,-24.09,-0.02,-1057.36,-0.01
217,Exit short,2025-08-26 20:50,Short Exit,1.86493,90909,169507.1032,-22.95,-0.02,7.21,0.01,-22.95,-0.02,-1080.31,-0.01
217,Entry short,2025-08-26 20:35," | F:80,16,2,1,1.1,1,0,53.64,0,0.87,16.29",1.86458,90909,169507.1032,-22.95,-0.02,7.21,0.01,-22.95,-0.02,-1080.31,-0.01
218,Exit long,2025-08-26 21:35,Long Exit,1.86382,72464,135095.3598,-25.61,-0.03,6.79,0.01,-25.61,-0.03,-1105.92,-0.01
218,Entry long,2025-08-26 21:00," | F:50,11,2,0,0.67,0,0,48.11,0,1.22,17.03",1.86431,72464,135095.3598,-25.61,-0.03,6.79,0.01,-25.61,-0.03,-1105.92,-0.01
219,Exit long,2025-09-05 15:30,Long Exit,1.85725,28902,53722.45956,-31.98,-0.08,25.71,0.07,-31.98,-0.08,-1137.9,-0.01
219,Entry long,2025-09-05 15:00," | F:75,36,2,0,0.84,0,1,48.33,1,1.59,17.04",1.85878,28902,53722.45956,-31.98,-0.08,25.71,0.07,-31.98,-0.08,-1137.9,-0.01
220,Exit long,2025-09-09 08:30,Long Exit,1.87274,106383,199256.4228,-20.8,-0.01,0,0.00,-20.8,-0.01,-1158.7,-0.01
220,Entry long,2025-09-09 08:25," | F:70,15,0,0,0.84,0,1,50.78,1,0.81,43.67",1.87301,106383,199256.4228,-20.8,-0.01,0,0.00,-20.8,-0.01,-1158.7,-0.01
221,Exit long,2025-09-16 18:30,Time Stop (Bars),1.87703,21368,40076.11136,23.4,0.08,59.36,0.20,-4.8,-0.02,-1135.3,-0.01
221,Entry long,2025-09-16 15:30," | F:50,127,2,0,0.35,0,0,46.87,1,1.75,24.46",1.87552,21368,40076.11136,23.4,0.08,59.36,0.20,-4.8,-0.02,-1135.3,-0.01
222,Exit long,2025-09-17 16:25,Long Exit,1.8789,67568,126815.0008,100.76,0.11,100.76,0.11,-4.91,-0.01,-1034.55,-0.01
222,Entry long,2025-09-17 15:40," | F:65,14,2,0,1.01,0,1,50.71,1,1.26,10.84",1.87685,67568,126815.0008,100.76,0.11,100.76,0.11,-4.91,-0.01,-1034.55,-0.01
223,Exit short,2025-09-23 15:50,Short Exit,1.86902,71429,133466.5151,-25.82,-0.03,61.97,0.06,-25.82,-0.03,-1060.37,-0.01
223,Entry short,2025-09-23 15:00," | F:50,11,2,1,1,0,1,53.62,0,1.16,14.28",1.86852,71429,133466.5151,-25.82,-0.03,61.97,0.06,-25.82,-0.03,-1060.37,-0.01
224,Exit long,2025-09-25 08:25,Long Exit,1.86904,125000,233655,-17.98,-0.01,10.79,0.01,-17.98,-0.01,-1078.35,-0.01
224,Entry long,2025-09-25 08:15," | F:70,13,0,0,0.75,0,1,51.65,1,1.23,17.17",1.86924,125000,233655,-17.98,-0.01,10.79,0.01,-17.98,-0.01,-1078.35,-0.01
225,Exit long,2025-09-29 22:50,Long Exit,1.87051,78125,145967.9688,118.7,0.11,118.7,0.11,-12.32,-0.01,-959.64,-0.01
225,Entry long,2025-09-29 21:05," | F:45,8,2,0,0.56,0,0,48.06,1,0.66,22.94",1.86839,78125,145967.9688,118.7,0.11,118.7,0.11,-12.32,-0.01,-959.64,-0.01
226,Exit long,2025-09-30 12:05,Time Stop (Bars),1.8704,58140,108681.6834,45.5,0.06,88.5,0.11,-10.02,-0.01,-914.14,-0.01
226,Entry long,2025-09-30 09:05," | F:50,37,0,0,0.75,0,0,44.59,1,1.44,17.97",1.86931,58140,108681.6834,45.5,0.06,88.5,0.11,-10.02,-0.01,-914.14,-0.01
227,Exit long,2025-10-03 14:45,Long Exit,1.8778,68493,128652.4567,-25.98,-0.03,34.31,0.04,-25.98,-0.03,-940.12,-0.01
227,Entry long,2025-10-03 14:15," | F:80,23,1,0,0.36,1,1,46.53,1,1.2,15.15",1.87833,68493,128652.4567,-25.98,-0.03,34.31,0.04,-25.98,-0.03,-940.12,-0.01
228,Exit long,2025-10-06 07:40,Long Exit,1.87578,72464,135962.0293,-25.44,-0.03,5.19,0.01,-25.44,-0.03,-965.56,-0.01
228,Entry long,2025-10-06 07:20," | F:45,35,0,0,1.08,0,0,44.7,1,1.26,15.41",1.87627,72464,135962.0293,-25.44,-0.03,5.19,0.01,-25.44,-0.03,-965.56,-0.01
229,Exit short,2025-10-08 15:55,Short Exit,1.87053,90909,170016.1936,-22.8,-0.02,24.1,0.02,-22.8,-0.02,-988.35,-0.01
229,Entry short,2025-10-08 15:40," | F:75,19,2,1,0.84,1,0,50.81,0,1.13,23.59",1.87018,90909,170016.1936,-22.8,-0.02,24.1,0.02,-22.8,-0.02,-988.35,-0.01
230,Exit short,2025-10-15 15:45,Short Exit,1.87536,113636,213081.1363,-19.41,-0.01,67.93,0.04,-19.41,-0.01,-1007.76,-0.01
230,Entry short,2025-10-15 15:10," | F:45,10,2,1,0.56,0,1,53.5,1,1.31,13.14",1.87512,113636,213081.1363,-19.41,-0.01,67.93,0.04,-19.41,-0.01,-1007.76,-0.01
231,Exit long,2025-10-20 09:50,Long Exit,1.88204,61728,116212.2192,-26.84,-0.03,41.35,0.05,-26.84,-0.03,-1034.6,-0.01
231,Entry long,2025-10-20 08:00," | F:55,23,0,0,0.69,1,0,48.47,1,1.45,20.98",1.88265,61728,116212.2192,-26.84,-0.03,41.35,0.05,-26.84,-0.03,-1034.6,-0.01
232,Exit short,2025-10-22 18:05,Short Exit,1.87002,39370,73580.5615,-30.03,-0.06,67.07,0.13,-30.03,-0.06,-1064.63,-0.01
232,Entry short,2025-10-22 17:00," | F:70,20,2,1,0.54,0,0,54.49,0,1.33,18.53",1.86895,39370,73580.5615,-30.03,-0.06,67.07,0.13,-30.03,-0.06,-1064.63,-0.01
233,Exit long,2025-10-31 12:35,Long Exit,1.83971,71429,131444.3601,-25.52,-0.03,21.95,0.02,-25.52,-0.03,-1090.15,-0.01
233,Entry long,2025-10-31 12:20," | F:80,8,1,0,0.84,1,1,49.13,0,1.32,10.74",1.84021,71429,131444.3601,-25.52,-0.03,21.95,0.02,-25.52,-0.03,-1090.15,-0.01
234,Exit long,2025-11-03 16:55,Long Exit,1.8438,54348,100245.973,-27.92,-0.04,1.94,0.00,-27.92,-0.04,-1118.06,-0.01
234,Entry long,2025-11-03 16:40," | F:75,15,2,0,0.97,0,1,49.45,0,1.14,17.41",1.84452,54348,100245.973,-27.92,-0.04,1.94,0.00,-27.92,-0.04,-1118.06,-0.01
235,Exit long,2025-11-14 16:05,Long Exit,1.84511,75758,139816.6921,-24.82,-0.02,63.12,0.06,-24.82,-0.02,-1142.88,-0.01
235,Entry long,2025-11-14 15:30," | F:65,18,2,0,1.27,0,1,47.96,1,0.87,19.76",1.84557,75758,139816.6921,-24.82,-0.02,63.12,0.06,-24.82,-0.02,-1142.88,-0.01
236,Exit long,2025-11-18 10:00,Long Exit,1.84755,34722,64193.68638,-30.62,-0.07,19.26,0.04,-30.62,-0.07,-1173.5,-0.01
236,Entry long,2025-11-18 09:00," | F:70,55,1,0,0.6,0,1,50.78,1,1.64,19.82",1.84879,34722,64193.68638,-30.62,-0.07,19.26,0.04,-30.62,-0.07,-1173.5,-0.01
237,Exit short,2025-11-18 15:30,Short Exit,1.84204,58824,108493.2209,97.46,0.13,97.46,0.13,-25.93,-0.03,-1076.03,-0.01
237,Entry short,2025-11-18 14:10," | F:75,15,2,1,0.93,0,0,43.32,0,1.32,38.59",1.84437,58824,108493.2209,97.46,0.13,97.46,0.13,-25.93,-0.03,-1076.03,-0.01
238,Exit long,2025-11-20 14:15,Long Exit,1.83669,111111,204104.2403,-19.76,-0.01,22.13,0.02,-19.76,-0.01,-1095.79,-0.01
238,Entry long,2025-11-20 14:05," | F:70,9,2,0,0.71,0,1,47.81,0,0.97,13.38",1.83694,111111,204104.2403,-19.76,-0.01,22.13,0.02,-19.76,-0.01,-1095.79,-0.01
239,Exit long,2025-11-20 18:15,Long Exit,1.84328,17857,32811.88036,73.68,0.32,73.68,0.32,-1.02,0.00,-1022.11,-0.01
239,Entry long,2025-11-20 15:30," | F:75,91,2,0,0.11,1,1,55.84,0,2.34,10.48",1.83748,17857,32811.88036,73.68,0.32,73.68,0.32,-1.02,0.00,-1022.11,-0.01
240,Exit long,2025-11-21 11:10,Long Exit,1.84359,51020,94099.7574,-28.22,-0.04,39.07,0.06,-28.22,-0.04,-1050.33,-0.01
240,Entry long,2025-11-21 10:05," | F:75,7,1,0,0.85,0,1,51.67,1,1.16,31.16",1.84437,51020,94099.7574,-28.22,-0.04,39.07,0.06,-28.22,-0.04,-1050.33,-0.01
241,Exit long,2025-11-27 21:35,Long Exit,1.85666,142857,265258.3062,-15.25,-0.01,47.79,0.03,-15.25,-0.01,-1065.58,-0.01
241,Entry long,2025-11-27 21:00," | F:50,10,2,0,1.06,0,0,44.67,1,0.91,16.54",1.85681,142857,265258.3062,-15.25,-0.01,47.79,0.03,-15.25,-0.01,-1065.58,-0.01
242,Exit long,2025-12-04 15:30,Long Exit,1.8626,71429,133079.3699,-25.59,-0.03,0,0.00,-25.59,-0.03,-1091.17,-0.01
242,Entry long,2025-12-04 15:25," | F:75,38,2,0,0.61,0,1,38.71,1,0.99,20.53",1.8631,71429,133079.3699,-25.59,-0.03,0,0.00,-25.59,-0.03,-1091.17,-0.01
243,Exit long,2025-12-04 17:45,Long Exit,1.86304,48077,89609.75876,-28.93,-0.05,0,0.00,-28.93,-0.05,-1120.1,-0.01
243,Entry long,2025-12-04 17:40," | F:80,22,2,0,0.55,1,1,48.5,1,1.03,13.59",1.86388,48077,89609.75876,-28.93,-0.05,0,0.00,-28.93,-0.05,-1120.1,-0.01
244,Exit short,2025-12-19 21:15,Short Exit,1.84503,89286,164703.2056,-23.32,-0.02,11.66,0.01,-23.32,-0.02,-1143.41,-0.01
244,Entry short,2025-12-19 21:00," | F:70,78,2,1,0.73,0,1,67.42,1,1.09,22.21",1.84467,89286,164703.2056,-23.32,-0.02,11.66,0.01,-23.32,-0.02,-1143.41,-0.01
245,Exit long,2026-01-05 11:20,Long Exit,1.85168,50505,93383.745,98.51,0.14,98.51,0.14,-20.58,-0.03,-1044.9,-0.01
245,Entry long,2026-01-05 10:05," | F:70,24,1,0,0.87,0,1,46.74,1,1.36,15.56",1.849,50505,93383.745,98.51,0.14,98.51,0.14,-20.58,-0.03,-1044.9,-0.01
246,Exit long,2026-01-06 15:10,Long Exit,1.86123,58824,109523.2291,-27.75,-0.03,2.56,0.00,-27.75,-0.03,-1072.66,-0.01
246,Entry long,2026-01-06 15:05," | F:75,240,2,0,0.19,1,0,44.01,1,1.41,29.3",1.86188,58824,109523.2291,-27.75,-0.03,2.56,0.00,-27.75,-0.03,-1072.66,-0.01
247,Exit long,2026-01-08 15:50,Long Exit,1.86007,56180,104537.4968,-27.96,-0.04,1.22,0.00,-27.96,-0.04,-1100.61,-0.01
247,Entry long,2026-01-08 15:45," | F:60,282,2,0,0.22,1,0,26.61,1,1.38,36.53",1.86076,56180,104537.4968,-27.96,-0.04,1.22,0.00,-27.96,-0.04,-1100.61,-0.01
248,Exit long,2026-01-12 19:15,Long Exit,1.86773,62500,116770.625,-26.94,-0.03,42.65,0.05,-26.94,-0.03,-1127.55,-0.01
248,Entry long,2026-01-12 18:20," | F:70,54,2,0,0.66,0,1,37.46,1,0.88,17.21",1.86833,62500,116770.625,-26.94,-0.03,42.65,0.05,-26.94,-0.03,-1127.55,-0.01
249,Exit long,2026-01-15 16:40,Long Exit,1.85987,55556,103365.8269,-28,-0.04,8.4,0.01,-28,-0.04,-1155.54,-0.01
249,Entry long,2026-01-15 16:30," | F:60,7,2,0,0.49,1,0,31.99,0,1.19,52.67",1.86057,55556,103365.8269,-28,-0.04,8.4,0.01,-28,-0.04,-1155.54,-0.01
250,Exit long,2026-01-16 17:00,Long Exit,1.86227,56818,105849.0931,-27.79,-0.04,16.76,0.02,-27.79,-0.04,-1183.34,-0.01
250,Entry long,2026-01-16 16:45," | F:75,15,2,0,1.14,0,1,55.23,1,1.11,21.31",1.86295,56818,105849.0931,-27.79,-0.04,16.76,0.02,-27.79,-0.04,-1183.34,-0.01