Trade #,Type,Date and time,Signal,Price USD,Position size (qty),Position size (value),Net P&L USD,Net P&L %,Favorable excursion USD,Favorable excursion %,Adverse excursion USD,Adverse excursion %,Cumulative P&L USD,Cumulative P&L %
1,Exit short,2023-01-13 19:40,Short Exit,1.08254,131579,142415.8464,-23.68,-0.02,30.26,0.02,-23.68,-0.02,-23.68,0.00
1,Entry short,2023-01-13 19:30," | F:75,18,2,1,1.32,0,0,58.56,1,0,14.52",1.08236,131579,142415.8464,-23.68,-0.02,30.26,0.02,-23.68,-0.02,-23.68,0.00
2,Exit long,2023-01-17 17:35,Long Exit,1.08112,57471,62171.55309,-38.51,-0.06,55.17,0.09,-38.51,-0.06,-62.19,0.00
2,Entry long,2023-01-17 17:20," | F:75,57,2,0,0.34,0,0,32.94,1,0,38.03",1.08179,57471,62171.55309,-38.51,-0.06,55.17,0.09,-38.51,-0.06,-62.19,0.00
3,Exit long,2023-01-19 18:55,Long Exit,1.08084,70423,75976.55778,139.44,0.18,139.44,0.18,-32.39,-0.04,77.25,0.00
3,Entry long,2023-01-19 17:45," | F:45,161,2,0,0.25,0,0,31.78,1,0,24.41",1.07886,70423,75976.55778,139.44,0.18,139.44,0.18,-32.39,-0.04,77.25,0.00
4,Exit long,2023-01-20 20:15,Long Exit,1.0837,36496,39593.41552,-42.7,-0.11,5.47,0.01,-42.7,-0.11,34.55,0.00
4,Entry long,2023-01-20 20:00," | F:70,11,2,0,0.58,0,1,63.34,1,0,20.23",1.08487,36496,39593.41552,-42.7,-0.11,5.47,0.01,-42.7,-0.11,34.55,0.00
5,Exit long,2023-01-23 10:20,Long Exit,1.08999,72464,79020.54272,-35.51,-0.04,1.45,0.00,-35.51,-0.04,-0.96,0.00
5,Entry long,2023-01-23 10:15," | F:75,7,1,0,0.73,0,1,52.89,1,0,29.83",1.09048,72464,79020.54272,-35.51,-0.04,1.45,0.00,-35.51,-0.04,-0.96,0.00
6,Exit long,2023-01-26 16:45,Long Exit,1.08897,33557,36585.85482,-43.29,-0.12,50,0.14,-43.29,-0.12,-44.25,0.00
6,Entry long,2023-01-26 16:10," | F:70,6,2,0,1.44,0,0,54.69,1,0,15.49",1.09026,33557,36585.85482,-43.29,-0.12,50,0.14,-43.29,-0.12,-44.25,0.00
7,Exit long,2023-01-30 15:30,Long Exit,1.08928,66667,72655.69661,-36.67,-0.05,86,0.12,-36.67,-0.05,-80.92,0.00
7,Entry long,2023-01-30 14:40," | F:65,10,2,0,0.88,0,1,50.71,1,0,18.15",1.08983,66667,72655.69661,-36.67,-0.05,86,0.12,-36.67,-0.05,-80.92,0.00
8,Exit short,2023-02-08 22:15,Short Exit,1.07138,96154,103186.7036,169.23,0.16,169.23,0.16,-16.35,-0.02,88.32,0.00
8,Entry short,2023-02-08 21:00," | F:70,10,2,1,0.74,0,0,51.76,0,0,15",1.07314,96154,103186.7036,169.23,0.16,169.23,0.16,-16.35,-0.02,88.32,0.00
9,Exit long,2023-03-01 17:45,Long Exit,1.06753,55556,59171.58448,136.11,0.23,136.11,0.23,-37.78,-0.06,224.43,0.00
9,Entry long,2023-03-01 17:10," | F:75,61,2,0,0.63,0,1,35.54,1,0,24.65",1.06508,55556,59171.58448,136.11,0.23,136.11,0.23,-37.78,-0.06,224.43,0.00
10,Exit long,2023-03-13 17:45,Long Exit,1.07121,59524,63800.7994,-38.1,-0.06,0,0.00,-38.1,-0.06,186.33,0.00
10,Entry long,2023-03-13 17:40," | F:70,13,2,0,0.92,0,1,53.33,1,0,22.71",1.07185,59524,63800.7994,-38.1,-0.06,0,0.00,-38.1,-0.06,186.33,0.00
11,Exit long,2023-03-17 20:35,Long Exit,1.06677,108696,115981.8929,-28.26,-0.02,31.52,0.03,-28.26,-0.02,158.07,0.00
11,Entry long,2023-03-17 20:20," | F:70,13,2,0,1.13,0,1,59.66,1,0,32.37",1.06703,108696,115981.8929,-28.26,-0.02,31.52,0.03,-28.26,-0.02,158.07,0.00
12,Exit long,2023-03-21 17:50,Long Exit,1.07664,69444,74802.29904,-36.11,-0.05,25.69,0.03,-36.11,-0.05,121.96,0.00
12,Entry long,2023-03-21 17:45," | F:75,15,2,0,0.98,0,1,46.32,1,0,19.29",1.07716,69444,74802.29904,-36.11,-0.05,25.69,0.03,-36.11,-0.05,121.96,0.00
13,Exit long,2023-03-22 08:45,Long Exit,1.07642,121951,131296.1051,-25.61,-0.02,9.76,0.01,-25.61,-0.02,96.35,0.00
13,Entry long,2023-03-22 08:40," | F:70,134,0,0,1.33,0,1,36.4,1,0,20.33",1.07663,121951,131296.1051,-25.61,-0.02,9.76,0.01,-25.61,-0.02,96.35,0.00
14,Exit long,2023-03-22 15:35,Long Exit,1.0779,98039,105706.6302,-30.39,-0.03,71.57,0.07,-30.39,-0.03,65.96,0.00
14,Entry long,2023-03-22 15:00," | F:75,48,2,0,1.09,0,1,37,1,0,29.95",1.07821,98039,105706.6302,-30.39,-0.03,71.57,0.07,-30.39,-0.03,65.96,0.00
15,Exit long,2023-04-04 18:50,Long Exit,1.0952,94340,103352.3002,-31.13,-0.03,23.59,0.02,-31.13,-0.03,34.83,0.00
15,Entry long,2023-04-04 18:40," | F:70,16,2,0,1.18,0,1,60.17,1,0,42.13",1.09553,94340,103352.3002,-31.13,-0.03,23.59,0.02,-31.13,-0.03,34.83,0.00
16,Exit long,2023-04-06 21:25,Long Exit,1.09299,125000,136648.75,-25,-0.02,0,0.00,-25,-0.02,9.83,0.00
16,Entry long,2023-04-06 21:20," | F:70,11,2,0,0.88,0,1,52.09,1,0,27.8",1.09319,125000,136648.75,-25,-0.02,0,0.00,-25,-0.02,9.83,0.00
17,Exit long,2023-04-12 09:20,Long Exit,1.09243,113636,124166.6481,-27.27,-0.02,0,0.00,-27.27,-0.02,-17.45,0.00
17,Entry long,2023-04-12 09:15," | F:70,27,0,0,0.75,0,1,46.39,1,0,27.15",1.09267,113636,124166.6481,-27.27,-0.02,0,0.00,-27.27,-0.02,-17.45,0.00
18,Exit short,2023-04-14 15:30,Short Exit,1.10607,131579,145511.9003,-23.68,-0.02,32.89,0.02,-23.68,-0.02,-41.13,0.00
18,Entry short,2023-04-14 15:20," | F:75,19,2,1,0.79,0,1,55.59,1,0,15.4",1.10589,131579,145511.9003,-23.68,-0.02,32.89,0.02,-23.68,-0.02,-41.13,0.00
19,Exit short,2023-04-17 15:20,Short Exit,1.09812,151515,166361.9549,-19.7,-0.01,48.48,0.03,-19.7,-0.01,-60.83,0.00
19,Entry short,2023-04-17 15:10," | F:70,12,2,1,0.86,0,0,54.05,1,0,14.84",1.09799,151515,166361.9549,-19.7,-0.01,48.48,0.03,-19.7,-0.01,-60.83,0.00
20,Exit long,2023-04-19 12:20,Long Exit,1.09506,75758,82994.40416,-34.85,-0.04,60.61,0.07,-34.85,-0.04,-95.68,0.00
20,Entry long,2023-04-19 11:40," | F:60,6,1,0,0.8,1,0,43.97,1,0,19.86",1.09552,75758,82994.40416,-34.85,-0.04,60.61,0.07,-34.85,-0.04,-95.68,0.00
21,Exit short,2023-04-19 15:20,Short Exit,1.0938,87719,95914.58617,-32.46,-0.03,9.65,0.01,-32.46,-0.03,-128.13,0.00
21,Entry short,2023-04-19 15:15," | F:75,18,2,1,1.06,0,0,53.7,0,0,26.59",1.09343,87719,95914.58617,-32.46,-0.03,9.65,0.01,-32.46,-0.03,-128.13,0.00
22,Exit long,2023-05-03 11:05,Long Exit,1.10423,71429,78709.75797,164.29,0.21,164.29,0.21,-11.43,-0.01,36.15,0.00
22,Entry long,2023-05-03 09:25," | F:70,64,0,0,0.77,0,1,42.36,1,0,18.4",1.10193,71429,78709.75797,164.29,0.21,164.29,0.21,-11.43,-0.01,36.15,0.00
23,Exit short,2023-05-17 17:00,Short Exit,1.08115,73529,79660.58331,164.7,0.21,164.7,0.21,-17.65,-0.02,200.86,0.00
23,Entry short,2023-05-17 16:10," | F:75,18,2,1,0.71,1,0,54.91,0,0,19.79",1.08339,73529,79660.58331,164.7,0.21,164.7,0.21,-17.65,-0.02,200.86,0.00
24,Exit long,2023-06-13 17:10,Long Exit,1.07826,13263,14348.31129,-47.35,-0.33,7.03,0.05,-47.35,-0.33,153.51,0.00
24,Entry long,2023-06-13 15:30," | F:75,79,2,0,1.15,1,1,73.42,1,0,25.31",1.08183,13263,14348.31129,-47.35,-0.33,7.03,0.05,-47.35,-0.33,153.51,0.00
25,Exit long,2023-06-16 09:20,Long Exit,1.09544,119048,130236.131,173.81,0.13,173.81,0.13,-21.43,-0.02,327.32,0.00
25,Entry long,2023-06-16 08:00," | F:70,12,0,0,0.81,0,1,46.96,1,0,12.71",1.09398,119048,130236.131,173.81,0.13,173.81,0.13,-21.43,-0.02,327.32,0.00
26,Exit long,2023-07-12 12:00,Long Exit,1.10204,64103,70681.24986,-37.18,-0.05,27.56,0.04,-37.18,-0.05,290.14,0.00
26,Entry long,2023-07-12 10:00," | F:70,73,1,0,1.27,0,1,43.97,1,0,27.66",1.10262,64103,70681.24986,-37.18,-0.05,27.56,0.04,-37.18,-0.05,290.14,0.00
27,Exit long,2023-07-13 11:25,Long Exit,1.11606,81967,91313.69701,166.39,0.18,166.39,0.18,-14.75,-0.02,456.53,0.00
27,Entry long,2023-07-13 10:30," | F:70,19,1,0,1.37,0,1,43.84,1,0,17.72",1.11403,81967,91313.69701,166.39,0.18,166.39,0.18,-14.75,-0.02,456.53,0.00
28,Exit long,2023-07-17 08:35,Long Exit,1.12251,125000,140338.75,-25,-0.02,2.5,0.00,-25,-0.02,431.53,0.00
28,Entry long,2023-07-17 08:30," | F:70,9,0,0,0.63,0,1,55.75,1,0,10.92",1.12271,125000,140338.75,-25,-0.02,2.5,0.00,-25,-0.02,431.53,0.00
29,Exit long,2023-07-17 20:35,Time Stop (Bars),1.12355,57471,64507.17453,64.37,0.10,79.88,0.12,-0.57,0.00,495.9,0.00
29,Entry long,2023-07-17 17:35," | F:50,9,2,0,0.55,0,0,50.82,1,0,31.56",1.12243,57471,64507.17453,64.37,0.10,79.88,0.12,-0.57,0.00,495.9,0.00
30,Exit long,2023-07-18 15:40,Long Exit,1.12272,76923,86397.60591,-34.62,-0.04,7.69,0.01,-34.62,-0.04,461.29,0.00
30,Entry long,2023-07-18 15:35," | F:75,258,2,0,0.45,0,0,34.77,1,0,16.26",1.12317,76923,86397.60591,-34.62,-0.04,7.69,0.01,-34.62,-0.04,461.29,0.00
31,Exit long,2023-07-19 00:05,Time Stop (Bars),1.12263,90909,101973.5344,83.64,0.08,130.91,0.13,0,0.00,544.92,0.01
31,Entry long,2023-07-18 21:05," | F:45,13,2,0,1.47,0,0,44.13,1,0,19.44",1.12171,90909,101973.5344,83.64,0.08,130.91,0.13,0,0.00,544.92,0.01
32,Exit long,2023-07-20 00:20,Time Stop (Bars),1.11978,135135,151306.6055,14.86,0.01,109.46,0.07,-18.92,-0.01,559.79,0.01
32,Entry long,2023-07-19 21:20," | F:45,9,2,0,0.62,0,0,53.68,1,0,11.89",1.11967,135135,151306.6055,14.86,0.01,109.46,0.07,-18.92,-0.01,559.79,0.01
33,Exit short,2023-07-20 23:45,Time Stop (Bars),1.1129,121951,135763.1703,43.9,0.03,114.63,0.08,-9.76,-0.01,603.69,0.01
33,Entry short,2023-07-20 20:45," | F:75,20,2,1,1.19,0,0,52.04,0,0,39.51",1.11326,121951,135763.1703,43.9,0.03,114.63,0.08,-9.76,-0.01,603.69,0.01
34,Exit short,2023-08-01 22:20,Short Exit,1.09781,116279,127625.5048,-26.74,-0.02,153.49,0.12,-26.74,-0.02,576.95,0.01
34,Entry short,2023-08-01 19:20," | F:80,17,2,1,0.86,1,0,58,0,0,14.45",1.09758,116279,127625.5048,-26.74,-0.02,153.49,0.12,-26.74,-0.02,576.95,0.01
35,Exit long,2023-08-10 19:20,Long Exit,1.10118,125000,137672.5,-25,-0.02,11.25,0.01,-25,-0.02,551.95,0.01
35,Entry long,2023-08-10 19:15," | F:80,13,2,0,0.48,1,1,42.63,1,0,13.22",1.10138,125000,137672.5,-25,-0.02,11.25,0.01,-25,-0.02,551.95,0.01
36,Exit short,2023-08-21 19:00,Short Exit,1.08922,90909,98988.08283,-31.82,-0.03,61.82,0.06,-31.82,-0.03,520.13,0.01
36,Entry short,2023-08-21 18:05," | F:75,19,2,1,1.25,0,1,51.65,0,0,24.89",1.08887,90909,98988.08283,-31.82,-0.03,61.82,0.06,-31.82,-0.03,520.13,0.01
37,Exit long,2023-08-21 21:30,Long Exit,1.08976,138889,151377.8989,-22.22,-0.01,51.39,0.03,-22.22,-0.01,497.91,0.00
37,Entry long,2023-08-21 21:00," | F:70,10,2,0,0.83,0,1,53.81,0,0,20.72",1.08992,138889,151377.8989,-22.22,-0.01,51.39,0.03,-22.22,-0.01,497.91,0.00
38,Exit long,2023-08-22 11:30,Long Exit,1.09159,113636,124071.1939,-27.27,-0.02,6.82,0.01,-27.27,-0.02,470.63,0.00
38,Entry long,2023-08-22 11:15," | F:70,17,1,0,0.97,0,1,44.68,1,0,21.93",1.09183,113636,124071.1939,-27.27,-0.02,6.82,0.01,-27.27,-0.02,470.63,0.00
39,Exit long,2023-08-22 15:25,Long Exit,1.08838,94340,102708.9014,-31.13,-0.03,5.66,0.01,-31.13,-0.03,439.5,0.00
39,Entry long,2023-08-22 15:20," | F:50,10,2,0,0.89,0,0,44.36,0,0,39.84",1.08871,94340,102708.9014,-31.13,-0.03,5.66,0.01,-31.13,-0.03,439.5,0.00
40,Exit long,2023-08-24 19:35,Time Stop (Bars),1.08247,47170,51079.4496,-19.34,-0.04,93.4,0.18,-38.21,-0.07,420.16,0.00
40,Entry long,2023-08-24 16:35," | F:50,9,2,0,1.17,0,0,42.23,0,0,36.46",1.08288,47170,51079.4496,-19.34,-0.04,93.4,0.18,-38.21,-0.07,420.16,0.00
41,Exit long,2023-09-11 17:05,Long Exit,1.07489,52083,55848.08007,135.42,0.24,135.42,0.24,-19.27,-0.03,555.58,0.01
41,Entry long,2023-09-11 15:00," | F:75,128,2,0,0.85,1,1,43.19,0,0,19.59",1.07229,52083,55848.08007,135.42,0.24,135.42,0.24,-19.27,-0.03,555.58,0.01
42,Exit long,2023-09-19 16:00,Long Exit,1.06941,81967,87689.93594,-33.61,-0.04,27.87,0.03,-33.61,-0.04,521.97,0.01
42,Entry long,2023-09-19 15:45," | F:75,29,2,0,0.56,0,1,40.88,1,0,33.65",1.06982,81967,87689.93594,-33.61,-0.04,27.87,0.03,-33.61,-0.04,521.97,0.01
43,Exit long,2023-10-11 13:10,Long Exit,1.06018,87719,93030.38545,-32.46,-0.03,9.65,0.01,-32.46,-0.03,489.51,0.00
43,Entry long,2023-10-11 13:00," | F:70,18,1,0,0.95,0,1,47.05,1,0,11.71",1.06055,87719,93030.38545,-32.46,-0.03,9.65,0.01,-32.46,-0.03,489.51,0.00
44,Exit long,2023-10-11 20:15,Long Exit,1.06019,87719,93031.26264,-32.46,-0.03,14.91,0.02,-32.46,-0.03,457.06,0.00
44,Entry long,2023-10-11 20:05," | F:60,7,2,0,0.39,1,0,41.9,1,0,30.82",1.06056,87719,93031.26264,-32.46,-0.03,14.91,0.02,-32.46,-0.03,457.06,0.00
45,Exit long,2023-10-23 07:30,Long Exit,1.0574,128205,135588.3259,-24.36,-0.02,15.38,0.01,-24.36,-0.02,432.7,0.00
45,Entry long,2023-10-23 07:00," | F:50,13,0,0,0.9,0,0,39.96,1,0,31.9",1.05759,128205,135588.3259,-24.36,-0.02,15.38,0.01,-24.36,-0.02,432.7,0.00
46,Exit long,2023-11-02 17:20,Long Exit,1.06273,68493,72825.86718,-36.3,-0.05,72.6,0.10,-36.3,-0.05,396.4,0.00
46,Entry long,2023-11-02 16:30," | F:75,48,2,0,0.6,0,1,37.8,1,0,31.84",1.06326,68493,72825.86718,-36.3,-0.05,72.6,0.10,-36.3,-0.05,396.4,0.00
47,Exit long,2023-11-03 21:20,Long Exit,1.07307,106383,114185.1292,-28.72,-0.03,67.02,0.06,-28.72,-0.03,367.67,0.00
47,Entry long,2023-11-03 19:45," | F:75,20,2,0,1.21,0,1,51.52,1,0,18.73",1.07334,106383,114185.1292,-28.72,-0.03,67.02,0.06,-28.72,-0.03,367.67,0.00
48,Exit long,2023-11-06 09:55,Long Exit,1.07334,71429,76703.31736,-35.71,-0.05,38.57,0.05,-35.71,-0.05,331.96,0.00
48,Entry long,2023-11-06 08:00," | F:65,6,0,0,0.85,0,1,59.81,1,0,24.87",1.07384,71429,76703.31736,-35.71,-0.05,38.57,0.05,-35.71,-0.05,331.96,0.00
49,Exit long,2023-11-06 13:25,Long Exit,1.0746,131579,141418.4776,-23.68,-0.02,22.37,0.02,-23.68,-0.02,308.28,0.00
49,Entry long,2023-11-06 13:15," | F:75,18,1,0,0.92,0,1,48.66,1,0,10.82",1.07478,131579,141418.4776,-23.68,-0.02,22.37,0.02,-23.68,-0.02,308.28,0.00
50,Exit long,2023-11-07 15:20,Long Exit,1.06777,92593,98899.50923,-31.48,-0.03,52.78,0.05,-31.48,-0.03,276.79,0.00
50,Entry long,2023-11-07 14:40," | F:45,7,2,0,1.19,0,0,50.62,1,0,26.26",1.06811,92593,98899.50923,-31.48,-0.03,52.78,0.05,-31.48,-0.03,276.79,0.00
51,Exit long,2023-11-09 07:40,Long Exit,1.0707,200000,214150,-10,0.00,12,0.01,-10,0.00,266.79,0.00
51,Entry long,2023-11-09 07:35," | F:75,23,0,0,0.71,1,1,40.04,1,0,12.39",1.07075,200000,214150,-10,0.00,12,0.01,-10,0.00,266.79,0.00
52,Exit long,2023-11-21 07:50,Long Exit,1.09571,131579,144196.1103,-23.68,-0.02,64.47,0.04,-23.68,-0.02,243.11,0.00
52,Entry long,2023-11-21 07:00," | F:75,31,0,0,1.39,1,1,45.91,1,0,31.92",1.09589,131579,144196.1103,-23.68,-0.02,64.47,0.04,-23.68,-0.02,243.11,0.00
53,Exit long,2023-11-21 15:50,Long Exit,1.09408,108696,118950.3806,-28.26,-0.02,5.43,0.00,-28.26,-0.02,214.85,0.00
53,Entry long,2023-11-21 15:45," | F:45,22,2,0,0.44,0,0,41.54,1,0,28.05",1.09434,108696,118950.3806,-28.26,-0.02,5.43,0.00,-28.26,-0.02,214.85,0.00
54,Exit long,2023-11-23 16:20,Long Exit,1.08916,116279,126673.1798,-26.74,-0.02,0,0.00,-26.74,-0.02,188.1,0.00
54,Entry long,2023-11-23 16:15," | F:75,151,2,0,0.62,1,0,27.27,1,0,33.79",1.08939,116279,126673.1798,-26.74,-0.02,0,0.00,-26.74,-0.02,188.1,0.00
55,Exit long,2023-11-23 22:15,Time Stop (Bars),1.09034,100000,109054,-20,-0.02,17,0.02,-28,-0.03,168.1,0.00
55,Entry long,2023-11-23 19:15," | F:70,25,2,0,1,0,1,51.94,1,0,14.46",1.09054,100000,109054,-20,-0.02,17,0.02,-28,-0.03,168.1,0.00
56,Exit long,2023-11-28 21:50,Long Exit,1.09923,104167,114332.6575,170.83,0.15,170.83,0.15,-26.04,-0.02,338.94,0.00
56,Entry long,2023-11-28 20:15," | F:75,34,2,0,0.76,0,1,32.05,1,0,31.81",1.09759,104167,114332.6575,170.83,0.15,170.83,0.15,-26.04,-0.02,338.94,0.00
57,Exit long,2023-11-29 17:15,Long Exit,1.09658,60241,66097.02761,-37.95,-0.06,7.23,0.01,-37.95,-0.06,300.99,0.00
57,Entry long,2023-11-29 17:10," | F:55,11,2,0,1.06,0,0,43.75,1,0,12.81",1.09721,60241,66097.02761,-37.95,-0.06,7.23,0.01,-37.95,-0.06,300.99,0.00
58,Exit long,2023-12-14 07:15,Long Exit,1.08965,125000,136231.25,-25,-0.02,18.75,0.01,-25,-0.02,275.99,0.00
58,Entry long,2023-12-14 07:00," | F:70,36,0,0,1.35,0,1,38.42,1,0,21.29",1.08985,125000,136231.25,-25,-0.02,18.75,0.01,-25,-0.02,275.99,0.00
59,Exit long,2023-12-14 16:10,Long Exit,1.09731,22222,24279.97942,104.44,0.43,104.44,0.43,-43.33,-0.18,380.43,0.00
59,Entry long,2023-12-14 15:15," | F:80,33,2,0,0.04,1,1,53.29,1,0,28.51",1.09261,22222,24279.97942,104.44,0.43,104.44,0.43,-43.33,-0.18,380.43,0.00
60,Exit long,2023-12-19 09:15,Long Exit,1.09383,178571,195065.6033,260.71,0.13,260.71,0.13,-8.93,0.00,641.14,0.01
60,Entry long,2023-12-19 08:10," | F:70,14,0,0,1.04,0,1,46.95,1,0,13.36",1.09237,178571,195065.6033,260.71,0.13,260.71,0.13,-8.93,0.00,641.14,0.01
61,Exit long,2023-12-21 15:30,Long Exit,1.09784,76923,84483.76167,-34.62,-0.04,17.69,0.02,-34.62,-0.04,606.53,0.01
61,Entry long,2023-12-21 15:00," | F:70,10,2,0,0.77,0,1,64.9,1,0,50.66",1.09829,76923,84483.76167,-34.62,-0.04,17.69,0.02,-34.62,-0.04,606.53,0.01
62,Exit long,2023-12-22 17:20,Long Exit,1.10298,47619,52563.28077,-40.48,-0.08,6.67,0.01,-40.48,-0.08,566.05,0.01
62,Entry long,2023-12-22 17:00," | F:70,5,2,0,0.85,0,1,60.4,1,0,16.09",1.10383,47619,52563.28077,-40.48,-0.08,6.67,0.01,-40.48,-0.08,566.05,0.01
63,Exit long,2024-02-16 15:20,Long Exit,1.07651,142857,153808.4176,-21.43,-0.01,4.29,0.00,-21.43,-0.01,544.62,0.01
63,Entry long,2024-02-16 15:15," | F:75,34,2,0,0.95,0,1,36.55,1,0,29.49",1.07666,142857,153808.4176,-21.43,-0.01,4.29,0.00,-21.43,-0.01,544.62,0.01
64,Exit long,2024-02-23 17:45,Long Exit,1.08159,84746,91693.47708,-33.05,-0.04,22.03,0.02,-33.05,-0.04,511.57,0.01
64,Entry long,2024-02-23 17:15," | F:60,65,2,0,1.17,1,0,35.77,1,0,18.21",1.08198,84746,91693.47708,-33.05,-0.04,22.03,0.02,-33.05,-0.04,511.57,0.01
65,Exit long,2024-02-28 20:50,Long Exit,1.08339,125000,135448.75,-25,-0.02,56.25,0.04,-25,-0.02,486.57,0.00
65,Entry long,2024-02-28 19:40," | F:70,13,2,0,0.56,0,1,48.7,1,0,25.26",1.08359,125000,135448.75,-25,-0.02,56.25,0.04,-25,-0.02,486.57,0.00
66,Exit long,2024-03-06 17:45,Long Exit,1.08976,59524,64729.96904,136.91,0.21,136.91,0.21,-6.55,-0.01,623.48,0.01
66,Entry long,2024-03-06 15:30," | F:70,7,2,0,0.92,0,1,53.32,1,0,19.12",1.08746,59524,64729.96904,136.91,0.21,136.91,0.21,-6.55,-0.01,623.48,0.01
67,Exit short,2024-03-07 14:15,Short Exit,1.08977,131579,143367.1626,-23.68,-0.02,1.32,0.00,-23.68,-0.02,599.79,0.01
67,Entry short,2024-03-07 14:10," | F:65,8,2,1,0.73,0,1,50.07,1,0,16.87",1.08959,131579,143367.1626,-23.68,-0.02,1.32,0.00,-23.68,-0.02,599.79,0.01
68,Exit long,2024-03-08 08:10,Long Exit,1.09456,108696,119002.5547,-28.26,-0.02,3.26,0.00,-28.26,-0.02,571.53,0.01
68,Entry long,2024-03-08 08:00," | F:75,9,0,0,0.85,1,1,56.56,1,0,10.22",1.09482,108696,119002.5547,-28.26,-0.02,3.26,0.00,-28.26,-0.02,571.53,0.01
69,Exit long,2024-03-11 14:50,Long Exit,1.09345,108696,118881.9022,-28.26,-0.02,1.09,0.00,-28.26,-0.02,543.27,0.01
69,Entry long,2024-03-11 14:45," | F:55,33,2,0,1,0,0,40.1,1,0,12.39",1.09371,108696,118881.9022,-28.26,-0.02,1.09,0.00,-28.26,-0.02,543.27,0.01
70,Exit long,2024-03-13 20:45,Time Stop (Bars),1.09527,75758,82898.1915,77.27,0.09,160.61,0.19,-19.7,-0.02,620.55,0.01
70,Entry long,2024-03-13 17:45," | F:80,15,2,0,0.51,1,1,53.42,1,0,22.51",1.09425,75758,82898.1915,77.27,0.09,160.61,0.19,-19.7,-0.02,620.55,0.01
71,Exit short,2024-04-01 23:55,Short Exit,1.07428,178571,191820.9682,-14.29,-0.01,91.07,0.05,-14.29,-0.01,606.26,0.01
71,Entry short,2024-04-01 21:20," | F:75,12,2,1,0.94,1,0,55.16,0,0,18.07",1.0742,178571,191820.9682,-14.29,-0.01,91.07,0.05,-14.29,-0.01,606.26,0.01
72,Exit long,2024-04-04 14:40,Long Exit,1.08565,113636,123396.196,-27.27,-0.02,39.77,0.03,-27.27,-0.02,578.99,0.01
72,Entry long,2024-04-04 14:05," | F:70,7,1,0,0.78,0,1,53.59,1,0,15.86",1.08589,113636,123396.196,-27.27,-0.02,39.77,0.03,-27.27,-0.02,578.99,0.01
73,Exit long,2024-04-04 19:35,Long Exit,1.08632,192308,208919.565,-11.54,-0.01,9.62,0.00,-11.54,-0.01,567.45,0.01
73,Entry long,2024-04-04 19:25," | F:80,13,2,0,0.61,1,1,41.69,1,0,16.98",1.08638,192308,208919.565,-11.54,-0.01,9.62,0.00,-11.54,-0.01,567.45,0.01
74,Exit long,2024-04-05 09:10,Long Exit,1.08248,161290,174610.9411,-17.74,-0.01,59.68,0.03,-17.74,-0.01,549.71,0.01
74,Entry long,2024-04-05 07:45," | F:50,12,0,0,0.81,0,0,42.68,1,0,16.37",1.08259,161290,174610.9411,-17.74,-0.01,59.68,0.03,-17.74,-0.01,549.71,0.01
75,Exit long,2024-04-09 09:20,Long Exit,1.08559,151515,164502.8658,-19.7,-0.01,83.33,0.05,-19.7,-0.01,530.01,0.01
75,Entry long,2024-04-09 08:45," | F:70,20,0,0,0.71,0,1,50.78,1,0,13.42",1.08572,151515,164502.8658,-19.7,-0.01,83.33,0.05,-19.7,-0.01,530.01,0.01
76,Exit long,2024-04-17 19:05,Long Exit,1.06361,66667,70944.35472,-36.67,-0.05,28.67,0.04,-36.67,-0.05,493.34,0.00
76,Entry long,2024-04-17 18:30," | F:75,8,2,0,1.49,0,1,53.72,0,0,15.66",1.06416,66667,70944.35472,-36.67,-0.05,28.67,0.04,-36.67,-0.05,493.34,0.00
77,Exit long,2024-04-25 15:15,Long Exit,1.0717,100000,107200,-30,-0.03,9,0.01,-30,-0.03,463.34,0.00
77,Entry long,2024-04-25 14:45," | F:75,48,1,0,1.33,0,1,39.71,1,0,17.08",1.072,100000,107200,-30,-0.03,9,0.01,-30,-0.03,463.34,0.00
78,Exit long,2024-04-26 12:35,Long Exit,1.07317,90909,97592.62968,-31.82,-0.03,7.27,0.01,-31.82,-0.03,431.52,0.00
78,Entry long,2024-04-26 12:25," | F:75,18,1,0,0.79,0,1,44.6,1,0,29.68",1.07352,90909,97592.62968,-31.82,-0.03,7.27,0.01,-31.82,-0.03,431.52,0.00
79,Exit long,2024-05-07 07:35,Long Exit,1.07637,94340,101575.878,-31.13,-0.03,0,0.00,-31.13,-0.03,400.39,0.00
79,Entry long,2024-05-07 07:30," | F:45,17,0,0,0.77,0,0,49.42,1,0,16.96",1.0767,94340,101575.878,-31.13,-0.03,0,0.00,-31.13,-0.03,400.39,0.00
80,Exit long,2024-05-10 07:50,Long Exit,1.07753,192308,207229.1777,-11.54,-0.01,13.46,0.01,-11.54,-0.01,388.85,0.00
80,Entry long,2024-05-10 07:25," | F:75,7,0,0,0.6,1,1,48.03,1,0,23.15",1.07759,192308,207229.1777,-11.54,-0.01,13.46,0.01,-11.54,-0.01,388.85,0.00
81,Exit long,2024-05-13 09:55,Long Exit,1.07695,142857,153871.2747,-21.43,-0.01,65.71,0.04,-21.43,-0.01,367.43,0.00
81,Entry long,2024-05-13 08:25," | F:50,6,0,0,1.36,0,0,52.21,1,0,8.3",1.0771,142857,153871.2747,-21.43,-0.01,65.71,0.04,-21.43,-0.01,367.43,0.00
82,Exit long,2024-05-13 22:00,Long Exit,1.07889,147059,158681.0728,-20.59,-0.01,47.06,0.03,-20.59,-0.01,346.84,0.00
82,Entry long,2024-05-13 21:10," | F:65,10,2,0,0.56,0,1,42.41,1,0,22.39",1.07903,147059,158681.0728,-20.59,-0.01,47.06,0.03,-20.59,-0.01,346.84,0.00
83,Exit long,2024-05-16 08:50,Long Exit,1.08809,166667,181365.3627,-16.67,-0.01,38.33,0.02,-16.67,-0.01,330.17,0.00
83,Entry long,2024-05-16 08:20," | F:70,95,0,0,0.85,0,1,33.34,1,0,23.36",1.08819,166667,181365.3627,-16.67,-0.01,38.33,0.02,-16.67,-0.01,330.17,0.00
84,Exit long,2024-05-23 16:45,Long Exit,1.08453,104167,113001.4033,-29.17,-0.03,134.38,0.12,-29.17,-0.03,301,0.00
84,Entry long,2024-05-23 15:45," | F:70,13,2,0,0.6,0,1,50.34,1,0,27.53",1.08481,104167,113001.4033,-29.17,-0.03,134.38,0.12,-29.17,-0.03,301,0.00
85,Exit long,2024-05-27 19:55,Long Exit,1.08598,135135,146776.8802,-22.97,-0.02,5.41,0.00,-22.97,-0.02,278.03,0.00
85,Entry long,2024-05-27 19:35," | F:70,6,2,0,0.76,0,1,64.6,1,0,24.64",1.08615,135135,146776.8802,-22.97,-0.02,5.41,0.00,-22.97,-0.02,278.03,0.00
86,Exit long,2024-05-31 21:35,Long Exit,1.08452,156250,169475,-18.75,-0.01,39.06,0.02,-18.75,-0.01,259.28,0.00
86,Entry long,2024-05-31 21:05," | F:75,21,2,0,1.09,0,1,43.38,1,0,18.89",1.08464,156250,169475,-18.75,-0.01,39.06,0.02,-18.75,-0.01,259.28,0.00
87,Exit long,2024-06-04 20:10,Time Stop (Bars),1.08802,66667,72457.02895,78,0.11,100,0.14,-24.67,-0.03,337.28,0.00
87,Entry long,2024-06-04 17:10," | F:50,27,2,0,0.63,0,0,51.9,1,0,16.28",1.08685,66667,72457.02895,78,0.11,100,0.14,-24.67,-0.03,337.28,0.00
88,Exit long,2024-06-07 13:55,Long Exit,1.08905,125000,136156.25,-25,-0.02,23.75,0.02,-25,-0.02,312.28,0.00
88,Entry long,2024-06-07 13:05," | F:75,10,1,0,0.68,0,1,52.04,1,0,16.02",1.08925,125000,136156.25,-25,-0.02,23.75,0.02,-25,-0.02,312.28,0.00
89,Exit long,2024-06-12 21:40,Long Exit,1.08171,37594,40708.28696,-42.48,-0.10,4.51,0.01,-42.48,-0.10,269.8,0.00
89,Entry long,2024-06-12 21:35," | F:75,72,2,0,1.07,1,1,42.04,1,0,38.2",1.08284,37594,40708.28696,-42.48,-0.10,4.51,0.01,-42.48,-0.10,269.8,0.00
90,Exit long,2024-06-25 07:35,Long Exit,1.07364,185185,198834.9863,-12.96,-0.01,16.67,0.01,-12.96,-0.01,256.84,0.00
90,Entry long,2024-06-25 07:20," | F:70,8,0,0,0.84,0,1,51.94,1,0,11.11",1.07371,185185,198834.9863,-12.96,-0.01,16.67,0.01,-12.96,-0.01,256.84,0.00
91,Exit long,2024-07-05 18:30,Time Stop (Bars),1.08288,16556,17923.36004,4.8,0.03,13.58,0.08,-25.17,-0.14,261.64,0.00
91,Entry long,2024-07-05 15:30," | F:75,273,2,0,0.26,0,1,55.73,1,0,19.78",1.08259,16556,17923.36004,4.8,0.03,13.58,0.08,-25.17,-0.14,261.64,0.00
92,Exit long,2024-07-12 19:45,Time Stop (Bars),1.0901,78125,85112.5,51.56,0.06,128.13,0.15,-25,-0.03,313.2,0.00
92,Entry long,2024-07-12 16:45," | F:80,9,2,0,0.56,1,1,56.23,1,0,20.32",1.08944,78125,85112.5,51.56,0.06,128.13,0.15,-25,-0.03,313.2,0.00
93,Exit short,2024-07-22 19:35,Short Exit,1.08862,111111,120929.8791,-27.78,-0.02,117.78,0.10,-27.78,-0.02,285.42,0.00
93,Entry short,2024-07-22 16:40," | F:75,16,2,1,1.22,1,0,52.28,0,0,21.05",1.08837,111111,120929.8791,-27.78,-0.02,117.78,0.10,-27.78,-0.02,285.42,0.00
94,Exit long,2024-08-02 20:25,Long Exit,1.09076,86207,94063.90598,-32.76,-0.03,9.48,0.01,-32.76,-0.03,252.66,0.00
94,Entry long,2024-08-02 20:15," | F:70,13,2,0,0.92,0,1,50.39,1,0,18.9",1.09114,86207,94063.90598,-32.76,-0.03,9.48,0.01,-32.76,-0.03,252.66,0.00
95,Exit long,2024-08-05 16:50,Long Exit,1.0985,42017,46197.27133,-41.6,-0.09,21.43,0.05,-41.6,-0.09,211.07,0.00
95,Entry long,2024-08-05 16:40," | F:75,7,2,0,0.64,0,1,62.66,1,0,52.24",1.09949,42017,46197.27133,-41.6,-0.09,21.43,0.05,-41.6,-0.09,211.07,0.00
96,Exit long,2024-08-07 20:15,Long Exit,1.09177,96154,105008.8219,-30.77,-0.03,12.5,0.01,-30.77,-0.03,180.3,0.00
96,Entry long,2024-08-07 20:10," | F:80,41,2,0,1.58,1,0,43.4,1,0,16.81",1.09209,96154,105008.8219,-30.77,-0.03,12.5,0.01,-30.77,-0.03,180.3,0.00
97,Exit long,2024-08-09 09:00,Long Exit,1.0918,131579,143681.6364,-23.68,-0.02,22.37,0.02,-23.68,-0.02,156.61,0.00
97,Entry long,2024-08-09 08:25," | F:70,38,0,0,1.12,0,1,45.26,1,0,14.81",1.09198,131579,143681.6364,-23.68,-0.02,22.37,0.02,-23.68,-0.02,156.61,0.00
98,Exit long,2024-08-09 22:35,Long Exit,1.09172,178571,194963.8178,-14.29,-0.01,55.36,0.03,-14.29,-0.01,142.33,0.00
98,Entry long,2024-08-09 21:35," | F:70,17,2,0,1.16,0,0,41.27,1,0,16.76",1.0918,178571,194963.8178,-14.29,-0.01,55.36,0.03,-14.29,-0.01,142.33,0.00
99,Exit long,2024-08-16 15:10,Time Stop (Bars),1.09903,108696,119362.3385,97.83,0.08,148.91,0.12,-10.87,-0.01,240.15,0.00
99,Entry long,2024-08-16 12:10," | F:70,20,1,0,1.18,0,0,43.43,1,0,20.81",1.09813,108696,119362.3385,97.83,0.08,148.91,0.12,-10.87,-0.01,240.15,0.00
100,Exit long,2024-08-23 16:05,Long Exit,1.11111,92593,102912.4898,-31.48,-0.03,18.52,0.02,-31.48,-0.03,208.67,0.00
100,Entry long,2024-08-23 15:25," | F:50,11,2,0,0.67,0,0,41.92,1,0,17",1.11145,92593,102912.4898,-31.48,-0.03,18.52,0.02,-31.48,-0.03,208.67,0.00
101,Exit long,2024-08-23 19:45,Long Exit,1.11653,90909,101534.4439,-31.82,-0.03,51.82,0.05,-31.82,-0.03,176.85,0.00
101,Entry long,2024-08-23 19:25," | F:80,26,2,0,1.98,1,1,48.16,1,0,33.47",1.11688,90909,101534.4439,-31.82,-0.03,51.82,0.05,-31.82,-0.03,176.85,0.00
102,Exit long,2024-08-26 10:10,Long Exit,1.11796,94340,105499.4786,-31.13,-0.03,10.38,0.01,-31.13,-0.03,145.72,0.00
102,Entry long,2024-08-26 10:00," | F:65,13,1,0,0.87,0,1,47.26,1,0,13.73",1.11829,94340,105499.4786,-31.13,-0.03,10.38,0.01,-31.13,-0.03,145.72,0.00
103,Exit long,2024-08-28 19:20,Long Exit,1.11117,98039,108968.3877,-30.39,-0.03,0.98,0.00,-30.39,-0.03,115.33,0.00
103,Entry long,2024-08-28 19:15," | F:50,28,2,0,0.71,0,0,36.68,1,0,23.92",1.11148,98039,108968.3877,-30.39,-0.03,0.98,0.00,-30.39,-0.03,115.33,0.00
104,Exit long,2024-09-06 12:00,Long Exit,1.11129,58140,64648.773,-38.37,-0.06,7.56,0.01,-38.37,-0.06,76.96,0.00
104,Entry long,2024-09-06 11:45," | F:75,6,1,0,0.78,0,1,59.43,1,0,12.36",1.11195,58140,64648.773,-38.37,-0.06,7.56,0.01,-38.37,-0.06,76.96,0.00
105,Exit long,2024-09-13 18:40,Time Stop (Bars),1.10831,63291,70168.20006,-22.15,-0.03,96.2,0.14,-26.58,-0.04,54.81,0.00
105,Entry long,2024-09-13 15:40," | F:70,7,2,0,0.89,0,1,50.22,1,0,12.84",1.10866,63291,70168.20006,-22.15,-0.03,96.2,0.14,-26.58,-0.04,54.81,0.00
106,Exit long,2024-09-20 17:10,Long Exit,1.11444,86207,96105.28774,-32.76,-0.03,23.28,0.02,-32.76,-0.03,22.05,0.00
106,Entry long,2024-09-20 17:05," | F:80,267,2,0,0.42,1,0,26.15,1,0,32.22",1.11482,86207,96105.28774,-32.76,-0.03,23.28,0.02,-32.76,-0.03,22.05,0.00
107,Exit long,2024-09-24 23:50,Long Exit,1.11794,98039,109432.1122,169.61,0.15,169.61,0.15,-0.98,0.00,191.66,0.00
107,Entry long,2024-09-24 21:15," | F:70,6,2,0,0.61,0,1,61.19,1,0,17.65",1.11621,98039,109432.1122,169.61,0.15,169.61,0.15,-0.98,0.00,191.66,0.00
108,Exit long,2024-09-25 08:20,Long Exit,1.11936,142857,159929.8401,-21.43,-0.01,18.57,0.01,-21.43,-0.01,170.23,0.00
108,Entry long,2024-09-25 07:45," | F:75,20,0,0,1.66,1,1,48.28,1,0,23.52",1.11951,142857,159929.8401,-21.43,-0.01,18.57,0.01,-21.43,-0.01,170.23,0.00
109,Exit long,2024-09-26 16:15,Long Exit,1.11373,26596,29665.44436,-44.68,-0.15,5.32,0.02,-44.68,-0.15,125.55,0.00
109,Entry long,2024-09-26 15:40," | F:75,47,2,0,0.43,0,1,51.19,1,0,21.63",1.11541,26596,29665.44436,-44.68,-0.15,5.32,0.02,-44.68,-0.15,125.55,0.00
110,Exit long,2024-09-26 19:20,Long Exit,1.11701,79365,88685.6256,-34.13,-0.04,0,0.00,-34.13,-0.04,91.42,0.00
110,Entry long,2024-09-26 19:15," | F:70,13,2,0,0.65,0,1,54.82,1,0,31.69",1.11744,79365,88685.6256,-34.13,-0.04,0,0.00,-34.13,-0.04,91.42,0.00
111,Exit long,2024-11-19 19:55,Long Exit,1.05808,94340,99850.3994,-31.13,-0.03,15.09,0.02,-31.13,-0.03,60.29,0.00
111,Entry long,2024-11-19 19:40," | F:70,9,2,0,0.92,0,1,50.7,0,0,11.54",1.05841,94340,99850.3994,-31.13,-0.03,15.09,0.02,-31.13,-0.03,60.29,0.00
112,Exit long,2024-11-27 17:10,Long Exit,1.05352,40984,43219.26736,-41.8,-0.10,5.33,0.01,-41.8,-0.10,18.48,0.00
112,Entry long,2024-11-27 17:05," | F:75,21,2,0,0.5,0,1,47.81,1,0,32.15",1.05454,40984,43219.26736,-41.8,-0.10,5.33,0.01,-41.8,-0.10,18.48,0.00
113,Exit long,2024-11-29 07:50,Long Exit,1.0568,108696,114898.1938,-28.26,-0.02,18.48,0.02,-28.26,-0.02,-9.78,0.00
113,Entry long,2024-11-29 07:35," | F:75,25,0,0,0.61,1,1,49.39,1,0,14.92",1.05706,108696,114898.1938,-28.26,-0.02,18.48,0.02,-28.26,-0.02,-9.78,0.00
114,Exit long,2024-12-09 12:15,Long Exit,1.05836,90909,96046.26759,168.18,0.18,168.18,0.18,-23.64,-0.02,158.4,0.00
114,Entry long,2024-12-09 11:45," | F:75,14,1,0,0.73,0,1,52.25,1,0,28.68",1.05651,90909,96046.26759,168.18,0.18,168.18,0.18,-23.64,-0.02,158.4,0.00
115,Exit long,2024-12-09 14:15,Long Exit,1.05634,78125,82560.9375,-34.37,-0.04,0,0.00,-34.37,-0.04,124.03,0.00
115,Entry long,2024-12-09 14:10," | F:80,28,2,0,0.52,1,1,37.89,1,0,27.06",1.05678,78125,82560.9375,-34.37,-0.04,0,0.00,-34.37,-0.04,124.03,0.00
116,Exit short,2024-12-17 22:45,Short Exit,1.04862,111111,116685.4389,172.22,0.15,172.22,0.15,-4.44,0.00,296.25,0.00
116,Entry short,2024-12-17 20:40," | F:70,11,2,1,0.8,0,1,50.79,0,0,10.07",1.05017,111111,116685.4389,172.22,0.15,172.22,0.15,-4.44,0.00,296.25,0.00
117,Exit short,2024-12-27 15:55,Short Exit,1.0438,78125,81512.5,-34.37,-0.04,39.06,0.05,-34.37,-0.04,261.88,0.00
117,Entry short,2024-12-27 15:00," | F:45,8,2,1,0.77,0,1,55.98,1,0,28.13",1.04336,78125,81512.5,-34.37,-0.04,39.06,0.05,-34.37,-0.04,261.88,0.00
118,Exit long,2024-12-27 19:05,Long Exit,1.04178,68493,71390.93883,-36.3,-0.05,65.07,0.09,-36.3,-0.05,225.57,0.00
118,Entry long,2024-12-27 18:00," | F:80,10,2,0,0.73,1,1,43.88,0,0,16.26",1.04231,68493,71390.93883,-36.3,-0.05,65.07,0.09,-36.3,-0.05,225.57,0.00
119,Exit long,2025-01-07 14:40,Long Exit,1.03987,84746,88157.87396,-33.05,-0.04,4.24,0.00,-33.05,-0.04,192.52,0.00
119,Entry long,2025-01-07 14:35," | F:70,68,2,0,0.47,0,1,35.12,1,0,23.73",1.04026,84746,88157.87396,-33.05,-0.04,4.24,0.00,-33.05,-0.04,192.52,0.00
120,Exit long,2025-01-15 12:30,Long Exit,1.03048,75758,78101.95252,-34.85,-0.04,11.36,0.01,-34.85,-0.04,157.67,0.00
120,Entry long,2025-01-15 12:15," | F:80,11,1,0,1.17,1,1,56.57,1,1.09,21.52",1.03094,75758,78101.95252,-34.85,-0.04,11.36,0.01,-34.85,-0.04,157.67,0.00
121,Exit long,2025-01-15 18:15,Long Exit,1.02891,68493,70509.43392,-36.3,-0.05,8.22,0.01,-36.3,-0.05,121.37,0.00
121,Entry long,2025-01-15 18:10," | F:75,107,2,0,0.53,0,0,32.59,1,0.92,23.37",1.02944,68493,70509.43392,-36.3,-0.05,8.22,0.01,-36.3,-0.05,121.37,0.00
122,Exit long,2025-01-17 13:50,Long Exit,1.02989,125000,128761.25,-25,-0.02,11.25,0.01,-25,-0.02,96.37,0.00
122,Entry long,2025-01-17 13:45," | F:80,19,1,0,0.78,1,1,48.27,1,1.06,17.44",1.03009,125000,128761.25,-25,-0.02,11.25,0.01,-25,-0.02,96.37,0.00
123,Exit long,2025-01-17 18:55,Long Exit,1.02855,71429,73504.01245,-35.71,-0.05,70,0.10,-35.71,-0.05,60.66,0.00
123,Entry long,2025-01-17 18:10," | F:75,19,2,0,1.44,0,0,43.2,1,0.69,19.84",1.02905,71429,73504.01245,-35.71,-0.05,70,0.10,-35.71,-0.05,60.66,0.00
124,Exit short,2025-01-20 15:30,Short Exit,1.03257,96154,99254.9665,-30.77,-0.03,140.38,0.14,-30.77,-0.03,29.89,0.00
124,Entry short,2025-01-20 14:40," | F:50,9,2,1,0.63,0,1,54.98,1,1.11,16.02",1.03225,96154,99254.9665,-30.77,-0.03,140.38,0.14,-30.77,-0.03,29.89,0.00
125,Exit long,2025-01-20 18:30,Time Stop (Bars),1.04038,5464,5681.13936,3.5,0.06,17.98,0.32,-18.3,-0.32,33.39,0.00
125,Entry long,2025-01-20 15:30," | F:75,43,2,0,0.44,0,1,85.79,1,6.69,19.88",1.03974,5464,5681.13936,3.5,0.06,17.98,0.32,-18.3,-0.32,33.39,0.00
126,Exit long,2025-01-22 12:55,Long Exit,1.04481,78125,81660.15625,-34.37,-0.04,12.5,0.02,-34.37,-0.04,-0.99,0.00
126,Entry long,2025-01-22 12:45," | F:80,7,1,0,1,1,1,69.79,1,0.68,57.28",1.04525,78125,81660.15625,-34.37,-0.04,12.5,0.02,-34.37,-0.04,-0.99,0.00
127,Exit long,2025-01-30 00:35,Time Stop (Bars),1.04205,18116,18865.27776,12.5,0.07,27.36,0.15,-15.22,-0.08,11.51,0.00
127,Entry long,2025-01-29 21:35," | F:55,68,2,0,0.45,0,0,50.94,1,2.89,34.04",1.04136,18116,18865.27776,12.5,0.07,27.36,0.15,-15.22,-0.08,11.51,0.00
128,Exit long,2025-01-30 11:40,Long Exit,1.0403,100000,104060,-30,-0.03,74,0.07,-30,-0.03,-18.49,0.00
128,Entry long,2025-01-30 11:05," | F:70,164,1,0,1.65,0,0,33.67,1,1.59,26.19",1.0406,100000,104060,-30,-0.03,74,0.07,-30,-0.03,-18.49,0.00
129,Exit long,2025-02-05 13:15,Long Exit,1.04166,104167,108535.764,-29.17,-0.03,5.21,0.00,-29.17,-0.03,-47.66,0.00
129,Entry long,2025-02-05 13:10," | F:75,10,1,0,0.84,0,1,55.69,1,0.92,27.9",1.04194,104167,108535.764,-29.17,-0.03,5.21,0.00,-29.17,-0.03,-47.66,0.00
130,Exit long,2025-02-05 18:45,Long Exit,1.04107,84746,88259.56916,-33.05,-0.04,84.75,0.10,-33.05,-0.04,-80.71,0.00
130,Entry long,2025-02-05 18:15," | F:70,27,2,0,0.85,0,1,42.4,1,0.8,13.51",1.04146,84746,88259.56916,-33.05,-0.04,84.75,0.10,-33.05,-0.04,-80.71,0.00
131,Exit long,2025-02-07 17:10,Long Exit,1.03749,42735,44378.5881,-41.45,-0.09,13.25,0.03,-41.45,-0.09,-122.16,0.00
131,Entry long,2025-02-07 17:00," | F:75,9,2,0,1.01,0,1,59.94,1,1.12,35.89",1.03846,42735,44378.5881,-41.45,-0.09,13.25,0.03,-41.45,-0.09,-122.16,0.00
132,Exit long,2025-02-13 15:25,Long Exit,1.03862,69444,72162.03816,-36.11,-0.05,20.83,0.03,-36.11,-0.05,-158.27,0.00
132,Entry long,2025-02-13 15:00," | F:45,9,2,0,0.38,0,0,36.63,1,1.03,31.18",1.03914,69444,72162.03816,-36.11,-0.05,20.83,0.03,-36.11,-0.05,-158.27,0.00
133,Exit long,2025-02-14 12:50,Long Exit,1.04663,100000,104693,-30,-0.03,2,0.00,-30,-0.03,-188.27,0.00
133,Entry long,2025-02-14 12:45," | F:75,32,1,0,0.95,0,1,39.12,1,0.79,21.93",1.04693,100000,104693,-30,-0.03,2,0.00,-30,-0.03,-188.27,0.00
134,Exit long,2025-02-19 16:25,Long Exit,1.04285,75758,79039.07898,-34.85,-0.04,12.12,0.02,-34.85,-0.04,-223.12,0.00
134,Entry long,2025-02-19 16:05," | F:55,7,2,0,0.83,0,0,56.61,1,1.12,17.15",1.04331,75758,79039.07898,-34.85,-0.04,12.12,0.02,-34.85,-0.04,-223.12,0.00
135,Exit long,2025-02-21 10:10,Long Exit,1.04903,96154,100899.1999,-30.77,-0.03,0.96,0.00,-30.77,-0.03,-253.89,0.00
135,Entry long,2025-02-21 10:05," | F:65,14,1,0,0.96,0,1,47.04,1,1.24,18.34",1.04935,96154,100899.1999,-30.77,-0.03,0.96,0.00,-30.77,-0.03,-253.89,0.00
136,Exit short,2025-02-21 17:30,Short Exit,1.04528,37594,39403.77516,107.52,0.27,107.52,0.27,-20.3,-0.05,-146.37,0.00
136,Entry short,2025-02-21 16:45," | F:70,80,2,1,0.79,0,1,66.28,1,2.37,20.51",1.04814,37594,39403.77516,107.52,0.27,107.52,0.27,-20.3,-0.05,-146.37,0.00
137,Exit short,2025-02-26 18:05,Short Exit,1.05092,102041,107207.3358,-29.59,-0.03,20.41,0.02,-29.59,-0.03,-175.96,0.00
137,Entry short,2025-02-26 18:00," | F:75,91,2,1,0.71,0,1,69.14,1,1.11,24.95",1.05063,102041,107207.3358,-29.59,-0.03,20.41,0.02,-29.59,-0.03,-175.96,0.00
138,Exit long,2025-02-27 22:10,Long Exit,1.04034,119048,123876.5869,-26.19,-0.02,30.95,0.02,-26.19,-0.02,-202.15,0.00
138,Entry long,2025-02-27 21:40," | F:55,23,2,0,0.96,1,0,37.83,0,1.38,15.3",1.04056,119048,123876.5869,-26.19,-0.02,30.95,0.02,-26.19,-0.02,-202.15,0.00
139,Exit long,2025-03-10 16:05,Time Stop (Bars),1.08389,12853,13944.86235,-13.62,-0.10,14.4,0.10,-23.39,-0.17,-215.78,0.00
139,Entry long,2025-03-10 13:05," | F:75,24,1,0,0.58,0,1,50.67,1,2.29,39.44",1.08495,12853,13944.86235,-13.62,-0.10,14.4,0.10,-23.39,-0.17,-215.78,0.00
140,Exit long,2025-03-11 07:40,Long Exit,1.08417,108696,117873.2033,-28.26,-0.02,40.22,0.03,-28.26,-0.02,-244.04,0.00
140,Entry long,2025-03-11 07:20," | F:65,65,0,0,1.04,0,1,33.14,1,1.27,16.25",1.08443,108696,117873.2033,-28.26,-0.02,40.22,0.03,-28.26,-0.02,-244.04,0.00
141,Exit long,2025-03-11 08:20,Long Exit,1.08578,89286,96777.0954,167.86,0.17,167.86,0.17,-28.57,-0.03,-76.18,0.00
141,Entry long,2025-03-11 07:45," | F:70,82,0,0,1.14,0,0,31.08,1,1.04,22.77",1.0839,89286,96777.0954,167.86,0.17,167.86,0.17,-28.57,-0.03,-76.18,0.00
142,Exit long,2025-03-11 12:20,Long Exit,1.0889,59524,64853.77896,-38.1,-0.06,10.12,0.02,-38.1,-0.06,-114.27,0.00
142,Entry long,2025-03-11 12:10," | F:70,25,1,0,1.03,0,1,45.96,1,0.95,26.72",1.08954,59524,64853.77896,-38.1,-0.06,10.12,0.02,-38.1,-0.06,-114.27,0.00
143,Exit long,2025-03-13 19:40,Time Stop (Bars),1.08638,50505,54844.3896,23.23,0.04,95.96,0.17,-22.73,-0.04,-91.04,0.00
143,Entry long,2025-03-13 16:40," | F:55,9,2,0,0.76,0,0,57.99,1,0.79,26.76",1.08592,50505,54844.3896,23.23,0.04,95.96,0.17,-22.73,-0.04,-91.04,0.00
144,Exit long,2025-03-14 08:50,Long Exit,1.08351,68493,74249.15172,-36.3,-0.05,11.64,0.02,-36.3,-0.05,-127.34,0.00
144,Entry long,2025-03-14 08:30," | F:50,47,0,0,0.38,0,0,43.64,1,1.85,24.39",1.08404,68493,74249.15172,-36.3,-0.05,11.64,0.02,-36.3,-0.05,-127.34,0.00
145,Exit long,2025-03-17 08:50,Long Exit,1.08748,111111,120858.768,-27.78,-0.02,76.67,0.06,-27.78,-0.02,-155.12,0.00
145,Entry long,2025-03-17 08:05," | F:45,6,0,0,0.95,0,0,43.69,1,1.08,13.39",1.08773,111111,120858.768,-27.78,-0.02,76.67,0.06,-27.78,-0.02,-155.12,0.00
146,Exit short,2025-03-25 14:40,Short Exit,1.08231,106383,115110.6613,-28.72,-0.02,13.83,0.01,-28.72,-0.02,-183.84,0.00
146,Entry short,2025-03-25 14:30," | F:55,10,2,1,0.61,1,1,56.45,0,1.02,27.28",1.08204,106383,115110.6613,-28.72,-0.02,13.83,0.01,-28.72,-0.02,-183.84,0.00
147,Exit long,2025-03-31 11:15,Long Exit,1.08192,94340,102099.465,-31.13,-0.03,20.75,0.02,-31.13,-0.03,-214.98,0.00
147,Entry long,2025-03-31 11:10," | F:65,103,1,0,0.75,0,0,39.54,1,1.01,12.66",1.08225,94340,102099.465,-31.13,-0.03,20.75,0.02,-31.13,-0.03,-214.98,0.00
148,Exit long,2025-04-04 12:05,Long Exit,1.09755,22624,24876.44544,-45.47,-0.18,31.45,0.13,-45.47,-0.18,-260.45,0.00
148,Entry long,2025-04-04 11:00," | F:75,287,1,0,0.75,0,0,14.81,1,1.92,43.98",1.09956,22624,24876.44544,-45.47,-0.18,31.45,0.13,-45.47,-0.18,-260.45,0.00
149,Exit long,2025-04-04 19:40,Long Exit,1.09742,39683,43590.98184,-42.06,-0.10,21.43,0.05,-42.06,-0.10,-302.52,0.00
149,Entry long,2025-04-04 19:25," | F:55,20,2,0,0.76,0,0,42.98,1,0.73,17.19",1.09848,39683,43590.98184,-42.06,-0.10,21.43,0.05,-42.06,-0.10,-302.52,0.00
150,Exit short,2025-04-10 20:40,Short Exit,1.121,41667,46667.04,-41.67,-0.09,107.92,0.23,-41.67,-0.09,-344.18,0.00
150,Entry short,2025-04-10 19:20," | F:55,7,2,1,1.22,0,1,61.92,1,0.92,45.15",1.12,41667,46667.04,-41.67,-0.09,107.92,0.23,-41.67,-0.09,-344.18,0.00
151,Exit long,2025-04-15 15:55,Long Exit,1.13212,32258,36563.47526,-43.55,-0.12,7.1,0.02,-43.55,-0.12,-387.73,0.00
151,Entry long,2025-04-15 15:45," | F:45,11,2,0,0.6,0,0,52.38,1,1.11,25.33",1.13347,32258,36563.47526,-43.55,-0.12,7.1,0.02,-43.55,-0.12,-387.73,0.00
152,Exit long,2025-04-17 13:55,Long Exit,1.13601,40650,46220.676,-41.87,-0.09,14.23,0.03,-41.87,-0.09,-429.6,0.00
152,Entry long,2025-04-17 13:10," | F:75,34,1,0,1.01,0,0,47.18,1,1.42,14.13",1.13704,40650,46220.676,-41.87,-0.09,14.23,0.03,-41.87,-0.09,-429.6,0.00
153,Exit long,2025-04-17 21:50,Long Exit,1.13716,60976,69202.27216,137.2,0.20,137.2,0.20,-2.44,0.00,-292.4,0.00
153,Entry long,2025-04-17 21:10," | F:55,10,2,0,0.44,1,0,45.92,1,0.77,15.4",1.13491,60976,69202.27216,137.2,0.20,137.2,0.20,-2.44,0.00,-292.4,0.00
154,Exit long,2025-04-18 17:55,Long Exit,1.13967,89286,101588.7179,167.86,0.17,167.86,0.17,-18.75,-0.02,-124.55,0.00
154,Entry long,2025-04-18 16:20," | F:65,22,2,0,0.84,0,1,46.19,1,0.81,26.74",1.13779,89286,101588.7179,167.86,0.17,167.86,0.17,-18.75,-0.02,-124.55,0.00
155,Exit long,2025-04-21 13:10,Long Exit,1.15424,74627,86172.54317,-35.07,-0.04,11.19,0.01,-35.07,-0.04,-159.62,0.00
155,Entry long,2025-04-21 13:00," | F:75,20,1,0,0.87,0,1,46.1,1,0.82,33.19",1.15471,74627,86172.54317,-35.07,-0.04,11.19,0.01,-35.07,-0.04,-159.62,0.00
156,Exit long,2025-04-23 16:25,Long Exit,1.1402,89286,101836.0402,-32.14,-0.03,71.43,0.07,-32.14,-0.03,-191.76,0.00
156,Entry long,2025-04-23 15:30," | F:75,14,2,0,0.71,1,0,48.37,1,1.15,14.37",1.14056,89286,101836.0402,-32.14,-0.03,71.43,0.07,-32.14,-0.03,-191.76,0.00
157,Exit short,2025-04-30 18:20,Short Exit,1.13466,35461,40343.27048,107.09,0.27,107.09,0.27,-8.87,-0.02,-84.67,0.00
157,Entry short,2025-04-30 15:45," | F:75,66,2,1,0.52,0,0,54.39,1,1.74,17.97",1.13768,35461,40343.27048,107.09,0.27,107.09,0.27,-8.87,-0.02,-84.67,0.00
158,Exit short,2025-05-01 21:40,Short Exit,1.12892,83333,94042.95716,-33.33,-0.04,63.33,0.07,-33.33,-0.04,-118.01,0.00
158,Entry short,2025-05-01 21:15," | F:75,13,2,1,0.71,1,0,51.83,0,1,13.79",1.12852,83333,94042.95716,-33.33,-0.04,63.33,0.07,-33.33,-0.04,-118.01,0.00
159,Exit short,2025-05-07 21:45,Short Exit,1.13276,40000,45418.4,108,0.24,108,0.24,-40.8,-0.09,-10.01,0.00
159,Entry short,2025-05-07 21:05," | F:80,36,2,1,0.32,1,1,58.79,0,2.84,23.82",1.13546,40000,45418.4,108,0.24,108,0.24,-40.8,-0.09,-10.01,0.00
160,Exit long,2025-05-23 14:20,Long Exit,1.13587,76923,87209.14356,165.38,0.19,165.38,0.19,-18.46,-0.02,155.38,0.00
160,Entry long,2025-05-23 11:30," | F:80,12,1,0,1.01,1,1,59.37,1,0.78,37.94",1.13372,76923,87209.14356,165.38,0.19,165.38,0.19,-18.46,-0.02,155.38,0.00
161,Exit long,2025-05-23 22:45,Long Exit,1.13555,87719,99641.76648,-32.46,-0.03,56.14,0.06,-32.46,-0.03,122.92,0.00
161,Entry long,2025-05-23 21:40," | F:70,15,2,0,0.77,0,1,50.9,1,1.01,20.74",1.13592,87719,99641.76648,-32.46,-0.03,56.14,0.06,-32.46,-0.03,122.92,0.00
162,Exit long,2025-05-28 21:20,Long Exit,1.12874,63291,71476.42503,-37.34,-0.05,47.47,0.07,-37.34,-0.05,85.58,0.00
162,Entry long,2025-05-28 19:35," | F:50,6,2,0,0.91,0,0,44.38,0,0.55,27.49",1.12933,63291,71476.42503,-37.34,-0.05,47.47,0.07,-37.34,-0.05,85.58,0.00
163,Exit short,2025-06-05 15:15,Short Exit,1.14302,84746,96833.32198,-33.05,-0.03,111.02,0.11,-33.05,-0.03,52.53,0.00
163,Entry short,2025-06-05 15:00," | F:55,18,2,1,0.82,0,1,55.73,1,1.49,15.05",1.14263,84746,96833.32198,-33.05,-0.03,111.02,0.11,-33.05,-0.03,52.53,0.00
164,Exit long,2025-06-05 16:10,Long Exit,1.14597,32258,36860.24886,106.45,0.29,106.45,0.29,-29.35,-0.08,158.98,0.00
164,Entry long,2025-06-05 15:15," | F:75,29,2,0,0.7,0,1,55.95,1,2.83,13.98",1.14267,32258,36860.24886,106.45,0.29,106.45,0.29,-29.35,-0.08,158.98,0.00
165,Exit long,2025-06-09 08:30,Long Exit,1.14158,131579,150231.639,-23.68,-0.02,13.16,0.01,-23.68,-0.02,135.3,0.00
165,Entry long,2025-06-09 08:25," | F:70,8,0,0,1.45,0,1,53.26,1,0.89,11.71",1.14176,131579,150231.639,-23.68,-0.02,13.16,0.01,-23.68,-0.02,135.3,0.00
166,Exit long,2025-06-10 09:00,Long Exit,1.14003,86207,98311.32487,-32.76,-0.03,31.03,0.03,-32.76,-0.03,102.54,0.00
166,Entry long,2025-06-10 08:45," | F:50,8,0,0,0.78,0,0,52.61,1,1.34,21.11",1.14041,86207,98311.32487,-32.76,-0.03,31.03,0.03,-32.76,-0.03,102.54,0.00
167,Exit long,2025-06-12 18:10,Long Exit,1.15737,79365,91888.797,-34.13,-0.04,13.49,0.01,-34.13,-0.04,68.41,0.00
167,Entry long,2025-06-12 18:05," | F:75,61,2,0,1.02,0,1,40.1,1,0.96,17.98",1.1578,79365,91888.797,-34.13,-0.04,13.49,0.01,-34.13,-0.04,68.41,0.00
168,Exit long,2025-06-13 16:30,Long Exit,1.15029,80645,92799.00795,-33.87,-0.04,38.71,0.04,-33.87,-0.04,34.54,0.00
168,Entry long,2025-06-13 16:10," | F:50,16,2,0,0.47,0,0,43.35,1,1.1,15.09",1.15071,80645,92799.00795,-33.87,-0.04,38.71,0.04,-33.87,-0.04,34.54,0.00
169,Exit short,2025-06-13 19:30,Short Exit,1.15643,121951,141002.1852,-25.61,-0.02,29.27,0.02,-25.61,-0.02,8.93,0.00
169,Entry short,2025-06-13 19:20," | F:55,9,2,1,1.22,0,1,65.58,1,0.62,35.12",1.15622,121951,141002.1852,-25.61,-0.02,29.27,0.02,-25.61,-0.02,8.93,0.00
170,Exit long,2025-06-19 17:20,Long Exit,1.14714,50505,57976.20465,-39.9,-0.07,15.66,0.03,-39.9,-0.07,-30.97,0.00
170,Entry long,2025-06-19 16:45," | F:70,15,2,0,0.39,0,1,52.87,0,1.38,14.54",1.14793,50505,57976.20465,-39.9,-0.07,15.66,0.03,-39.9,-0.07,-30.97,0.00
171,Exit short,2025-06-19 20:30,Short Exit,1.14648,108696,124589.5291,-28.26,-0.02,18.48,0.01,-28.26,-0.02,-59.23,0.00
171,Entry short,2025-06-19 20:15," | F:75,19,2,1,1.02,0,0,50.08,0,0.54,25.13",1.14622,108696,124589.5291,-28.26,-0.02,18.48,0.01,-28.26,-0.02,-59.23,0.00
172,Exit long,2025-06-23 20:25,Long Exit,1.15625,33557,38693.56999,106.71,0.28,106.71,0.28,-2.35,-0.01,47.48,0.00
172,Entry long,2025-06-23 19:35," | F:75,28,2,0,0.52,0,1,51.39,1,1.18,45.44",1.15307,33557,38693.56999,106.71,0.28,106.71,0.28,-2.35,-0.01,47.48,0.00
173,Exit long,2025-07-01 07:50,Long Exit,1.17848,125000,147335,-25,-0.02,1.25,0.00,-25,-0.02,22.48,0.00
173,Entry long,2025-07-01 07:45," | F:70,25,0,0,0.85,0,1,44.5,1,0.85,13.99",1.17868,125000,147335,-25,-0.02,1.25,0.00,-25,-0.02,22.48,0.00
174,Exit long,2025-07-14 18:50,Long Exit,1.16788,86207,100712.1898,-32.76,-0.03,115.52,0.11,-32.76,-0.03,-10.28,0.00
174,Entry long,2025-07-14 18:05," | F:75,13,2,0,0.77,0,0,45.43,0,1.09,22.27",1.16826,86207,100712.1898,-32.76,-0.03,115.52,0.11,-32.76,-0.03,-10.28,0.00
175,Exit long,2025-07-22 15:40,Long Exit,1.16876,83333,97429.61028,-33.33,-0.03,15.83,0.02,-33.33,-0.03,-43.61,0.00
175,Entry long,2025-07-22 15:20," | F:80,54,2,0,1.71,1,1,36.49,1,0.99,18.39",1.16916,83333,97429.61028,-33.33,-0.03,15.83,0.02,-33.33,-0.03,-43.61,0.00
176,Exit long,2025-07-24 08:00,Long Exit,1.17727,111111,130835.4247,-27.78,-0.02,31.11,0.02,-27.78,-0.02,-71.39,0.00
176,Entry long,2025-07-24 07:00," | F:75,17,0,0,0.8,1,1,46.96,1,1.2,11.81",1.17752,111111,130835.4247,-27.78,-0.02,31.11,0.02,-27.78,-0.02,-71.39,0.00
177,Exit long,2025-07-24 17:50,Long Exit,1.17655,62500,73571.875,-37.5,-0.05,56.88,0.08,-37.5,-0.05,-108.89,0.00
177,Entry long,2025-07-24 17:25," | F:70,9,2,0,0.64,0,1,55.03,1,0.43,32.19",1.17715,62500,73571.875,-37.5,-0.05,56.88,0.08,-37.5,-0.05,-108.89,0.00
178,Exit short,2025-07-25 17:15,Short Exit,1.17304,59524,69785.9376,-38.1,-0.05,111.91,0.16,-38.1,-0.05,-146.98,0.00
178,Entry short,2025-07-25 16:20," | F:75,28,2,1,0.39,1,0,52.25,1,1.81,45.13",1.1724,59524,69785.9376,-38.1,-0.05,111.91,0.16,-38.1,-0.05,-146.98,0.00
179,Exit long,2025-07-28 18:05,Long Exit,1.1634,73529,85578.93252,-35.29,-0.04,0,0.00,-35.29,-0.04,-182.28,0.00
179,Entry long,2025-07-28 18:00," | F:50,8,2,0,0.8,0,0,45.94,0,0.92,19.54",1.16388,73529,85578.93252,-35.29,-0.04,0,0.00,-35.29,-0.04,-182.28,0.00
180,Exit long,2025-08-06 08:30,Long Exit,1.15764,111111,128654.3158,-27.78,-0.02,3.33,0.00,-27.78,-0.02,-210.05,0.00
180,Entry long,2025-08-06 08:10," | F:70,17,0,0,0.63,0,1,48.96,1,1.33,32.75",1.15789,111111,128654.3158,-27.78,-0.02,3.33,0.00,-27.78,-0.02,-210.05,0.00
181,Exit long,2025-08-07 12:20,Long Exit,1.16775,119048,139044.4926,-26.19,-0.02,25,0.02,-26.19,-0.02,-236.24,0.00
181,Entry long,2025-08-07 12:15," | F:70,10,1,0,0.5,0,1,47.28,1,0.59,29.98",1.16797,119048,139044.4926,-26.19,-0.02,25,0.02,-26.19,-0.02,-236.24,0.00
182,Exit long,2025-08-11 09:35,Long Exit,1.16655,125000,145843.75,-25,-0.02,8.75,0.01,-25,-0.02,-261.24,0.00
182,Entry long,2025-08-11 09:30," | F:70,42,0,0,0.58,0,1,43,1,0.99,16.96",1.16675,125000,145843.75,-25,-0.02,8.75,0.01,-25,-0.02,-261.24,0.00
183,Exit long,2025-08-14 18:35,Long Exit,1.16474,53763,62659.16361,-39.25,-0.06,10.21,0.02,-39.25,-0.06,-300.49,0.00
183,Entry long,2025-08-14 18:10," | F:50,13,2,0,1.64,0,0,43.92,1,0.85,29.1",1.16547,53763,62659.16361,-39.25,-0.06,10.21,0.02,-39.25,-0.06,-300.49,0.00
184,Exit long,2025-08-26 19:05,Time Stop (Bars),1.16528,58140,67696.4718,52.91,0.08,126.16,0.19,-19.77,-0.03,-247.58,0.00
184,Entry long,2025-08-26 16:05," | F:75,28,2,0,0.54,0,1,43.83,0,1.23,22.76",1.16437,58140,67696.4718,52.91,0.08,126.16,0.19,-19.77,-0.03,-247.58,0.00
185,Exit long,2025-08-29 13:10,Long Exit,1.16688,60241,70331.96991,-37.95,-0.05,11.45,0.02,-37.95,-0.05,-285.54,0.00
185,Entry long,2025-08-29 12:35," | F:75,23,1,0,1.05,0,1,49.98,1,1.02,16.72",1.16751,60241,70331.96991,-37.95,-0.05,11.45,0.02,-37.95,-0.05,-285.54,0.00
186,Exit long,2025-09-09 09:40,Long Exit,1.17646,119048,140081.4006,-26.19,-0.02,36.9,0.03,-26.19,-0.02,-311.73,0.00
186,Entry long,2025-09-09 09:30," | F:70,31,0,0,0.57,0,1,39.01,1,1.23,21.64",1.17668,119048,140081.4006,-26.19,-0.02,36.9,0.03,-26.19,-0.02,-311.73,0.00
187,Exit long,2025-09-09 15:30,Long Exit,1.17349,58140,68265.081,-38.37,-0.06,20.93,0.03,-38.37,-0.06,-350.1,0.00
187,Entry long,2025-09-09 15:00," | F:70,227,2,0,0.57,0,0,24.57,1,1.67,32.4",1.17415,58140,68265.081,-38.37,-0.06,20.93,0.03,-38.37,-0.06,-350.1,0.00
188,Exit short,2025-09-11 16:00,Short Exit,1.1721,37037,43368.47515,-42.59,-0.10,63.7,0.15,-42.59,-0.10,-392.69,0.00
188,Entry short,2025-09-11 15:35," | F:60,253,2,1,0.32,1,1,67.47,0,2.5,24.23",1.17095,37037,43368.47515,-42.59,-0.10,63.7,0.15,-42.59,-0.10,-392.69,0.00
189,Exit long,2025-09-12 19:40,Long Exit,1.17276,113636,133095.0286,172.73,0.13,172.73,0.13,-4.55,0.00,-219.96,0.00
189,Entry long,2025-09-12 19:05," | F:55,29,2,0,1.37,0,0,40,1,0.66,15.45",1.17124,113636,133095.0286,172.73,0.13,172.73,0.13,-4.55,0.00,-219.96,0.00
190,Exit long,2025-09-15 16:50,Long Exit,1.17576,92593,108898.6273,-31.48,-0.03,65.74,0.06,-31.48,-0.03,-251.45,0.00
190,Entry long,2025-09-15 16:25," | F:70,21,2,0,0.58,0,1,47.85,1,0.85,31.5",1.1761,92593,108898.6273,-31.48,-0.03,65.74,0.06,-31.48,-0.03,-251.45,0.00
191,Exit long,2025-09-24 08:30,Long Exit,1.17971,89286,105363.73,-32.14,-0.03,38.39,0.04,-32.14,-0.03,-283.59,0.00
191,Entry long,2025-09-24 07:45," | F:50,10,0,0,0.55,0,0,52.12,1,1.06,18.88",1.18007,89286,105363.73,-32.14,-0.03,38.39,0.04,-32.14,-0.03,-283.59,0.00
192,Exit long,2025-10-01 10:40,Long Exit,1.17483,84746,99595.19412,-33.05,-0.03,48.31,0.05,-33.05,-0.03,-316.64,0.00
192,Entry long,2025-10-01 10:30," | F:70,35,1,0,0.41,0,1,40.31,1,1.6,40.99",1.17522,84746,99595.19412,-33.05,-0.03,48.31,0.05,-33.05,-0.03,-316.64,0.00
193,Exit short,2025-10-02 10:00,Short Exit,1.17447,75758,88940.64958,-34.85,-0.04,45.45,0.05,-34.85,-0.04,-351.49,0.00
193,Entry short,2025-10-02 09:35," | F:50,6,0,1,1.08,0,1,58.97,0,2.43,26.96",1.17401,75758,88940.64958,-34.85,-0.04,45.45,0.05,-34.85,-0.04,-351.49,0.00
194,Exit long,2025-10-03 13:55,Long Exit,1.17338,138889,162991.7971,-22.22,-0.01,63.89,0.04,-22.22,-0.01,-373.71,0.00
194,Entry long,2025-10-03 13:05," | F:75,9,1,0,0.99,0,1,51.39,1,1.01,17.37",1.17354,138889,162991.7971,-22.22,-0.01,63.89,0.04,-22.22,-0.01,-373.71,0.00
195,Exit long,2025-10-03 19:35,Long Exit,1.17381,116279,136516.1972,-26.74,-0.02,1.16,0.00,-26.74,-0.02,-400.46,0.00
195,Entry long,2025-10-03 19:20," | F:80,15,2,0,0.37,1,1,45.5,1,0.5,19.08",1.17404,116279,136516.1972,-26.74,-0.02,1.16,0.00,-26.74,-0.02,-400.46,0.00
196,Exit short,2025-10-09 18:05,Short Exit,1.15751,31056,36053.84208,106.21,0.29,106.21,0.29,-36.96,-0.10,-294.24,0.00
196,Entry short,2025-10-09 16:05," | F:80,33,2,1,0.63,1,0,42.55,0,2.52,15.47",1.16093,31056,36053.84208,106.21,0.29,106.21,0.29,-36.96,-0.10,-294.24,0.00
197,Exit long,2025-10-10 18:00,Long Exit,1.15963,47170,54565.3126,134.43,0.25,134.43,0.25,-28.3,-0.05,-159.81,0.00
197,Entry long,2025-10-10 15:00," | F:50,154,2,0,0.71,0,0,45.54,0,1.81,26.85",1.15678,47170,54565.3126,134.43,0.25,134.43,0.25,-28.3,-0.05,-159.81,0.00
198,Exit long,2025-10-15 11:25,Long Exit,1.16347,86207,100332.017,-32.76,-0.03,6.9,0.01,-32.76,-0.03,-192.57,0.00
198,Entry long,2025-10-15 11:15," | F:75,10,1,0,1.1,0,1,58.97,1,1.14,25.98",1.16385,86207,100332.017,-32.76,-0.03,6.9,0.01,-32.76,-0.03,-192.57,0.00
199,Exit long,2025-10-17 10:20,Long Exit,1.17005,52083,60979.29723,-39.58,-0.06,35.94,0.06,-39.58,-0.06,-232.15,0.00
199,Entry long,2025-10-17 10:10," | F:75,62,1,0,0.89,1,1,40.08,1,1.38,27.1",1.17081,52083,60979.29723,-39.58,-0.06,35.94,0.06,-39.58,-0.06,-232.15,0.00
200,Exit long,2025-10-17 14:10,Long Exit,1.16874,65789,76927.0777,-36.84,-0.05,26.97,0.04,-36.84,-0.05,-268.99,0.00
200,Entry long,2025-10-17 14:00," | F:75,158,1,0,0.51,1,0,43.4,1,1.36,22.33",1.1693,65789,76927.0777,-36.84,-0.05,26.97,0.04,-36.84,-0.05,-268.99,0.00
201,Exit long,2025-10-20 19:20,Long Exit,1.16525,81967,95545.65322,-33.61,-0.04,63.93,0.07,-33.61,-0.04,-302.6,0.00
201,Entry long,2025-10-20 18:10," | F:55,13,2,0,0.93,0,0,53.63,1,0.85,19.81",1.16566,81967,95545.65322,-33.61,-0.04,63.93,0.07,-33.61,-0.04,-302.6,0.00
202,Exit long,2025-10-24 18:45,Long Exit,1.16249,73529,85512.02113,-35.29,-0.04,2.21,0.00,-35.29,-0.04,-337.89,0.00
202,Entry long,2025-10-24 18:40," | F:75,10,2,0,1.44,0,1,51.8,0,0.84,11.43",1.16297,73529,85512.02113,-35.29,-0.04,2.21,0.00,-35.29,-0.04,-337.89,0.00
203,Exit long,2025-10-27 20:00,Long Exit,1.16357,142857,166245.548,-21.43,-0.01,20,0.01,-21.43,-0.01,-359.32,0.00
203,Entry long,2025-10-27 19:25," | F:75,14,2,0,0.69,0,1,48.62,1,0.75,16.88",1.16372,142857,166245.548,-21.43,-0.01,20,0.01,-21.43,-0.01,-359.32,0.00
204,Exit long,2025-10-28 08:50,Long Exit,1.16577,111111,129557.6482,-27.78,-0.02,7.78,0.01,-27.78,-0.02,-387.1,0.00
204,Entry long,2025-10-28 08:35," | F:70,36,0,0,1.01,0,1,40.52,1,1.47,15.51",1.16602,111111,129557.6482,-27.78,-0.02,7.78,0.01,-27.78,-0.02,-387.1,0.00
205,Exit long,2025-10-31 17:40,Long Exit,1.15251,69444,80071.01532,-36.11,-0.05,25,0.03,-36.11,-0.05,-423.21,0.00
205,Entry long,2025-10-31 17:05," | F:50,8,2,0,0.95,0,0,39.72,0,0.75,42.12",1.15303,69444,80071.01532,-36.11,-0.05,25,0.03,-36.11,-0.05,-423.21,0.00
206,Exit long,2025-11-05 20:00,Time Stop (Bars),1.14829,49505,56820.8489,25.25,0.04,48.02,0.08,-37.62,-0.07,-397.96,0.00
206,Entry long,2025-11-05 17:00," | F:55,12,2,0,1.11,0,0,42.64,0,2.91,24.6",1.14778,49505,56820.8489,25.25,0.04,48.02,0.08,-37.62,-0.07,-397.96,0.00
207,Exit short,2025-11-10 23:35,Time Stop (Bars),1.15587,80645,93232.0716,16.94,0.02,23.39,0.03,-30.65,-0.03,-381.03,0.00
207,Entry short,2025-11-10 20:35," | F:65,6,2,1,0.77,0,1,60.69,1,0.61,30.8",1.15608,80645,93232.0716,16.94,0.02,23.39,0.03,-30.65,-0.03,-381.03,0.00
208,Exit short,2025-11-18 15:40,Short Exit,1.16018,56180,65140.1482,-38.76,-0.06,0.56,0.00,-38.76,-0.06,-419.79,0.00
208,Entry short,2025-11-18 15:30," | F:75,62,2,1,1.12,0,1,58.91,1,2.5,28.7",1.15949,56180,65140.1482,-38.76,-0.06,0.56,0.00,-38.76,-0.06,-419.79,0.00
209,Exit long,2025-11-24 16:15,Long Exit,1.15362,106383,122754.2799,-28.72,-0.02,123.4,0.10,-28.72,-0.02,-448.51,0.00
209,Entry long,2025-11-24 14:10," | F:70,12,2,0,0.64,0,1,49.55,0,1.29,27.39",1.15389,106383,122754.2799,-28.72,-0.02,123.4,0.10,-28.72,-0.02,-448.51,0.00
210,Exit short,2025-12-02 19:40,Short Exit,1.16076,128205,148790.8769,-24.36,-0.02,1.28,0.00,-24.36,-0.02,-472.87,0.00
210,Entry short,2025-12-02 19:35," | F:75,13,2,1,0.76,0,0,53.34,1,0.68,23.39",1.16057,128205,148790.8769,-24.36,-0.02,1.28,0.00,-24.36,-0.02,-472.87,0.00
211,Exit long,2025-12-03 16:20,Long Exit,1.16588,86207,100539.7758,-32.76,-0.03,110.34,0.11,-32.76,-0.03,-505.63,-0.01
211,Entry long,2025-12-03 13:45," | F:65,5,1,0,0.85,0,1,67.23,1,0.79,34.65",1.16626,86207,100539.7758,-32.76,-0.03,110.34,0.11,-32.76,-0.03,-505.63,-0.01
212,Exit long,2025-12-04 14:20,Long Exit,1.16751,131579,153643.4825,-23.68,-0.02,34.21,0.02,-23.68,-0.02,-529.32,-0.01
212,Entry long,2025-12-04 14:05," | F:70,9,2,0,0.56,0,1,55.63,1,1.02,22.58",1.16769,131579,153643.4825,-23.68,-0.02,34.21,0.02,-23.68,-0.02,-529.32,-0.01
213,Exit long,2025-12-04 17:00,Long Exit,1.16643,106383,124117.0461,-28.72,-0.02,44.68,0.04,-28.72,-0.02,-558.04,-0.01
213,Entry long,2025-12-04 16:45," | F:75,11,2,0,0.99,0,1,45.86,1,1.1,22.27",1.1667,106383,124117.0461,-28.72,-0.02,44.68,0.04,-28.72,-0.02,-558.04,-0.01
214,Exit long,2025-12-05 17:50,Long Exit,1.16485,87719,102211.9332,-32.46,-0.03,2.63,0.00,-32.46,-0.03,-590.5,-0.01
214,Entry long,2025-12-05 17:45," | F:80,9,2,0,1.16,1,0,49.34,1,1.08,14.42",1.16522,87719,102211.9332,-32.46,-0.03,2.63,0.00,-32.46,-0.03,-590.5,-0.01
215,Exit long,2025-12-10 15:15,Long Exit,1.16307,76923,89501.44896,-34.62,-0.04,55.38,0.06,-34.62,-0.04,-625.11,-0.01
215,Entry long,2025-12-10 14:20," | F:65,6,2,0,1.06,0,1,49.92,1,0.96,13.78",1.16352,76923,89501.44896,-34.62,-0.04,55.38,0.06,-34.62,-0.04,-625.11,-0.01
216,Exit long,2025-12-11 16:50,Long Exit,1.17401,111111,130473.2029,-27.78,-0.02,1.11,0.00,-27.78,-0.02,-652.89,-0.01
216,Entry long,2025-12-11 16:45," | F:70,7,2,0,0.46,0,1,66.56,1,1.01,38.87",1.17426,111111,130473.2029,-27.78,-0.02,1.11,0.00,-27.78,-0.02,-652.89,-0.01
217,Exit long,2025-12-16 07:30,Long Exit,1.17503,142857,167882.6893,-21.43,-0.01,24.29,0.01,-21.43,-0.01,-674.32,-0.01
217,Entry long,2025-12-16 07:00," | F:75,10,0,0,0.23,1,1,47.12,1,1.07,12.76",1.17518,142857,167882.6893,-21.43,-0.01,24.29,0.01,-21.43,-0.01,-674.32,-0.01
218,Exit long,2025-12-16 20:15,Long Exit,1.1753,108696,127778.6698,-28.26,-0.02,1.09,0.00,-28.26,-0.02,-702.58,-0.01
218,Entry long,2025-12-16 20:10," | F:70,82,2,0,0.58,0,0,29.15,1,0.93,20.06",1.17556,108696,127778.6698,-28.26,-0.02,1.09,0.00,-28.26,-0.02,-702.58,-0.01
219,Exit long,2025-12-18 09:55,Long Exit,1.17387,89286,104842.2998,-32.14,-0.03,66.07,0.06,-32.14,-0.03,-734.72,-0.01
219,Entry long,2025-12-18 08:20," | F:70,21,0,0,0.74,0,1,48.31,1,1.26,14.98",1.17423,89286,104842.2998,-32.14,-0.03,66.07,0.06,-32.14,-0.03,-734.72,-0.01
220,Exit long,2025-12-19 20:10,Long Exit,1.17248,121951,142810.7185,174.39,0.12,174.39,0.12,0,0.00,-560.33,-0.01
220,Entry long,2025-12-19 18:00," | F:60,33,2,0,1.14,1,0,35.54,0,1.27,23.13",1.17105,121951,142810.7185,174.39,0.12,174.39,0.12,0,0.00,-560.33,-0.01
221,Exit long,2025-12-23 17:35,Long Exit,1.17673,68493,80634.06918,-36.3,-0.05,43.84,0.05,-36.3,-0.05,-596.63,-0.01
221,Entry long,2025-12-23 17:00," | F:70,163,2,0,0.37,0,0,40.19,1,1.27,44.98",1.17726,68493,80634.06918,-36.3,-0.05,43.84,0.05,-36.3,-0.05,-596.63,-0.01
222,Exit long,2025-12-23 20:45,Time Stop (Bars),1.17794,89286,105066.4076,107.14,0.10,116.07,0.11,-24.11,-0.02,-489.49,0.00
222,Entry long,2025-12-23 17:45," | F:75,190,2,0,0.32,1,0,37.94,1,0.82,36.16",1.17674,89286,105066.4076,107.14,0.10,116.07,0.11,-24.11,-0.02,-489.49,0.00
223,Exit long,2025-12-24 14:00,Long Exit,1.17908,75758,89359.59132,-34.85,-0.04,22.73,0.03,-34.85,-0.04,-524.34,-0.01
223,Entry long,2025-12-24 12:45," | F:75,26,1,0,0.95,0,1,47.29,1,1.16,14.65",1.17954,75758,89359.59132,-34.85,-0.04,22.73,0.03,-34.85,-0.04,-524.34,-0.01
224,Exit long,2025-12-29 18:15,Long Exit,1.17622,80645,94890.1328,-33.87,-0.04,12.1,0.01,-33.87,-0.04,-558.21,-0.01
224,Entry long,2025-12-29 18:00," | F:55,31,2,0,0.71,0,0,38.84,1,1.31,24.89",1.17664,80645,94890.1328,-33.87,-0.04,12.1,0.01,-33.87,-0.04,-558.21,-0.01
225,Exit long,2025-12-31 15:45,Long Exit,1.17431,119048,139825.4474,-26.19,-0.02,28.57,0.02,-26.19,-0.02,-584.4,-0.01
225,Entry long,2025-12-31 15:35," | F:65,21,2,0,0.72,0,1,42.9,1,1.72,33.36",1.17453,119048,139825.4474,-26.19,-0.02,28.57,0.02,-26.19,-0.02,-584.4,-0.01
226,Exit long,2026-01-14 18:30,Time Stop (Bars),1.16565,108696,126604.753,96.74,0.08,154.35,0.12,-23.91,-0.02,-487.66,0.00
226,Entry long,2026-01-14 15:30," | F:80,58,2,0,0.75,1,0,46.27,0,1.4,16.51",1.16476,108696,126604.753,96.74,0.08,154.35,0.12,-23.91,-0.02,-487.66,0.00
227,Exit long,2026-01-16 16:15,Long Exit,1.16142,121951,141661.9401,-25.61,-0.02,10.98,0.01,-25.61,-0.02,-513.27,-0.01
227,Entry long,2026-01-16 16:05," | F:80,10,2,0,1.25,1,1,47.78,0,0.95,11.22",1.16163,121951,141661.9401,-25.61,-0.02,10.98,0.01,-25.61,-0.02,-513.27,-0.01
228,Exit long,2026-01-16 17:35,Long Exit,1.16001,94340,109466.4756,-31.13,-0.03,4.72,0.00,-31.13,-0.03,-544.4,-0.01
228,Entry long,2026-01-16 17:30," | F:60,282,2,0,0.7,1,0,32.37,0,1.59,20.9",1.16034,94340,109466.4756,-31.13,-0.03,4.72,0.00,-31.13,-0.03,-544.4,-0.01
229,Exit short,2026-01-16 21:50,Short Exit,1.15973,128205,148658.8257,-24.36,-0.02,10.26,0.01,-24.36,-0.02,-568.76,-0.01
229,Entry short,2026-01-16 21:35," | F:70,10,2,1,0.91,0,0,47.73,0,1.1,16.26",1.15954,128205,148658.8257,-24.36,-0.02,10.26,0.01,-24.36,-0.02,-568.76,-0.01