Trade #,Type,Date and time,Signal,Price JPY,Position size (qty),Position size (value),Net P&L USD,Net P&L %,Favorable excursion USD,Favorable excursion %,Adverse excursion USD,Adverse excursion %,Cumulative P&L USD,Cumulative P&L %
1,Exit short,2023-01-06 17:45,Short Exit,132.535,9105,1220315.835,101.78,1.11,101.78,1.11,-11.05,-0.12,101.78,0.00
1,Entry short,2023-01-06 15:30," | F:60,6,2,1,0.59,1,1,27,1,0,35.48,0",134.027,9105,1220315.835,101.78,1.11,101.78,1.11,-11.05,-0.12,101.78,0.00
2,Exit long,2023-01-10 17:40,Long Exit,132.228,39483,5206781.142,105.97,0.27,105.97,0.27,-10.18,-0.03,207.75,0.00
2,Entry long,2023-01-10 16:35," | F:60,62,2,0,0.53,1,0,35.53,0,0,31.15,0",131.874,39483,5206781.142,105.97,0.27,105.97,0.27,-10.18,-0.03,207.75,0.00
3,Exit short,2023-01-13 16:35,Short Exit,128.032,76347,9792418.914,135.75,0.18,135.75,0.18,-7.08,-0.01,343.5,0.00
3,Entry short,2023-01-13 16:20," | F:80,8,2,1,0.12,1,0,39.78,0,0,25.92,0",128.262,76347,9792418.914,135.75,0.18,135.75,0.18,-7.08,-0.01,343.5,0.00
4,Exit long,2023-01-19 16:00,Long Exit,128.356,26134,3360361.988,-45.8,-0.18,16.42,0.06,-45.8,-0.18,297.7,0.00
4,Entry long,2023-01-19 15:30," | F:75,41,2,0,0.39,0,1,54.08,0,0,20.61,0",128.582,26134,3360361.988,-45.8,-0.18,16.42,0.06,-45.8,-0.18,297.7,0.00
5,Exit long,2023-01-23 09:15,Long Exit,130.165,108302,14075469.43,167.13,0.15,167.13,0.15,-23.4,-0.02,464.83,0.00
5,Entry long,2023-01-23 09:05," | F:65,10,1,0,1.02,0,1,57.38,1,0,37.89,0",129.965,108302,14075469.43,167.13,0.15,167.13,0.15,-23.4,-0.02,464.83,0.00
6,Exit long,2023-01-24 17:40,Long Exit,130.28,48293,6297165.735,-42.49,-0.09,25.13,0.05,-42.49,-0.09,422.34,0.00
6,Entry long,2023-01-24 17:30," | F:70,22,2,0,0.35,0,1,44.29,1,0,27.93,0",130.395,48293,6297165.735,-42.49,-0.09,25.13,0.05,-42.49,-0.09,422.34,0.00
7,Exit short,2023-01-25 20:00,Short Exit,129.528,46367,6019734.876,106.84,0.23,106.84,0.23,-21.37,-0.05,529.19,0.01
7,Entry short,2023-01-25 18:10," | F:80,27,2,1,0.81,1,0,58.76,0,0,22.5,0",129.828,46367,6019734.876,106.84,0.23,106.84,0.23,-21.37,-0.05,529.19,0.01
8,Exit long,2023-01-30 14:30,Long Exit,130.1,92961,12098874.15,-35.79,-0.04,18.61,0.02,-35.79,-0.04,493.4,0.00
8,Entry long,2023-01-30 14:05," | F:70,8,2,0,0.56,0,1,60.47,1,0,31.81,0",130.15,92961,12098874.15,-35.79,-0.04,18.61,0.02,-35.79,-0.04,493.4,0.00
9,Exit long,2023-02-02 15:15,Long Exit,128.303,49012,6293826.968,-42.18,-0.09,30.4,0.06,-42.18,-0.09,451.22,0.00
9,Entry long,2023-02-02 14:40," | F:55,144,2,0,0.79,1,0,27.59,0,0,33.73,0",128.414,49012,6293826.968,-42.18,-0.09,30.4,0.06,-42.18,-0.09,451.22,0.00
10,Exit short,2023-02-03 15:30,Short Exit,128.577,57363,7370285.055,-40.99,-0.07,62.83,0.11,-40.99,-0.07,410.22,0.00
10,Entry short,2023-02-03 15:25," | F:80,39,2,1,0.62,1,0,56.92,0,0,28.52,0",128.485,57363,7370285.055,-40.99,-0.07,62.83,0.11,-40.99,-0.07,410.22,0.00
11,Exit long,2023-02-03 18:30,Time Stop (Bars),130.975,6052,783086.436,74.37,1.22,83.87,1.38,0,0.00,484.59,0.00
11,Entry long,2023-02-03 15:30," | F:50,14,2,0,0.27,0,1,89.37,0,0,32.51,0",129.393,6052,783086.436,74.37,1.22,83.87,1.38,0,0.00,484.59,0.00
12,Exit long,2023-02-08 22:05,Long Exit,131.385,77148,10118114.5,137.13,0.18,137.13,0.18,-11.18,-0.01,621.73,0.01
12,Entry long,2023-02-08 20:05," | F:75,60,2,0,0.79,0,0,40.63,1,0,20.21,0",131.152,77148,10118114.5,137.13,0.18,137.13,0.18,-11.18,-0.01,621.73,0.01
13,Exit long,2023-02-16 18:25,Long Exit,134.058,77084,10338891.5,-38.49,-0.05,90.19,0.12,-38.49,-0.05,583.24,0.01
13,Entry long,2023-02-16 17:35," | F:75,24,2,0,1.63,0,1,43.18,1,0,33.34,0",134.125,77084,10338891.5,-38.49,-0.05,90.19,0.12,-38.49,-0.05,583.24,0.01
14,Exit long,2023-02-17 16:45,Long Exit,134.674,126882,17064994.59,169.48,0.13,169.48,0.13,-18.94,-0.01,752.72,0.01
14,Entry long,2023-02-17 16:30," | F:70,155,2,0,0.69,0,0,30.7,1,0,45.79,0",134.495,126882,17064994.59,169.48,0.13,169.48,0.13,-18.94,-0.01,752.72,0.01
15,Exit long,2023-02-21 17:55,Long Exit,134.72,67398,9085250.4,-40.15,-0.06,43.66,0.06,-40.15,-0.06,712.57,0.01
15,Entry long,2023-02-21 17:35," | F:65,32,2,0,0.68,0,1,42.14,1,0,23.27,0",134.8,67398,9085250.4,-40.15,-0.06,43.66,0.06,-40.15,-0.06,712.57,0.01
16,Exit long,2023-02-23 00:05,Time Stop (Bars),134.837,35282,4755413.806,14.11,0.04,53.29,0.15,-34.5,-0.10,726.68,0.01
16,Entry long,2023-02-22 21:05," | F:50,37,2,0,0.53,0,1,60.52,1,0,11.53,0",134.783,35282,4755413.806,14.11,0.04,53.29,0.15,-34.5,-0.10,726.68,0.01
17,Exit long,2023-02-28 17:50,Long Exit,136.248,98766,13461509.5,-35.51,-0.04,119.58,0.12,-35.51,-0.04,691.17,0.01
17,Entry long,2023-02-28 17:25," | F:70,105,2,0,0.42,0,0,26.96,1,0,26.89,0",136.297,98766,13461509.5,-35.51,-0.04,119.58,0.12,-35.51,-0.04,691.17,0.01
18,Exit long,2023-03-02 22:35,Long Exit,136.678,65125,8906690.375,-40.63,-0.06,30.12,0.05,-40.63,-0.06,650.54,0.01
18,Entry long,2023-03-02 21:05," | F:70,34,2,0,0.67,0,1,40.55,1,0,28.43,0",136.763,65125,8906690.375,-40.63,-0.06,30.12,0.05,-40.63,-0.06,650.54,0.01
19,Exit long,2023-03-06 13:45,Long Exit,136.123,125872,17111165.55,168.63,0.13,168.63,0.13,-15.75,-0.01,819.17,0.01
19,Entry long,2023-03-06 12:25," | F:70,13,1,0,0.93,0,1,50.92,1,0,27.09,0",135.941,125872,17111165.55,168.63,0.13,168.63,0.13,-15.75,-0.01,819.17,0.01
20,Exit long,2023-03-07 17:00,Long Exit,136.478,46632,6349692.912,107.01,0.23,107.01,0.23,-29.84,-0.06,926.18,0.01
20,Entry long,2023-03-07 15:25," | F:70,19,2,0,0.54,0,1,58.63,1,0,29.58,0",136.166,46632,6349692.912,107.01,0.23,107.01,0.23,-29.84,-0.06,926.18,0.01
21,Exit short,2023-03-08 15:15,Short Exit,137.318,36283,4976177.167,-44.71,-0.12,3.44,0.01,-44.71,-0.12,881.47,0.01
21,Entry short,2023-03-08 15:00," | F:75,17,2,1,0.62,1,0,31.12,1,0,39.17,0",137.149,36283,4976177.167,-44.71,-0.12,3.44,0.01,-44.71,-0.12,881.47,0.01
22,Exit short,2023-03-09 10:20,Short Exit,136.605,83432,11416000.56,136.61,0.16,136.61,0.16,-10.93,-0.01,1018.08,0.01
22,Entry short,2023-03-09 10:00," | F:75,40,1,1,0.35,1,0,61.14,1,0,26.29,0",136.83,83432,11416000.56,136.61,0.16,136.61,0.16,-10.93,-0.01,1018.08,0.01
23,Exit long,2023-03-09 20:40,Long Exit,136.089,83017,11302847.57,-37.46,-0.05,56.79,0.07,-37.46,-0.05,980.62,0.01
23,Entry long,2023-03-09 20:15," | F:60,38,2,0,0.83,1,0,38.93,0,0,16.92,0",136.151,83017,11302847.57,-37.46,-0.05,56.79,0.07,-37.46,-0.05,980.62,0.01
24,Exit long,2023-03-14 20:50,Long Exit,134.068,41169,5525332.659,-44.18,-0.11,63.03,0.15,-44.18,-0.11,936.44,0.01
24,Entry long,2023-03-14 19:25," | F:75,55,2,0,1.77,1,1,38.34,0,0,20.33,0",134.211,41169,5525332.659,-44.18,-0.11,63.03,0.15,-44.18,-0.11,936.44,0.01
25,Exit short,2023-03-15 20:40,Short Exit,133.638,30747,4102910.427,-45.08,-0.15,7.78,0.03,-45.08,-0.15,891.36,0.01
25,Entry short,2023-03-15 20:30," | F:75,82,2,1,0.13,1,0,67.96,0,0,21.11,0",133.441,30747,4102910.427,-45.08,-0.15,7.78,0.03,-45.08,-0.15,891.36,0.01
26,Exit long,2023-03-27 17:20,Long Exit,131.449,99614,13098742.93,-35.05,-0.03,100.56,0.10,-35.05,-0.03,856.32,0.01
26,Entry long,2023-03-27 16:45," | F:75,21,2,0,0.71,1,1,43.35,0,0,26.2,0",131.495,99614,13098742.93,-35.05,-0.03,100.56,0.10,-35.05,-0.03,856.32,0.01
27,Exit short,2023-03-29 18:10,Short Exit,132.577,53852,7133989.848,-42.36,-0.08,14.81,0.03,-42.36,-0.08,813.96,0.01
27,Entry short,2023-03-29 18:00," | F:60,18,2,1,0.88,1,1,58.73,1,0,21.32,0",132.474,53852,7133989.848,-42.36,-0.08,14.81,0.03,-42.36,-0.08,813.96,0.01
28,Exit long,2023-04-11 23:35,Time Stop (Bars),133.735,117235,15668340.52,75.46,0.06,136.87,0.12,-7.02,-0.01,889.41,0.01
28,Entry long,2023-04-11 20:35," | F:70,21,2,0,0.72,0,1,50.13,1,0,46.47,0",133.649,117235,15668340.52,75.46,0.06,136.87,0.12,-7.02,-0.01,889.41,0.01
29,Exit long,2023-04-14 18:30,Time Stop (Bars),133.723,8404,1117379.032,48.48,0.58,48.61,0.58,-11.66,-0.14,937.89,0.01
29,Entry long,2023-04-14 15:30," | F:55,54,2,0,0.8,0,1,73.24,0,0,28.08,0",132.958,8404,1117379.032,48.48,0.58,48.61,0.58,-11.66,-0.14,937.89,0.01
30,Exit long,2023-04-17 11:15,Long Exit,133.84,92981,12449412.05,-36.14,-0.04,135.51,0.15,-36.14,-0.04,901.76,0.01
30,Entry long,2023-04-17 09:05," | F:75,34,0,0,0.27,1,1,37.79,1,0,24.48,0",133.892,92981,12449412.05,-36.14,-0.04,135.51,0.15,-36.14,-0.04,901.76,0.01
31,Exit short,2023-04-17 16:10,Short Exit,134.149,55853,7487038.797,-41.74,-0.07,9.6,0.02,-41.74,-0.07,860.01,0.01
31,Entry short,2023-04-17 16:00," | F:60,34,2,1,0.74,1,1,56.93,1,0,23.53,0",134.049,55853,7487038.797,-41.74,-0.07,9.6,0.02,-41.74,-0.07,860.01,0.01
32,Exit long,2023-04-24 21:25,Long Exit,134.285,119930,16109117.53,-32.18,-0.03,54.53,0.05,-32.18,-0.03,827.83,0.01
32,Entry long,2023-04-24 20:45," | F:80,104,2,0,1.16,1,0,37.38,1,0,26.7,0",134.321,119930,16109117.53,-32.18,-0.03,54.53,0.05,-32.18,-0.03,827.83,0.01
33,Exit short,2023-04-25 20:45,Short Exit,133.585,47478,6356686.986,106.78,0.23,106.78,0.23,-3.89,-0.01,934.61,0.01
33,Entry short,2023-04-25 19:45," | F:80,9,2,1,0.71,1,0,44.78,1,0,9.03,0",133.887,47478,6356686.986,106.78,0.23,106.78,0.23,-3.89,-0.01,934.61,0.01
34,Exit long,2023-04-27 11:15,Long Exit,133.847,117239,15669695.78,167.54,0.14,167.54,0.14,-0.88,0.00,1102.15,0.01
34,Entry long,2023-04-27 10:35," | F:65,49,1,0,0.59,0,1,42.74,0,0,26.7,0",133.656,117239,15669695.78,167.54,0.14,167.54,0.14,-0.88,0.00,1102.15,0.01
35,Exit long,2023-05-01 10:25,Long Exit,136.888,134034,18324458.31,170.15,0.13,170.15,0.13,0,0.00,1272.3,0.01
35,Entry long,2023-05-01 10:20," | F:70,65,1,0,0.68,0,1,27.27,1,0,33.08,0",136.715,134034,18324458.31,170.15,0.13,170.15,0.13,0,0.00,1272.3,0.01
36,Exit short,2023-05-09 19:05,Short Exit,135.194,150187,20300626.6,-27.78,-0.02,71.12,0.05,-27.78,-0.02,1244.52,0.01
36,Entry short,2023-05-09 18:35," | F:60,23,2,1,0.69,1,1,60.18,1,0,17.94,0",135.169,150187,20300626.6,-27.78,-0.02,71.12,0.05,-27.78,-0.02,1244.52,0.01
37,Exit long,2023-05-15 10:20,Long Exit,135.841,95697,13004456.72,-35.94,-0.04,9.87,0.01,-35.94,-0.04,1208.58,0.01
37,Entry long,2023-05-15 10:15," | F:70,65,1,0,0.38,0,1,28.63,1,0,23.51,0",135.892,95697,13004456.72,-35.94,-0.04,9.87,0.01,-35.94,-0.04,1208.58,0.01
38,Exit long,2023-05-23 07:35,Long Exit,138.478,69977,9695803.189,-39.87,-0.06,14.64,0.02,-39.87,-0.06,1168.71,0.01
38,Entry long,2023-05-23 07:10," | F:70,40,0,0,1.24,0,1,38.71,1,0,25.94,0",138.557,69977,9695803.189,-39.87,-0.06,14.64,0.02,-39.87,-0.06,1168.71,0.01
39,Exit long,2023-05-25 18:25,Long Exit,139.845,67099,9364671.935,134.71,0.20,134.71,0.20,-24.05,-0.04,1303.41,0.01
39,Entry long,2023-05-25 17:10," | F:75,10,2,0,1.1,0,1,49.56,1,0,17.37,0",139.565,67099,9364671.935,134.71,0.20,134.71,0.20,-24.05,-0.04,1303.41,0.01
40,Exit long,2023-05-30 10:10,Long Exit,140.209,81554,11439987.35,-38.31,-0.05,1.16,0.00,-38.31,-0.05,1265.1,0.01
40,Entry long,2023-05-30 10:05," | F:55,41,1,0,0.17,1,0,36.18,1,0,46.88,0",140.275,81554,11439987.35,-38.31,-0.05,1.16,0.00,-38.31,-0.05,1265.1,0.01
41,Exit long,2023-05-30 17:25,Long Exit,139.803,88518,12380304.52,-37.17,-0.04,71.2,0.08,-37.17,-0.04,1227.93,0.01
41,Entry long,2023-05-30 17:10," | F:55,10,2,0,1.01,0,0,49.43,1,0,26.1,0",139.862,88518,12380304.52,-37.17,-0.04,71.2,0.08,-37.17,-0.04,1227.93,0.01
42,Exit long,2023-06-01 15:50,Long Exit,139.2,54417,7580723.436,-42.17,-0.08,0,0.00,-42.17,-0.08,1185.75,0.01
42,Entry long,2023-06-01 15:40," | F:55,137,2,0,0.63,1,0,37.77,1,0,33.98,0",139.308,54417,7580723.436,-42.17,-0.08,0,0.00,-42.17,-0.08,1185.75,0.01
43,Exit long,2023-06-13 11:40,Long Exit,139.506,126855,17701473.55,-31.8,-0.03,23.62,0.02,-31.8,-0.03,1153.95,0.01
43,Entry long,2023-06-13 11:35," | F:80,9,1,0,0.86,1,1,50.56,1,0,11.32,0",139.541,126855,17701473.55,-31.8,-0.03,23.62,0.02,-31.8,-0.03,1153.95,0.01
44,Exit long,2023-06-22 15:20,Long Exit,141.965,83547,11866180.41,-38.27,-0.05,2.36,0.00,-38.27,-0.05,1115.68,0.01
44,Entry long,2023-06-22 15:15," | F:70,12,2,0,0.97,0,1,49.68,1,0,16.47,0",142.03,83547,11866180.41,-38.27,-0.05,2.36,0.00,-38.27,-0.05,1115.68,0.01
45,Exit long,2023-06-23 10:15,Long Exit,143.247,100914,14460774.37,-35.96,-0.04,0,0.00,-35.96,-0.04,1079.72,0.01
45,Entry long,2023-06-23 10:10," | F:75,9,1,0,0.41,1,1,53.69,1,0,33.68,0",143.298,100914,14460774.37,-35.96,-0.04,0,0.00,-35.96,-0.04,1079.72,0.01
46,Exit long,2023-06-28 18:10,Long Exit,144.341,61726,8915579.988,-41.55,-0.07,4.28,0.01,-41.55,-0.07,1038.16,0.01
46,Entry long,2023-06-28 18:05," | F:75,15,2,0,1.3,0,1,52.2,1,0,12.45,0",144.438,61726,8915579.988,-41.55,-0.07,4.28,0.01,-41.55,-0.07,1038.16,0.01
47,Exit long,2023-07-05 12:10,Long Exit,144.25,57284,8269289.104,-42.03,-0.07,19.43,0.03,-42.03,-0.07,996.14,0.01
47,Entry long,2023-07-05 11:10," | F:60,213,1,0,0.68,1,0,28.5,1,0,33.43,0",144.356,57284,8269289.104,-42.03,-0.07,19.43,0.03,-42.03,-0.07,996.14,0.01
48,Exit long,2023-07-05 19:45,Long Exit,144.557,153811,22238609.62,-28.74,-0.02,6.39,0.00,-28.74,-0.02,967.4,0.01
48,Entry long,2023-07-05 19:35," | F:70,8,2,0,0.78,0,1,62.78,1,0,25.43,0",144.584,153811,22238609.62,-28.74,-0.02,6.39,0.00,-28.74,-0.02,967.4,0.01
49,Exit long,2023-07-14 14:10,Long Exit,138.471,91136,12624796.67,-36.95,-0.04,1.32,0.00,-36.95,-0.04,930.45,0.01
49,Entry long,2023-07-14 14:05," | F:75,16,1,0,0.48,0,1,49.22,0,0,38.37,0",138.527,91136,12624796.67,-36.95,-0.04,1.32,0.00,-36.95,-0.04,930.45,0.01
50,Exit short,2023-07-21 15:30,Short Exit,141.338,40259,5705102.89,106.89,0.26,106.89,0.26,-42.81,-0.11,1037.33,0.01
50,Entry short,2023-07-21 12:30," | F:60,7,1,1,0.54,1,1,62.88,1,0,50.18,0",141.71,40259,5705102.89,106.89,0.26,106.89,0.26,-42.81,-0.11,1037.33,0.01
51,Exit long,2023-07-25 10:25,Long Exit,141.382,117850,16666582.7,-33.31,-0.03,128.24,0.11,-33.31,-0.03,1004.02,0.01
51,Entry long,2023-07-25 08:40," | F:70,13,0,0,0.84,0,1,55.66,1,0,21.61,0",141.422,117850,16666582.7,-33.31,-0.03,128.24,0.11,-33.31,-0.03,1004.02,0.01
52,Exit short,2023-07-26 16:30,Short Exit,140.373,84524,11859562.44,-37.76,-0.04,14.38,0.02,-37.76,-0.04,966.26,0.01
52,Entry short,2023-07-26 16:05," | F:75,10,2,1,0.49,1,0,48.92,0,0,17.83,0",140.31,84524,11859562.44,-37.76,-0.04,14.38,0.02,-37.76,-0.04,966.26,0.01
53,Exit long,2023-08-02 19:35,Time Stop (Bars),143.181,33619,4814946.799,-9.41,-0.03,59.55,0.18,-33.66,-0.10,956.85,0.01
53,Entry long,2023-08-02 16:35," | F:70,10,2,0,0.87,0,1,63.88,1,0,38.16,0",143.221,33619,4814946.799,-9.41,-0.03,59.55,0.18,-33.66,-0.10,956.85,0.01
54,Exit short,2023-08-09 14:00,Short Exit,143.411,98189,14076178.66,-36.28,-0.04,83.51,0.09,-36.28,-0.04,920.57,0.01
54,Entry short,2023-08-09 12:05," | F:55,151,1,1,0.39,1,1,65.23,1,0,29.02,0",143.358,98189,14076178.66,-36.28,-0.04,83.51,0.09,-36.28,-0.04,920.57,0.01
55,Exit long,2023-08-10 09:40,Long Exit,143.958,97305,14013087.66,-36.56,-0.04,11.51,0.01,-36.56,-0.04,884.02,0.01
55,Entry long,2023-08-10 09:30," | F:75,12,0,0,0.31,1,1,53.42,1,0,21.47,0",144.012,97305,14013087.66,-36.56,-0.04,11.51,0.01,-36.56,-0.04,884.02,0.01
56,Exit long,2023-08-15 09:40,Long Exit,145.686,93251,13565316.22,137.68,0.15,137.68,0.15,-5.12,-0.01,1021.69,0.01
56,Entry long,2023-08-15 09:00," | F:70,8,0,0,0.75,0,1,48.35,1,0,22.64,0",145.471,93251,13565316.22,137.68,0.15,137.68,0.15,-5.12,-0.01,1021.69,0.01
57,Exit long,2023-08-15 23:45,Time Stop (Bars),145.577,127647,18574936.15,51.72,0.04,131.48,0.10,-22.79,-0.02,1073.41,0.01
57,Entry long,2023-08-15 20:45," | F:70,17,2,0,0.95,0,1,54.37,1,0,18.34,0",145.518,127647,18574936.15,51.72,0.04,131.48,0.10,-22.79,-0.02,1073.41,0.01
58,Exit long,2023-09-04 23:30,Time Stop (Bars),146.491,221942,32510951.93,10.62,0.00,21.24,0.01,-9.1,0.00,1084.03,0.01
58,Entry long,2023-09-04 20:30," | F:75,19,2,0,1.22,0,1,55.98,1,0,11.72,0",146.484,221942,32510951.93,10.62,0.00,21.24,0.01,-9.1,0.00,1084.03,0.01
59,Exit long,2023-09-05 09:15,Long Exit,146.917,92847,13620562.05,138.14,0.15,138.14,0.15,-26.61,-0.03,1222.17,0.01
59,Entry long,2023-09-05 07:45," | F:70,29,0,0,0.51,0,1,49.72,1,0,29.6,0",146.699,92847,13620562.05,138.14,0.15,138.14,0.15,-26.61,-0.03,1222.17,0.01
60,Exit long,2023-09-05 12:50,Long Exit,147.12,89570,13157385.15,137.55,0.15,137.55,0.15,-35.46,-0.04,1359.72,0.01
60,Entry long,2023-09-05 10:15," | F:70,14,1,0,0.87,0,1,54.01,1,0,38.32,0",146.895,89570,13157385.15,137.55,0.15,137.55,0.15,-35.46,-0.04,1359.72,0.01
61,Exit long,2023-09-07 09:00,Long Exit,147.539,113527,16754768.77,-34.59,-0.03,6.15,0.01,-34.59,-0.03,1325.13,0.01
61,Entry long,2023-09-07 08:45," | F:55,12,0,0,0.88,1,0,47.78,1,0,21.34,0",147.584,113527,16754768.77,-34.59,-0.03,6.15,0.01,-34.59,-0.03,1325.13,0.01
62,Exit long,2023-09-12 23:25,Long Exit,147.079,144225,21216939.75,-30.49,-0.02,54.1,0.04,-30.49,-0.02,1294.63,0.01
62,Entry long,2023-09-12 21:45," | F:80,29,2,0,0.72,1,1,39.49,1,0,14.89,0",147.11,144225,21216939.75,-30.49,-0.02,54.1,0.04,-30.49,-0.02,1294.63,0.01
63,Exit long,2023-09-13 18:15,Long Exit,147.454,60472,8923006.432,-41.92,-0.07,2.05,0.00,-41.92,-0.07,1252.72,0.01
63,Entry long,2023-09-13 17:45," | F:80,7,2,0,0.88,1,1,58.37,1,0,11.41,0",147.556,60472,8923006.432,-41.92,-0.07,2.05,0.00,-41.92,-0.07,1252.72,0.01
64,Exit long,2023-09-13 22:15,Long Exit,147.467,85599,12602911.97,136.71,0.16,136.71,0.16,-8.73,-0.01,1389.42,0.01
64,Entry long,2023-09-13 20:20," | F:75,202,2,0,0.42,1,0,30.82,1,0,25.72,0",147.232,85599,12602911.97,136.71,0.16,136.71,0.16,-8.73,-0.01,1389.42,0.01
65,Exit long,2023-09-14 17:15,Long Exit,147.43,58396,8593438.568,107.74,0.18,107.74,0.18,-40.8,-0.07,1497.16,0.01
65,Entry long,2023-09-14 16:15," | F:50,107,2,0,0.17,0,0,40.25,1,0,26.33,0",147.158,58396,8593438.568,107.74,0.18,107.74,0.18,-40.8,-0.07,1497.16,0.01
66,Exit long,2023-09-15 17:00,Long Exit,147.667,71077,10508165.83,-84.32,-0.12,34.69,0.05,-84.32,-0.12,1412.84,0.01
66,Entry long,2023-09-15 16:15," | F:65,14,2,0,0.64,0,1,48.73,1,0,16.41,0",147.842,71077,10508165.83,-84.32,-0.12,34.69,0.05,-84.32,-0.12,1412.84,0.01
67,Exit long,2023-09-15 20:05,Time Stop (Bars),147.847,63118,9322276.128,64.61,0.10,84.29,0.13,-28.24,-0.04,1477.45,0.01
67,Entry long,2023-09-15 17:05," | F:70,87,2,0,0.57,0,1,37.62,1,0,21,0",147.696,63118,9322276.128,64.61,0.10,84.29,0.13,-28.24,-0.04,1477.45,0.01
68,Exit long,2023-09-19 13:35,Long Exit,147.612,153789,22705407.96,-29.17,-0.02,106.24,0.07,-29.17,-0.02,1448.29,0.01
68,Entry long,2023-09-19 11:05," | F:75,94,1,0,0.61,1,0,27.37,1,0,35.26,0",147.64,153789,22705407.96,-29.17,-0.02,106.24,0.07,-29.17,-0.02,1448.29,0.01
69,Exit long,2023-09-20 15:45,Long Exit,147.839,99928,14778651.7,-36.5,-0.04,25.01,0.03,-36.5,-0.04,1411.79,0.01
69,Entry long,2023-09-20 15:05," | F:60,16,2,0,0.7,1,1,45.57,1,0,29.47,0",147.893,99928,14778651.7,-36.5,-0.04,25.01,0.03,-36.5,-0.04,1411.79,0.01
70,Exit long,2023-09-20 16:30,Long Exit,147.772,175945,26003615.33,-26.18,-0.01,61.88,0.04,-26.18,-0.01,1385.6,0.01
70,Entry long,2023-09-20 16:10," | F:70,132,2,0,0.57,0,0,32.44,1,0,27.17,0",147.794,175945,26003615.33,-26.18,-0.01,61.88,0.04,-26.18,-0.01,1385.6,0.01
71,Exit long,2023-09-22 17:35,Long Exit,148.024,90298,13371869.63,-37.92,-0.04,2.45,0.00,-37.92,-0.04,1347.68,0.01
71,Entry long,2023-09-22 17:30," | F:70,104,2,0,0.76,0,0,34.77,1,0,31.49,0",148.086,90298,13371869.63,-37.92,-0.04,2.45,0.00,-37.92,-0.04,1347.68,0.01
72,Exit long,2023-09-27 10:15,Long Exit,149.022,146130,21781114.89,-30.39,-0.02,31.37,0.02,-30.39,-0.02,1317.29,0.01
72,Entry long,2023-09-27 10:00," | F:70,16,1,0,0.63,0,1,45.29,1,0,22.35,0",149.053,146130,21781114.89,-30.39,-0.02,31.37,0.02,-30.39,-0.02,1317.29,0.01
73,Exit long,2023-09-29 17:50,Long Exit,149.147,63239,9438104.555,-41.5,-0.07,63.09,0.10,-41.5,-0.07,1275.79,0.01
73,Entry long,2023-09-29 16:45," | F:75,7,2,0,0.79,0,1,56.57,1,0,23.9,0",149.245,63239,9438104.555,-41.5,-0.07,63.09,0.10,-41.5,-0.07,1275.79,0.01
74,Exit long,2023-10-06 15:25,Long Exit,149.015,109604,16337901.05,-35.42,-0.03,19.18,0.02,-35.42,-0.03,1240.38,0.01
74,Entry long,2023-10-06 15:20," | F:75,21,2,0,0.42,0,1,54.82,1,0,20.49,0",149.063,109604,16337901.05,-35.42,-0.03,19.18,0.02,-35.42,-0.03,1240.38,0.01
75,Exit short,2023-10-23 16:45,Short Exit,149.95,129233,19373577.5,-32.76,-0.03,8.62,0.01,-32.76,-0.03,1207.62,0.01
75,Entry short,2023-10-23 16:00," | F:55,11,2,1,0.66,1,0,41.54,1,0,38.8,0",149.912,129233,19373577.5,-32.76,-0.03,8.62,0.01,-32.76,-0.03,1207.62,0.01
76,Exit long,2023-10-31 09:40,Long Exit,150.138,49108,7379508.268,-43.8,-0.09,12.84,0.03,-43.8,-0.09,1163.82,0.01
76,Entry long,2023-10-31 08:30," | F:75,14,0,0,0.63,1,1,67.97,1,0,35.69,0",150.271,49108,7379508.268,-43.8,-0.09,12.84,0.03,-43.8,-0.09,1163.82,0.01
77,Exit short,2023-11-02 17:15,Short Exit,150.414,75927,11414485.54,-39.73,-0.05,53.81,0.07,-39.73,-0.05,1124.09,0.01
77,Entry short,2023-11-02 16:30," | F:80,66,2,1,0.35,1,0,58.98,0,0,22.99,0",150.335,75927,11414485.54,-39.73,-0.05,53.81,0.07,-39.73,-0.05,1124.09,0.01
78,Exit long,2023-11-06 18:05,Long Exit,149.681,126881,18996623.32,-33.11,-0.03,68.78,0.05,-33.11,-0.03,1090.98,0.01
78,Entry long,2023-11-06 16:45," | F:75,26,2,0,0.63,1,1,42.77,0,0,28.59,0",149.72,126881,18996623.32,-33.11,-0.03,68.78,0.05,-33.11,-0.03,1090.98,0.01
79,Exit short,2023-11-06 19:50,Short Exit,149.823,162822,24390247.13,-28.33,-0.02,15.25,0.01,-28.33,-0.02,1062.65,0.01
79,Entry short,2023-11-06 19:25," | F:60,12,2,1,0.28,1,1,54.15,0,0,11.79,0",149.797,162822,24390247.13,-28.33,-0.02,15.25,0.01,-28.33,-0.02,1062.65,0.01
80,Exit long,2023-11-07 14:30,Time Stop (Bars),150.472,83536,12560890.64,59.54,0.07,66.22,0.08,-38.39,-0.05,1122.19,0.01
80,Entry long,2023-11-07 11:30," | F:75,8,1,0,1.6,0,1,49.37,1,0,32.26,0",150.365,83536,12560890.64,59.54,0.07,66.22,0.08,-38.39,-0.05,1122.19,0.01
81,Exit long,2023-11-08 13:10,Time Stop (Bars),150.759,91866,13840623.43,59.85,0.07,81.23,0.09,-20.15,-0.02,1182.04,0.01
81,Entry long,2023-11-08 10:10," | F:75,29,1,0,0.6,1,1,50.23,1,0,34.95,0",150.661,91866,13840623.43,59.85,0.07,81.23,0.09,-20.15,-0.02,1182.04,0.01
82,Exit long,2023-11-10 09:45,Long Exit,151.354,189216,28642382.78,-25,-0.01,100.01,0.05,-25,-0.01,1157.03,0.01
82,Entry long,2023-11-10 08:10," | F:65,13,0,0,0.63,0,1,56.12,1,0,28.13,0",151.374,189216,28642382.78,-25,-0.01,100.01,0.05,-25,-0.01,1157.03,0.01
83,Exit long,2023-11-13 17:00,Long Exit,151.725,148777,22577802.41,-30.42,-0.02,148.18,0.10,-30.42,-0.02,1126.61,0.01
83,Entry long,2023-11-13 15:20," | F:75,18,2,0,0.17,1,1,48.23,1,0,16.93,0",151.756,148777,22577802.41,-30.42,-0.02,148.18,0.10,-30.42,-0.02,1126.61,0.01
84,Exit long,2023-11-24 16:15,Long Exit,149.549,141115,21108263.93,-31.13,-0.02,32.07,0.02,-31.13,-0.02,1095.49,0.01
84,Entry long,2023-11-24 15:40," | F:75,10,2,0,0.62,1,1,52.39,1,0,23.07,0",149.582,141115,21108263.93,-31.13,-0.02,32.07,0.02,-31.13,-0.02,1095.49,0.01
85,Exit long,2023-11-24 16:40,Long Exit,149.482,152561,22809547.67,-29.57,-0.02,74.44,0.05,-29.57,-0.02,1065.91,0.01
85,Entry long,2023-11-24 16:20," | F:65,21,2,0,0.38,0,1,40.87,1,0,21.31,0",149.511,152561,22809547.67,-29.57,-0.02,74.44,0.05,-29.57,-0.02,1065.91,0.01
86,Exit short,2023-11-27 13:00,Short Exit,148.963,71753,10708632.98,134.41,0.19,134.41,0.19,-15.36,-0.02,1200.32,0.01
86,Entry short,2023-11-27 12:10," | F:75,107,1,1,0.99,1,1,63.97,0,0,37.75,0",149.243,71753,10708632.98,134.41,0.19,134.41,0.19,-15.36,-0.02,1200.32,0.01
87,Exit long,2023-12-01 12:35,Long Exit,148.028,76962,11372520.82,134.97,0.18,134.97,0.18,-11.94,-0.02,1335.29,0.01
87,Entry long,2023-12-01 11:40," | F:55,92,1,0,0.6,1,0,33.69,0,0,33.28,0",147.768,76962,11372520.82,134.97,0.18,134.97,0.18,-11.94,-0.02,1335.29,0.01
88,Exit long,2023-12-01 14:50,Long Exit,148.316,86092,12748589.45,136.46,0.16,136.46,0.16,-11.61,-0.01,1471.75,0.01
88,Entry long,2023-12-01 14:35," | F:75,16,2,0,0.54,1,1,51.31,0,0,24.44,0",148.081,86092,12748589.45,136.46,0.16,136.46,0.16,-11.61,-0.01,1471.75,0.01
89,Exit long,2024-01-03 13:00,Time Stop (Bars),142.647,46256,6590184.832,57,0.12,104.89,0.23,-23.45,-0.05,1528.76,0.02
89,Entry long,2024-01-03 10:00," | F:70,5,1,0,0.96,0,1,75.33,1,0,39.06,0",142.472,46256,6590184.832,57,0.12,104.89,0.23,-23.45,-0.05,1528.76,0.02
90,Exit long,2024-01-03 17:35,Long Exit,143.663,25459,3642699.179,104.34,0.41,104.34,0.41,-4.66,-0.02,1633.1,0.02
90,Entry long,2024-01-03 17:05," | F:70,18,2,0,0.54,0,1,50.34,1,0,37.86,0",143.081,25459,3642699.179,104.34,0.41,104.34,0.41,-4.66,-0.02,1633.1,0.02
91,Exit long,2024-01-08 16:40,Long Exit,144.266,47813,6904053.761,-43.3,-0.09,37.68,0.08,-43.3,-0.09,1589.8,0.02
91,Entry long,2024-01-08 15:40," | F:50,41,2,0,0.58,0,0,42.04,1,0,20.76,0",144.397,47813,6904053.761,-43.3,-0.09,37.68,0.08,-43.3,-0.09,1589.8,0.02
92,Exit long,2024-01-12 14:55,Long Exit,145.367,134431,19517364.73,168.35,0.13,168.35,0.13,-19.43,-0.01,1758.15,0.02
92,Entry long,2024-01-12 14:05," | F:55,10,2,0,0.89,1,0,51.53,1,0,15.53,0",145.185,134431,19517364.73,168.35,0.13,168.35,0.13,-19.43,-0.01,1758.15,0.02
93,Exit long,2024-01-16 15:30,Long Exit,146.54,68566,10060963.44,-91.24,-0.13,22.1,0.03,-91.24,-0.13,1666.92,0.02
93,Entry long,2024-01-16 15:10," | F:70,15,2,0,0.92,0,1,56.39,1,0,19.78,0",146.734,68566,10060963.44,-91.24,-0.13,22.1,0.03,-91.24,-0.13,1666.92,0.02
94,Exit long,2024-01-17 10:20,Long Exit,147.723,110275,16295336.75,-35.2,-0.03,8.24,0.01,-35.2,-0.03,1631.71,0.02
94,Entry long,2024-01-17 10:15," | F:70,16,1,0,1.08,0,1,48.28,1,0,29.58,0",147.77,110275,16295336.75,-35.2,-0.03,8.24,0.01,-35.2,-0.03,1631.71,0.02
95,Exit long,2024-01-19 16:15,Long Exit,148.226,110449,16347004.24,164.71,0.15,164.71,0.15,-34.28,-0.03,1796.43,0.02
95,Entry long,2024-01-19 14:05," | F:60,15,2,0,0.5,1,0,47.18,1,0,18.11,0",148.005,110449,16347004.24,164.71,0.15,164.71,0.15,-34.28,-0.03,1796.43,0.02
96,Exit long,2024-01-22 11:30,Long Exit,148.06,117541,17408174.72,-34.08,-0.03,27.74,0.02,-34.08,-0.03,1762.35,0.02
96,Entry long,2024-01-22 11:20," | F:80,12,1,0,0.74,1,1,47.99,1,0,17.19,0",148.103,117541,17408174.72,-34.08,-0.03,27.74,0.02,-34.08,-0.03,1762.35,0.02
97,Exit long,2024-01-22 14:40,Long Exit,147.769,90140,13325486.34,-37.68,-0.04,13.37,0.01,-37.68,-0.04,1724.67,0.02
97,Entry long,2024-01-22 14:30," | F:50,115,2,0,0.96,0,0,34.68,1,0,40.55,0",147.831,90140,13325486.34,-37.68,-0.04,13.37,0.01,-37.68,-0.04,1724.67,0.02
98,Exit long,2024-01-22 20:05,Long Exit,148.053,80328,11872719.38,135.39,0.17,135.39,0.17,-27.08,-0.03,1860.06,0.02
98,Entry long,2024-01-22 17:15," | F:55,13,2,0,0.75,0,0,48.08,1,0,22.57,0",147.803,80328,11872719.38,135.39,0.17,135.39,0.17,-27.08,-0.03,1860.06,0.02
99,Exit long,2024-01-29 17:05,Long Exit,147.883,94833,14029688.85,-37.11,-0.04,70.38,0.07,-37.11,-0.04,1822.95,0.02
99,Entry long,2024-01-29 15:45," | F:75,14,2,0,0.55,1,1,52.35,1,0,22.86,0",147.941,94833,14029688.85,-37.11,-0.04,70.38,0.07,-37.11,-0.04,1822.95,0.02
100,Exit long,2024-01-31 10:20,Long Exit,147.561,81115,11975169.68,-39.01,-0.05,3.3,0.00,-39.01,-0.05,1783.94,0.02
100,Entry long,2024-01-31 10:15," | F:70,76,1,0,0.58,0,1,39.11,1,0,28.44,0",147.632,81115,11975169.68,-39.01,-0.05,3.3,0.00,-39.01,-0.05,1783.94,0.02
101,Exit long,2024-02-06 16:40,Long Exit,148.462,89472,13288828.8,-37.9,-0.04,74.6,0.08,-37.9,-0.04,1746.04,0.02
101,Entry long,2024-02-06 15:15," | F:75,65,2,0,0.88,0,0,31.01,1,0,27.55,0",148.525,89472,13288828.8,-37.9,-0.04,74.6,0.08,-37.9,-0.04,1746.04,0.02
102,Exit short,2024-02-06 19:15,Short Exit,148.085,81325,12037238.55,-38.82,-0.05,7.66,0.01,-38.82,-0.05,1707.22,0.02
102,Entry short,2024-02-06 19:05," | F:80,7,2,1,0.52,1,0,36.05,1,0,47.55,0",148.014,81325,12037238.55,-38.82,-0.05,7.66,0.01,-38.82,-0.05,1707.22,0.02
103,Exit long,2024-02-07 15:20,Long Exit,148.136,180676,26768414.13,-25.64,-0.01,13.43,0.01,-25.64,-0.01,1681.58,0.02
103,Entry long,2024-02-07 15:15," | F:70,14,2,0,0.84,0,1,52.79,1,0,29.65,0",148.157,180676,26768414.13,-25.64,-0.01,13.43,0.01,-25.64,-0.01,1681.58,0.02
104,Exit long,2024-02-09 10:10,Long Exit,149.483,111389,16626144.92,164.81,0.15,164.81,0.15,-22.37,-0.02,1846.39,0.02
104,Entry long,2024-02-09 09:20," | F:80,203,1,0,3.03,1,1,33.4,1,0,30.36,0",149.262,111389,16626144.92,164.81,0.15,164.81,0.15,-22.37,-0.02,1846.39,0.02
105,Exit long,2024-02-28 12:50,Long Exit,150.664,112470,16950466.17,-35.11,-0.03,12.7,0.01,-35.11,-0.03,1811.28,0.02
105,Entry long,2024-02-28 12:30," | F:75,40,1,0,0.65,0,1,45.21,1,0,23.39,0",150.711,112470,16950466.17,-35.11,-0.03,12.7,0.01,-35.11,-0.03,1811.28,0.02
106,Exit short,2024-03-06 18:55,Short Exit,149.169,47312,7073380.56,105.92,0.22,105.92,0.22,-0.32,0.00,1917.2,0.02
106,Entry short,2024-03-06 17:40," | F:80,25,2,1,0.57,1,0,54.17,0,0,20.4,0",149.505,47312,7073380.56,105.92,0.22,105.92,0.22,-0.32,0.00,1917.2,0.02
107,Exit short,2024-03-07 16:10,Short Exit,147.925,53945,7973502.56,-42.23,-0.08,79.05,0.15,-42.23,-0.08,1874.97,0.02
107,Entry short,2024-03-07 15:15," | F:80,30,2,1,0.74,1,0,46.59,0,0,13.69,0",147.808,53945,7973502.56,-42.23,-0.08,79.05,0.15,-42.23,-0.08,1874.97,0.02
108,Exit long,2024-03-19 12:35,Time Stop (Bars),150.535,28133,4226476.856,57.14,0.20,88.06,0.31,-12.63,-0.04,1932.11,0.02
108,Entry long,2024-03-19 09:35," | F:65,32,1,0,0.42,0,1,51.02,1,0,32.56,0",150.232,28133,4226476.856,57.14,0.20,88.06,0.31,-12.63,-0.04,1932.11,0.02
109,Exit short,2024-03-27 15:45,Short Exit,151.355,128233,19403704.63,-32.99,-0.03,43.14,0.03,-32.99,-0.03,1899.11,0.02
109,Entry short,2024-03-27 15:20," | F:80,41,2,1,0.62,1,0,58.32,1,0,16.2,0",151.316,128233,19403704.63,-32.99,-0.03,43.14,0.03,-32.99,-0.03,1899.11,0.02
110,Exit long,2024-04-03 19:20,Long Exit,151.638,44905,6815995.235,-44.13,-0.10,20.44,0.05,-44.13,-0.10,1854.98,0.02
110,Entry long,2024-04-03 17:00," | F:75,89,2,0,0.31,1,1,39.07,1,0,33.05,0",151.787,44905,6815995.235,-44.13,-0.10,20.44,0.05,-44.13,-0.10,1854.98,0.02
111,Exit long,2024-04-04 13:35,Time Stop (Bars),151.721,237012,35952350.28,48.43,0.02,109.37,0.05,-12.5,-0.01,1903.42,0.02
111,Entry long,2024-04-04 10:35," | F:70,10,1,0,1.1,0,1,51.49,1,0,21.08,0",151.69,237012,35952350.28,48.43,0.02,109.37,0.05,-12.5,-0.01,1903.42,0.02
112,Exit long,2024-04-04 15:45,Long Exit,151.678,101155,15348551.62,-36.67,-0.04,6.67,0.01,-36.67,-0.04,1866.74,0.02
112,Entry long,2024-04-04 15:35," | F:75,18,2,0,0.54,1,1,52.25,1,0,19.92,0",151.733,101155,15348551.62,-36.67,-0.04,6.67,0.01,-36.67,-0.04,1866.74,0.02
113,Exit long,2024-04-11 13:45,Long Exit,153.109,156261,23929497.02,-29.6,-0.02,22.46,0.01,-29.6,-0.02,1837.14,0.02
113,Entry long,2024-04-11 13:10," | F:75,28,1,0,0.77,0,1,43.73,1,0,20.72,0",153.138,156261,23929497.02,-29.6,-0.02,22.46,0.01,-29.6,-0.02,1837.14,0.02
114,Exit long,2024-04-12 15:35,Long Exit,153.098,117798,18039939.11,-34.58,-0.03,29.2,0.02,-34.58,-0.03,1802.55,0.02
114,Entry long,2024-04-12 15:25," | F:70,119,2,0,0.47,0,0,35.15,1,0,35.84,0",153.143,117798,18039939.11,-34.58,-0.03,29.2,0.02,-34.58,-0.03,1802.55,0.02
115,Exit long,2024-04-15 10:30,Long Exit,153.952,163605,25160976.55,171.79,0.10,171.79,0.10,-8.54,-0.01,1974.34,0.02
115,Entry long,2024-04-15 09:40," | F:70,28,0,0,0.53,0,1,48.04,1,0,30.94,0",153.791,163605,25160976.55,171.79,0.10,171.79,0.10,-8.54,-0.01,1974.34,0.02
116,Exit long,2024-04-18 14:45,Long Exit,154.416,99021,15296169.95,-37.2,-0.04,21.81,0.02,-37.2,-0.04,1937.14,0.02
116,Entry long,2024-04-18 14:20," | F:80,16,1,0,0.98,1,1,60.64,1,0,11.4,0",154.474,99021,15296169.95,-37.2,-0.04,21.81,0.02,-37.2,-0.04,1937.14,0.02
117,Exit long,2024-04-19 21:45,Long Exit,154.589,220866,34146767.06,-21.42,-0.01,10,0.00,-21.42,-0.01,1915.72,0.02
117,Entry long,2024-04-19 21:30," | F:75,14,2,0,0.74,1,1,51.25,1,0,15.46,0",154.604,220866,34146767.06,-21.42,-0.01,10,0.00,-21.42,-0.01,1915.72,0.02
118,Exit long,2024-04-25 17:35,Long Exit,155.521,48044,7478673.172,-43.93,-0.09,5.57,0.01,-43.93,-0.09,1871.79,0.02
118,Entry long,2024-04-25 17:05," | F:70,5,2,0,1,0,1,58.48,1,0,35.7,0",155.663,48044,7478673.172,-43.93,-0.09,5.57,0.01,-43.93,-0.09,1871.79,0.02
119,Exit long,2024-05-01 15:25,Long Exit,157.837,157853,24919779.55,-30,-0.02,55.01,0.03,-30,-0.02,1841.79,0.02
119,Entry long,2024-05-01 15:10," | F:70,85,2,0,1.3,0,1,39.69,1,0,28.08,0",157.867,157853,24919779.55,-30,-0.02,55.01,0.03,-30,-0.02,1841.79,0.02
120,Exit long,2024-05-02 16:50,Long Exit,154.574,59040,9132602.4,-42.41,-0.07,14.52,0.02,-42.41,-0.07,1799.37,0.02
120,Entry long,2024-05-02 16:40," | F:55,9,2,0,1.11,1,0,45.82,0,0,30.93,0",154.685,59040,9132602.4,-42.41,-0.07,14.52,0.02,-42.41,-0.07,1799.37,0.02
121,Exit long,2024-05-09 07:40,Long Exit,155.551,176789,27503948.67,-27.26,-0.02,1.14,0.00,-27.26,-0.02,1772.11,0.02
121,Entry long,2024-05-09 07:35," | F:75,9,0,0,0.22,1,1,52.49,1,0,8.39,0",155.575,176789,27503948.67,-27.26,-0.02,1.14,0.00,-27.26,-0.02,1772.11,0.02
122,Exit long,2024-05-10 16:50,Long Exit,155.631,93791,14602695.95,-37.99,-0.04,21.71,0.02,-37.99,-0.04,1734.12,0.02
122,Entry long,2024-05-10 16:20," | F:80,61,2,0,0.75,1,1,40.39,1,0,25.25,0",155.694,93791,14602695.95,-37.99,-0.04,21.71,0.02,-37.99,-0.04,1734.12,0.02
123,Exit long,2024-05-13 15:40,Long Exit,155.779,114579,17854501.83,-35.29,-0.03,0.74,0.00,-35.29,-0.03,1698.83,0.02
123,Entry long,2024-05-13 15:35," | F:65,69,2,0,0.95,0,1,39.56,1,0,21.04,0",155.827,114579,17854501.83,-35.29,-0.03,0.74,0.00,-35.29,-0.03,1698.83,0.02
124,Exit long,2024-05-22 19:45,Time Stop (Bars),156.511,120301,18813873.39,93.19,0.08,130.16,0.11,-15.4,-0.01,1792.02,0.02
124,Entry long,2024-05-22 16:45," | F:70,83,2,0,0.66,0,1,27.33,1,0,24.47,0",156.39,120301,18813873.39,93.19,0.08,130.16,0.11,-15.4,-0.01,1792.02,0.02
125,Exit long,2024-05-23 20:30,Long Exit,156.96,90245,14170901.61,-38.55,-0.04,25.89,0.03,-38.55,-0.04,1753.47,0.02
125,Entry long,2024-05-23 19:05," | F:80,15,2,0,0.88,1,1,51.72,1,0,22.16,0",157.027,90245,14170901.61,-38.55,-0.04,25.89,0.03,-38.55,-0.04,1753.47,0.02
126,Exit short,2024-05-31 10:10,Short Exit,157.043,135348,21250312.74,-32.79,-0.02,8.63,0.01,-32.79,-0.02,1720.68,0.02
126,Entry short,2024-05-31 10:05," | F:80,250,1,1,0.82,1,1,69.45,1,0,29.12,0",157.005,135348,21250312.74,-32.79,-0.02,8.63,0.01,-32.79,-0.02,1720.68,0.02
127,Exit long,2024-05-31 13:55,Long Exit,157.223,102129,16062849.12,-37.12,-0.04,20.84,0.02,-37.12,-0.04,1683.56,0.02
127,Entry long,2024-05-31 13:20," | F:80,20,1,0,0.57,1,1,56.61,1,0,29.47,0",157.28,102129,16062849.12,-37.12,-0.04,20.84,0.02,-37.12,-0.04,1683.56,0.02
128,Exit long,2024-06-05 15:15,Long Exit,156.022,87692,13687931.97,-39.06,-0.04,67.94,0.08,-39.06,-0.04,1644.5,0.02
128,Entry long,2024-06-05 14:05," | F:80,13,1,0,1.08,1,1,49.26,0,0,24.31,0",156.091,87692,13687931.97,-39.06,-0.04,67.94,0.08,-39.06,-0.04,1644.5,0.02
129,Exit long,2024-06-10 13:05,Long Exit,156.784,153740,24108738.1,-30.39,-0.02,98.04,0.06,-30.39,-0.02,1614.11,0.02
129,Entry long,2024-06-10 12:15," | F:75,110,1,0,1.29,1,0,32.79,1,0,23.31,0",156.815,153740,24108738.1,-30.39,-0.02,98.04,0.06,-30.39,-0.02,1614.11,0.02
130,Exit long,2024-06-11 15:30,Long Exit,156.971,81796,12845816.41,-39.57,-0.05,15.1,0.02,-39.57,-0.05,1574.53,0.02
130,Entry long,2024-06-11 15:10," | F:70,165,2,0,0.4,0,0,40.47,1,0,33.54,0",157.047,81796,12845816.41,-39.57,-0.05,15.1,0.02,-39.57,-0.05,1574.53,0.02
131,Exit long,2024-06-11 15:50,Long Exit,156.853,95681,15013784.11,-37.76,-0.04,12.18,0.01,-37.76,-0.04,1536.77,0.02
131,Entry long,2024-06-11 15:40," | F:80,264,2,0,0.86,1,0,31.86,1,0,38.51,0",156.915,95681,15013784.11,-37.76,-0.04,12.18,0.01,-37.76,-0.04,1536.77,0.02
132,Exit short,2024-06-11 16:50,Short Exit,157.12,122716,19275738.42,-34.37,-0.03,10.94,0.01,-34.37,-0.03,1502.39,0.02
132,Entry short,2024-06-11 16:45," | F:75,28,2,1,0.4,1,0,54.74,1,0,27.71,0",157.076,122716,19275738.42,-34.37,-0.03,10.94,0.01,-34.37,-0.03,1502.39,0.02
133,Exit long,2024-06-12 15:25,Long Exit,157.204,109208,17173613.25,-36.13,-0.03,19.45,0.02,-36.13,-0.03,1466.27,0.01
133,Entry long,2024-06-12 15:20," | F:65,71,2,0,0.66,0,1,37.49,1,0,20.38,0",157.256,109208,17173613.25,-36.13,-0.03,19.45,0.02,-36.13,-0.03,1466.27,0.01
134,Exit long,2024-06-13 12:35,Long Exit,157.17,82761,13013753.45,-39.61,-0.05,21.66,0.03,-39.61,-0.05,1426.65,0.01
134,Entry long,2024-06-13 11:25," | F:80,16,1,0,0.84,1,1,54.57,1,0,17.52,0",157.245,82761,13013753.45,-39.61,-0.05,21.66,0.03,-39.61,-0.05,1426.65,0.01
135,Exit short,2024-06-17 17:05,Short Exit,157.932,151828,23973641.2,-30.86,-0.02,24.11,0.02,-30.86,-0.02,1395.79,0.01
135,Entry short,2024-06-17 16:45," | F:55,12,2,1,0.34,1,1,60.27,1,0,30.24,0",157.9,151828,23973641.2,-30.86,-0.02,24.11,0.02,-30.86,-0.02,1395.79,0.01
136,Exit long,2024-06-20 09:55,Long Exit,158.072,112944,17858931.17,-35.73,-0.03,47.88,0.04,-35.73,-0.03,1360.06,0.01
136,Entry long,2024-06-20 09:05," | F:70,26,0,0,0.67,0,1,47.65,1,0,21.48,0",158.122,112944,17858931.17,-35.73,-0.03,47.88,0.04,-35.73,-0.03,1360.06,0.01
137,Exit long,2024-06-21 00:25,Time Stop (Bars),158.89,107262,17027735.24,95.69,0.09,128.26,0.12,-8.82,-0.01,1455.75,0.01
137,Entry long,2024-06-20 21:25," | F:70,32,2,0,0.33,0,1,36.66,1,0,30.53,0",158.749,107262,17027735.24,95.69,0.09,128.26,0.12,-8.82,-0.01,1455.75,0.01
138,Exit short,2024-06-25 18:10,Short Exit,159.723,126729,20236086.72,-34.13,-0.03,1.59,0.00,-34.13,-0.03,1421.62,0.01
138,Entry short,2024-06-25 18:00," | F:60,266,2,1,0.8,1,1,58.13,1,0,26.55,0",159.68,126729,20236086.72,-34.13,-0.03,1.59,0.00,-34.13,-0.03,1421.62,0.01
139,Exit long,2024-06-27 15:40,Long Exit,160.331,48336,7756816.272,-43.86,-0.09,8.41,0.02,-43.86,-0.09,1377.76,0.01
139,Entry long,2024-06-27 15:30," | F:75,73,2,0,0.87,1,0,48.13,1,0,20.94,0",160.477,48336,7756816.272,-43.86,-0.09,8.41,0.02,-43.86,-0.09,1377.76,0.01
140,Exit long,2024-06-27 20:05,Time Stop (Bars),160.69,56528,9075005.12,52.7,0.09,68.86,0.12,-18.97,-0.03,1430.46,0.01
140,Entry long,2024-06-27 17:05," | F:75,8,2,0,0.79,0,1,60.08,1,0,26.28,0",160.54,56528,9075005.12,52.7,0.09,68.86,0.12,-18.97,-0.03,1430.46,0.01
141,Exit long,2024-06-27 23:10,Time Stop (Bars),160.789,167390,26898233.88,100.91,0.06,136.28,0.08,-20.81,-0.01,1531.37,0.02
141,Entry long,2024-06-27 20:10," | F:70,18,2,0,0.7,0,1,54.87,1,0,18.07,0",160.692,167390,26898233.88,100.91,0.06,136.28,0.08,-20.81,-0.01,1531.37,0.02
142,Exit long,2024-06-28 15:25,Long Exit,160.577,217019,34851949.29,-22.94,-0.01,33.74,0.02,-22.94,-0.01,1508.43,0.02
142,Entry long,2024-06-28 15:20," | F:45,12,2,0,0.96,0,0,46.02,1,0,25.51,0",160.594,217019,34851949.29,-22.94,-0.01,33.74,0.02,-22.94,-0.01,1508.43,0.02
143,Exit short,2024-07-11 15:30,Short Exit,161.261,78406,12665626.83,134.86,0.17,134.86,0.17,-1.46,0.00,1643.28,0.02
143,Entry short,2024-07-11 15:25," | F:80,55,2,1,0.92,1,0,45.23,1,0,14.48,0",161.539,78406,12665626.83,134.86,0.17,134.86,0.17,-1.46,0.00,1643.28,0.02
144,Exit short,2024-07-31 15:25,Short Exit,149.931,56896,8546632.64,105.76,0.19,105.76,0.19,-5.59,-0.01,1749.04,0.02
144,Entry short,2024-07-31 15:10," | F:75,10,2,1,0.33,1,0,42.42,0,0,34.85,0",150.215,56896,8546632.64,105.76,0.19,105.76,0.19,-5.59,-0.01,1749.04,0.02
145,Exit short,2024-08-15 15:30,Short Exit,147.374,73613,10838557.28,-68.42,-0.09,0,0.00,-68.42,-0.09,1680.63,0.02
145,Entry short,2024-08-15 15:25," | F:55,13,2,1,0.27,1,0,45.67,0,0,22.25,0",147.237,73613,10838557.28,-68.42,-0.09,0,0.00,-68.42,-0.09,1680.63,0.02
146,Exit long,2024-08-21 17:50,Long Exit,145.459,14831,2164302.661,-48.18,-0.32,22.15,0.15,-48.18,-0.32,1632.44,0.02
146,Entry long,2024-08-21 17:30," | F:55,123,2,0,0.08,1,1,54.92,0,0,36.67,0",145.931,14831,2164302.661,-48.18,-0.32,22.15,0.15,-48.18,-0.32,1632.44,0.02
147,Exit long,2024-08-28 11:00,Long Exit,144.579,118339,17085311.46,166.84,0.14,166.84,0.14,0,0.00,1799.28,0.02
147,Entry long,2024-08-28 10:35," | F:75,30,1,0,0.28,1,1,43.34,0,0,17.2,0",144.376,118339,17085311.46,166.84,0.14,166.84,0.14,0,0.00,1799.28,0.02
148,Exit short,2024-09-06 18:30,Time Stop (Bars),142.387,4131,588043.719,-1.09,-0.03,16.76,0.41,-44.46,-1.08,1798.19,0.02
148,Entry short,2024-09-06 15:30," | F:60,262,2,1,0.83,1,0,22.5,0,0,47.85,0",142.349,4131,588043.719,-1.09,-0.03,16.76,0.41,-44.46,-1.08,1798.19,0.02
149,Exit long,2024-09-23 19:10,Long Exit,143.455,11452,1649820.928,-48.45,-0.42,22.44,0.20,-48.45,-0.42,1749.74,0.02
149,Entry long,2024-09-23 16:45," | F:50,20,2,0,0.56,0,1,70.76,1,0,27.85,0",144.064,11452,1649820.928,-48.45,-0.42,22.44,0.20,-48.45,-0.42,1749.74,0.02
150,Exit long,2024-09-25 16:15,Long Exit,143.981,112518,16205404.95,-34.54,-0.03,1.57,0.00,-34.54,-0.03,1715.2,0.02
150,Entry long,2024-09-25 16:10," | F:75,51,2,0,0.91,0,1,32.67,1,0,22.54,0",144.025,112518,16205404.95,-34.54,-0.03,1.57,0.00,-34.54,-0.03,1715.2,0.02
151,Exit long,2024-10-03 11:30,Long Exit,146.718,52669,7711794.98,107.2,0.20,107.2,0.20,-37.41,-0.07,1822.4,0.02
151,Entry long,2024-10-03 10:30," | F:70,112,1,0,0.3,0,1,38.25,1,0,25.8,0",146.42,52669,7711794.98,107.2,0.20,107.2,0.20,-37.41,-0.07,1822.4,0.02
152,Exit long,2024-10-21 17:30,Long Exit,150.236,45697,6849431.936,106.32,0.23,106.32,0.23,-11.61,-0.03,1928.72,0.02
152,Entry long,2024-10-21 15:40," | F:70,60,2,0,1,0,1,46.88,1,0,20.41,0",149.888,45697,6849431.936,106.32,0.23,106.32,0.23,-11.61,-0.03,1928.72,0.02
153,Exit long,2024-10-22 09:25,Long Exit,150.707,95419,14385940.95,-37.33,-0.04,6.33,0.01,-37.33,-0.04,1891.39,0.02
153,Entry long,2024-10-22 09:20," | F:70,51,0,0,0.85,0,1,38.76,1,0,24.05,0",150.766,95419,14385940.95,-37.33,-0.04,6.33,0.01,-37.33,-0.04,1891.39,0.02
154,Exit short,2024-10-22 15:30,Short Exit,150.918,73939,11152663,-40.2,-0.05,34.32,0.05,-40.2,-0.05,1851.19,0.02
154,Entry short,2024-10-22 15:05," | F:55,12,2,1,0.33,1,1,47.38,1,0,12.51,0",150.836,73939,11152663,-40.2,-0.05,34.32,0.05,-40.2,-0.05,1851.19,0.02
155,Exit long,2024-10-28 11:30,Long Exit,153.053,81448,12471887.9,-39.54,-0.05,21.38,0.03,-39.54,-0.05,1811.65,0.02
155,Entry long,2024-10-28 11:05," | F:70,107,1,0,1.54,0,1,34.04,1,0,23.88,0",153.127,81448,12471887.9,-39.54,-0.05,21.38,0.03,-39.54,-0.05,1811.65,0.02
156,Exit long,2024-10-29 13:50,Long Exit,153.637,83362,12786647.09,135.94,0.16,135.94,0.16,-36.43,-0.04,1947.59,0.02
156,Entry long,2024-10-29 13:00," | F:75,31,1,0,1.01,0,1,52.36,1,0,27.85,0",153.387,83362,12786647.09,135.94,0.16,135.94,0.16,-36.43,-0.04,1947.59,0.02
157,Exit long,2024-10-29 19:05,Time Stop (Bars),153.444,14562,2235034.008,-3.8,-0.03,25.27,0.17,-25.08,-0.17,1943.79,0.02
157,Entry long,2024-10-29 16:05," | F:70,87,2,0,0.54,0,1,35.58,1,0,36.15,0",153.484,14562,2235034.008,-3.8,-0.03,25.27,0.17,-25.08,-0.17,1943.79,0.02
158,Exit long,2024-10-31 17:30,Long Exit,152.318,73978,11274321.18,-40.03,-0.05,2.41,0.00,-40.03,-0.05,1903.76,0.02
158,Entry long,2024-10-31 17:25," | F:60,61,2,0,0.75,1,0,34.65,1,0,22.14,0",152.401,73978,11274321.18,-40.03,-0.05,2.41,0.00,-40.03,-0.05,1903.76,0.02
159,Exit long,2024-11-01 10:00,Long Exit,152.579,60438,9205130.466,108.09,0.18,108.09,0.18,-3.18,-0.01,2011.85,0.02
159,Entry long,2024-11-01 09:35," | F:75,62,1,0,0.59,1,0,37.93,1,0,27.04,0",152.307,60438,9205130.466,108.09,0.18,108.09,0.18,-3.18,-0.01,2011.85,0.02
160,Exit long,2024-11-04 18:40,Long Exit,151.945,90480,13753774.32,-37.83,-0.04,0,0.00,-37.83,-0.04,1974.02,0.02
160,Entry long,2024-11-04 18:35," | F:80,13,2,0,0.86,1,1,54.77,0,0,19.49,0",152.009,90480,13753774.32,-37.83,-0.04,0,0.00,-37.83,-0.04,1974.02,0.02
161,Exit long,2024-11-05 09:15,Long Exit,152.22,143629,21867946.14,-31.14,-0.02,16.04,0.01,-31.14,-0.02,1942.87,0.02
161,Entry long,2024-11-05 09:10," | F:75,55,1,0,0.91,1,1,35.35,1,0,18.51,0",152.253,143629,21867946.14,-31.14,-0.02,16.04,0.01,-31.14,-0.02,1942.87,0.02
162,Exit long,2024-11-13 11:20,Long Exit,154.966,69842,10829490.99,-41.09,-0.06,3.61,0.01,-41.09,-0.06,1901.78,0.02
162,Entry long,2024-11-13 11:00," | F:80,18,1,0,0.65,1,1,50.48,1,0,18.14,0",155.057,69842,10829490.99,-41.09,-0.06,3.61,0.01,-41.09,-0.06,1901.78,0.02
163,Exit long,2024-11-14 13:40,Long Exit,155.986,134500,20985228,-32.87,-0.02,102.07,0.08,-32.87,-0.02,1868.91,0.02
163,Entry long,2024-11-14 13:10," | F:70,22,1,0,0.91,0,1,44.14,1,0,26.14,0",156.024,134500,20985228,-32.87,-0.02,102.07,0.08,-32.87,-0.02,1868.91,0.02
164,Exit short,2024-11-21 18:55,Short Exit,154.663,97849,15127846.8,-37.14,-0.04,43.43,0.04,-37.14,-0.04,1831.78,0.02
164,Entry short,2024-11-21 18:45," | F:75,55,2,1,0.27,1,0,64.81,0,0,21.25,0",154.604,97849,15127846.8,-37.14,-0.04,43.43,0.04,-37.14,-0.04,1831.78,0.02
165,Exit long,2024-11-28 16:30,Long Exit,151.49,95913,14535519.24,-37.43,-0.04,30.45,0.03,-37.43,-0.04,1794.34,0.02
165,Entry long,2024-11-28 16:15," | F:75,90,2,0,1.08,1,0,30.46,0,0,29.28,0",151.549,95913,14535519.24,-37.43,-0.04,30.45,0.03,-37.43,-0.04,1794.34,0.02
166,Exit long,2024-12-03 11:00,Long Exit,149.822,46863,7027669.206,-43.85,-0.09,2.51,0.01,-43.85,-0.09,1750.5,0.02
166,Entry long,2024-12-03 10:35," | F:75,70,1,0,0.36,1,1,46.47,0,0,14.95,0",149.962,46863,7027669.206,-43.85,-0.09,2.51,0.01,-43.85,-0.09,1750.5,0.02
167,Exit long,2024-12-04 20:55,Long Exit,150.376,66428,9972835.64,109.21,0.16,109.21,0.16,-14.21,-0.02,1859.71,0.02
167,Entry long,2024-12-04 20:40," | F:55,16,2,0,1.26,1,0,43.24,0,0,30.12,0",150.13,66428,9972835.64,109.21,0.16,109.21,0.16,-14.21,-0.02,1859.71,0.02
168,Exit long,2024-12-06 13:45,Long Exit,150.499,84588,12736245.98,-38.87,-0.05,30.42,0.04,-38.87,-0.05,1820.83,0.02
168,Entry long,2024-12-06 13:05," | F:70,21,1,0,0.93,0,1,54.58,0,0,42.42,0",150.568,84588,12736245.98,-38.87,-0.05,30.42,0.04,-38.87,-0.05,1820.83,0.02
169,Exit long,2024-12-09 21:40,Long Exit,151.197,88975,13458536.45,-38.53,-0.04,48.61,0.05,-38.53,-0.04,1782.3,0.02
169,Entry long,2024-12-09 19:25," | F:75,8,2,0,0.57,0,1,63.56,1,0,32.82,0",151.262,88975,13458536.45,-38.53,-0.04,48.61,0.05,-38.53,-0.04,1782.3,0.02
170,Exit long,2024-12-12 14:45,Long Exit,152.163,110293,16787918.12,-35.44,-0.03,107.76,0.10,-35.44,-0.03,1746.86,0.02
170,Entry long,2024-12-12 14:00," | F:55,115,2,0,0.6,1,0,37.42,1,0,26.29,0",152.212,110293,16787918.12,-35.44,-0.03,107.76,0.10,-35.44,-0.03,1746.86,0.02
171,Exit short,2024-12-12 15:30,Short Exit,152.309,158620,24154812.22,-29.12,-0.02,0,0.00,-29.12,-0.02,1717.74,0.02
171,Entry short,2024-12-12 15:25," | F:75,14,2,1,0.33,1,0,52.01,1,0,14.77,0",152.281,158620,24154812.22,-29.12,-0.02,0,0.00,-29.12,-0.02,1717.74,0.02
172,Exit long,2025-01-02 15:15,Long Exit,156.969,107545,16886930.99,-36.19,-0.03,23.22,0.02,-36.19,-0.03,1681.55,0.02
172,Entry long,2025-01-02 15:10," | F:75,30,2,0,0.64,0,0,44.36,1,0,20,0",157.022,107545,16886930.99,-36.19,-0.03,23.22,0.02,-36.19,-0.03,1681.55,0.02
173,Exit long,2025-01-02 15:30,Long Exit,157.056,130703,20501549.77,165.99,0.13,165.99,0.13,0,0.00,1847.54,0.02
173,Entry long,2025-01-02 15:25," | F:60,43,2,0,0.58,1,0,32.93,1,0,24.05,0",156.856,130703,20501549.77,165.99,0.13,165.99,0.13,0,0.00,1847.54,0.02
174,Exit long,2025-01-06 12:15,Long Exit,157.779,127073,20023273.83,166.33,0.13,166.33,0.13,-2.42,0.00,2013.87,0.02
174,Entry long,2025-01-06 09:30," | F:65,75,1,0,1.22,0,1,37.8,1,0,36.88,0",157.573,127073,20023273.83,166.33,0.13,166.33,0.13,-2.42,0.00,2013.87,0.02
175,Exit long,2025-01-08 08:35,Long Exit,158.031,94101,14876897.6,-38.09,-0.04,7.14,0.01,-38.09,-0.04,1975.78,0.02
175,Entry long,2025-01-08 08:20," | F:75,46,0,0,0.42,1,1,42.26,1,0,20.52,0",158.095,94101,14876897.6,-38.09,-0.04,7.14,0.01,-38.09,-0.04,1975.78,0.02
176,Exit long,2025-01-10 16:35,Long Exit,157.902,8431,1339045.144,-49.14,-0.58,2.24,0.03,-49.14,-0.58,1926.65,0.02
176,Entry long,2025-01-10 15:30," | F:55,38,2,0,0.4,0,1,82.12,1,0,25.39,0",158.824,8431,1339045.144,-49.14,-0.58,2.24,0.03,-49.14,-0.58,1926.65,0.02
177,Exit long,2025-01-16 15:50,Long Exit,155.953,97505,15212047.57,-37.38,-0.04,4.36,0.00,-37.38,-0.04,1889.27,0.02
177,Entry long,2025-01-16 15:45," | F:70,18,2,0,0.34,0,0,47.33,0,1.36,35.65,0",156.013,97505,15212047.57,-37.38,-0.04,4.36,0.00,-37.38,-0.04,1889.27,0.02
178,Exit short,2025-01-17 16:15,Short Exit,155.749,158891,24742506.52,-29.69,-0.02,167.92,0.11,-29.69,-0.02,1859.58,0.02
178,Entry short,2025-01-17 14:45," | F:60,22,2,1,0.74,1,1,55.69,0,1.02,9.12,0",155.72,158891,24742506.52,-29.69,-0.02,167.92,0.11,-29.69,-0.02,1859.58,0.02
179,Exit short,2025-01-20 15:30,Short Exit,156.457,54661,8545372.774,-43,-0.08,1.75,0.00,-43,-0.08,1816.57,0.02
179,Entry short,2025-01-20 14:30," | F:55,158,2,1,2.37,1,1,48.89,0,1.52,22.46,0",156.334,54661,8545372.774,-43,-0.08,1.75,0.00,-43,-0.08,1816.57,0.02
180,Exit long,2025-01-23 10:05,Long Exit,156.522,99100,15517177.1,-37.34,-0.04,68.35,0.07,-37.34,-0.04,1779.24,0.02
180,Entry long,2025-01-23 09:20," | F:70,8,1,0,0.8,0,1,50.11,1,1.12,22.47,0",156.581,99100,15517177.1,-37.34,-0.04,68.35,0.07,-37.34,-0.04,1779.24,0.02
181,Exit long,2025-01-23 15:30,Long Exit,156.253,87820,13728198.04,-38.7,-0.04,20.75,0.02,-38.7,-0.04,1740.54,0.02
181,Entry long,2025-01-23 15:10," | F:55,35,2,0,0.83,0,0,38.88,1,1.62,28.99,0",156.322,87820,13728198.04,-38.7,-0.04,20.75,0.02,-38.7,-0.04,1740.54,0.02
182,Exit long,2025-01-24 17:20,Long Exit,155.921,83865,13082436.81,-39.22,-0.05,0,0.00,-39.22,-0.05,1701.32,0.02
182,Entry long,2025-01-24 17:15," | F:80,52,2,0,0.33,1,1,33.81,1,1.08,29.03,0",155.994,83865,13082436.81,-39.22,-0.05,0,0.00,-39.22,-0.05,1701.32,0.02
183,Exit long,2025-01-27 07:40,Long Exit,155.944,88641,13829059.69,-38.62,-0.04,5.11,0.01,-38.62,-0.04,1662.7,0.02
183,Entry long,2025-01-27 07:35," | F:70,12,0,0,0.48,0,1,60.98,0,1.44,55.19,0",156.012,88641,13829059.69,-38.62,-0.04,5.11,0.01,-38.62,-0.04,1662.7,0.02
184,Exit short,2025-02-04 21:45,Short Exit,154.337,100179,15455616.12,-36.88,-0.04,42.71,0.04,-36.88,-0.04,1625.81,0.02
184,Entry short,2025-02-04 20:35," | F:75,10,2,1,0.37,1,0,37.71,0,0.76,44.69,0",154.28,100179,15455616.12,-36.88,-0.04,42.71,0.04,-36.88,-0.04,1625.81,0.02
185,Exit long,2025-02-12 00:45,Time Stop (Bars),152.422,47634,7260945.888,-3.12,-0.01,53.89,0.11,-20.61,-0.04,1622.69,0.02
185,Entry long,2025-02-11 21:45," | F:75,21,2,0,1.64,1,1,49.2,0,1.45,18.69,0",152.432,47634,7260945.888,-3.12,-0.01,53.89,0.11,-20.61,-0.04,1622.69,0.02
186,Exit long,2025-02-12 14:55,Long Exit,153.458,119920,18407959.84,-34.59,-0.03,110.85,0.09,-34.59,-0.03,1588.1,0.02
186,Entry long,2025-02-12 13:40," | F:80,29,1,0,0.63,1,1,40.15,1,0.92,16.83,0",153.502,119920,18407959.84,-34.59,-0.03,110.85,0.09,-34.59,-0.03,1588.1,0.02
187,Exit short,2025-02-18 12:15,Short Exit,151.749,64959,9873962.877,108.86,0.17,108.86,0.17,-6.86,-0.01,1696.96,0.02
187,Entry short,2025-02-18 10:05," | F:55,29,1,1,1.25,1,1,55.58,0,1.26,26.72,0",152.003,64959,9873962.877,108.86,0.17,108.86,0.17,-6.86,-0.01,1696.96,0.02
188,Exit short,2025-02-18 19:20,Short Exit,151.903,143267,21757959.29,-31.19,-0.02,14.18,0.01,-31.19,-0.02,1665.77,0.02
188,Entry short,2025-02-18 19:10," | F:60,93,2,1,1.04,1,1,62.63,0,0.78,22.61,0",151.87,143267,21757959.29,-31.19,-0.02,14.18,0.01,-31.19,-0.02,1665.77,0.02
189,Exit long,2025-02-24 09:40,Long Exit,149.383,82117,12272714.12,-39.03,-0.05,45.07,0.05,-39.03,-0.05,1626.74,0.02
189,Entry long,2025-02-24 09:10," | F:70,13,1,0,0.89,0,1,57.04,0,0.98,31.33,0",149.454,82117,12272714.12,-39.03,-0.05,45.07,0.05,-39.03,-0.05,1626.74,0.02
190,Exit long,2025-02-24 15:20,Long Exit,149.619,102515,15343625.08,-36.37,-0.04,117.35,0.11,-36.37,-0.04,1590.37,0.02
190,Entry long,2025-02-24 14:05," | F:75,15,2,0,0.92,0,1,52.46,0,1.24,27.21,0",149.672,102515,15343625.08,-36.37,-0.04,117.35,0.11,-36.37,-0.04,1590.37,0.02
191,Exit long,2025-02-25 09:45,Long Exit,149.302,71818,10728603.75,-40.29,-0.06,15.83,0.02,-40.29,-0.06,1550.08,0.02
191,Entry long,2025-02-25 09:35," | F:60,189,1,0,1.07,1,0,31.45,0,1.55,26.47,0",149.386,71818,10728603.75,-40.29,-0.06,15.83,0.02,-40.29,-0.06,1550.08,0.02
192,Exit long,2025-02-25 15:10,Long Exit,149.762,93461,13976344.86,137.33,0.15,137.33,0.15,-29.34,-0.03,1687.41,0.02
192,Entry long,2025-02-25 14:25," | F:60,42,2,0,0.84,1,0,35.66,0,1.35,26.57,0",149.542,93461,13976344.86,137.33,0.15,137.33,0.15,-29.34,-0.03,1687.41,0.02
193,Exit long,2025-02-26 09:20,Long Exit,149.355,73976,11054677.54,-40.19,-0.05,4.96,0.01,-40.19,-0.05,1647.21,0.02
193,Entry long,2025-02-26 09:10," | F:75,32,1,0,0.92,1,1,44.63,0,1.42,15.77,0",149.436,73976,11054677.54,-40.19,-0.05,4.96,0.01,-40.19,-0.05,1647.21,0.02
194,Exit long,2025-02-27 21:15,Long Exit,150.004,77358,11609966,-39.94,-0.05,10.89,0.01,-39.94,-0.05,1607.27,0.02
194,Entry long,2025-02-27 21:05," | F:70,10,2,0,0.52,0,1,56.56,0,1.23,21.18,0",150.081,77358,11609966,-39.94,-0.05,10.89,0.01,-39.94,-0.05,1607.27,0.02
195,Exit short,2025-03-06 16:00,Short Exit,147.337,64729,9553029.465,107.79,0.17,107.79,0.17,-10.43,-0.02,1715.06,0.02
195,Entry short,2025-03-06 15:35," | F:75,10,2,1,0.71,1,0,45.35,0,1.16,25.85,0",147.585,64729,9553029.465,107.79,0.17,107.79,0.17,-10.43,-0.02,1715.06,0.02
196,Exit short,2025-03-06 18:35,Short Exit,148.057,78059,11577320.58,135.23,0.17,135.23,0.17,-10.48,-0.01,1850.3,0.02
196,Entry short,2025-03-06 18:15," | F:80,101,2,1,0.31,1,1,64.26,0,0.87,22.94,0",148.315,78059,11577320.58,135.23,0.17,135.23,0.17,-10.48,-0.01,1850.3,0.02
197,Exit long,2025-03-12 20:45,Long Exit,148.397,89256,13224972.26,137.65,0.15,137.65,0.15,-17.51,-0.02,1987.95,0.02
197,Entry long,2025-03-12 20:00," | F:70,135,2,0,0.76,0,0,39.69,0,1.21,33.34,0",148.169,89256,13224972.26,137.65,0.15,137.65,0.15,-17.51,-0.02,1987.95,0.02
198,Exit short,2025-03-13 09:20,Short Exit,147.84,59569,8800485.784,-41.78,-0.07,12.05,0.02,-41.78,-0.07,1946.17,0.02
198,Entry short,2025-03-13 09:05," | F:75,21,1,1,0.84,1,0,45.91,0,0.99,36.33,0",147.736,59569,8800485.784,-41.78,-0.07,12.05,0.02,-41.78,-0.07,1946.17,0.02
199,Exit long,2025-03-13 18:20,Long Exit,147.643,39520,5841451.2,-44.51,-0.11,13.06,0.03,-44.51,-0.11,1901.66,0.02
199,Entry long,2025-03-13 17:40," | F:55,110,2,0,0.39,1,0,38.43,0,1.3,35.83,0",147.81,39520,5841451.2,-44.51,-0.11,13.06,0.03,-44.51,-0.11,1901.66,0.02
200,Exit short,2025-03-13 22:40,Short Exit,147.786,123122,18190783.01,-33.21,-0.03,93.83,0.08,-33.21,-0.03,1868.44,0.02
200,Entry short,2025-03-13 20:45," | F:80,32,2,1,0.62,1,0,57.16,0,0.94,23.76,0",147.746,123122,18190783.01,-33.21,-0.03,93.83,0.08,-33.21,-0.03,1868.44,0.02
201,Exit short,2025-03-17 14:30,Short Exit,148.319,114253,16970455.1,165.49,0.14,165.49,0.14,0,0.00,2033.93,0.02
201,Entry short,2025-03-17 14:25," | F:75,22,2,1,1.38,0,0,50.44,1,1.22,32.3,0",148.534,114253,16970455.1,165.49,0.14,165.49,0.14,0,0.00,2033.93,0.02
202,Exit long,2025-03-19 08:45,Long Exit,149.688,28832,4322724.096,-46.33,-0.16,17.95,0.06,-46.33,-0.16,1987.61,0.02
202,Entry long,2025-03-19 08:35," | F:70,10,0,0,0.47,0,1,68.59,1,1.96,49.36,0",149.928,28832,4322724.096,-46.33,-0.16,17.95,0.06,-46.33,-0.16,1987.61,0.02
203,Exit long,2025-03-20 18:40,Long Exit,148.755,132846,19766289.19,-32.12,-0.02,11.6,0.01,-32.12,-0.02,1955.48,0.02
203,Entry long,2025-03-20 18:35," | F:75,16,2,0,0.82,0,1,47.37,1,0.95,20,0",148.791,132846,19766289.19,-32.12,-0.02,11.6,0.01,-32.12,-0.02,1955.48,0.02
204,Exit long,2025-03-24 08:20,Long Exit,149.656,122699,18367672.2,-33.68,-0.03,69.82,0.06,-33.68,-0.03,1921.8,0.02
204,Entry long,2025-03-24 08:00," | F:65,65,0,0,0.72,0,1,41.29,1,1.16,18.58,0",149.697,122699,18367672.2,-33.68,-0.03,69.82,0.06,-33.68,-0.03,1921.8,0.02
205,Exit long,2025-03-25 10:30,Long Exit,150.594,110764,16685710.49,-35.27,-0.03,5.14,0.00,-35.27,-0.03,1886.53,0.02
205,Entry long,2025-03-25 10:20," | F:75,14,1,0,1.05,0,1,52.56,1,1.27,17.99,0",150.642,110764,16685710.49,-35.27,-0.03,5.14,0.00,-35.27,-0.03,1886.53,0.02
206,Exit long,2025-03-26 10:45,Long Exit,150.15,125156,18797179.64,-33.38,-0.03,56.75,0.05,-33.38,-0.03,1853.15,0.02
206,Entry long,2025-03-26 10:20," | F:75,71,1,0,0.47,1,0,26.01,1,1.27,29.3,0",150.19,125156,18797179.64,-33.38,-0.03,56.75,0.05,-33.38,-0.03,1853.15,0.02
207,Exit long,2025-03-31 14:30,Long Exit,149.18,86769,12949926.17,-38.2,-0.04,64.25,0.07,-38.2,-0.04,1814.95,0.02
207,Entry long,2025-03-31 14:10," | F:60,14,1,0,0.36,1,0,51.62,0,1.01,22.54,0",149.246,86769,12949926.17,-38.2,-0.04,64.25,0.07,-38.2,-0.04,1814.95,0.02
208,Exit short,2025-04-09 16:25,Short Exit,144.412,52054,7532734.34,105.98,0.21,105.98,0.21,-3.56,-0.01,1920.93,0.02
208,Entry short,2025-04-09 16:15," | F:75,18,2,1,0.88,1,0,54.26,0,0.98,22.78,0",144.71,52054,7532734.34,105.98,0.21,105.98,0.21,-3.56,-0.01,1920.93,0.02
209,Exit short,2025-04-21 16:30,Short Exit,141.017,49963,7039586.848,-42.51,-0.09,48.84,0.10,-42.51,-0.09,1878.41,0.02
209,Entry short,2025-04-21 15:40," | F:75,19,2,1,0.9,1,0,55.05,0,1.23,21.49,0",140.896,49963,7039586.848,-42.51,-0.09,48.84,0.10,-42.51,-0.09,1878.41,0.02
210,Exit short,2025-04-21 20:50,Short Exit,140.712,108405,15277191.43,163.9,0.15,163.9,0.15,-17.53,-0.02,2042.31,0.02
210,Entry short,2025-04-21 19:40," | F:80,17,2,1,0.54,1,0,58.86,0,0.9,13.88,0",140.927,108405,15277191.43,163.9,0.15,163.9,0.15,-17.53,-0.02,2042.31,0.02
211,Exit long,2025-04-23 09:30,Long Exit,141.739,42227,5991462.349,-43.79,-0.10,77.23,0.18,-43.79,-0.10,1998.52,0.02
211,Entry long,2025-04-23 08:20," | F:70,42,0,0,0.97,0,1,40.46,0,1.45,25.01,0",141.887,42227,5991462.349,-43.79,-0.10,77.23,0.18,-43.79,-0.10,1998.52,0.02
212,Exit long,2025-04-28 16:40,Long Exit,143.183,96781,13862620.1,-36.37,-0.04,8.08,0.01,-36.37,-0.04,1962.15,0.02
212,Entry long,2025-04-28 16:35," | F:50,14,2,0,0.81,0,0,39.41,1,1.21,18.65,0",143.237,96781,13862620.1,-36.37,-0.04,8.08,0.01,-36.37,-0.04,1962.15,0.02
213,Exit long,2025-04-30 16:55,Long Exit,142.68,96441,13765409.69,-36.58,-0.04,31.16,0.03,-36.58,-0.04,1925.57,0.02
213,Entry long,2025-04-30 16:45," | F:75,78,2,0,0.66,0,1,39.1,1,1,21.17,0",142.734,96441,13765409.69,-36.58,-0.04,31.16,0.03,-36.58,-0.04,1925.57,0.02
214,Exit short,2025-05-09 13:00,Time Stop (Bars),145.386,42983,6244785.155,-29.74,-0.07,62.43,0.15,-31.51,-0.07,1895.83,0.02
214,Entry short,2025-05-09 10:00," | F:75,7,1,1,0.76,1,0,34.44,1,1.72,25.61,0",145.285,42983,6244785.155,-29.74,-0.07,62.43,0.15,-31.51,-0.07,1895.83,0.02
215,Exit long,2025-05-16 17:45,Long Exit,146.005,36034,5245865.754,104.89,0.29,104.89,0.29,-15.83,-0.04,2000.71,0.02
215,Entry long,2025-05-16 17:00," | F:70,55,2,0,0.72,0,1,55.34,0,1.76,15.86,0",145.581,36034,5245865.754,104.89,0.29,104.89,0.29,-15.83,-0.04,2000.71,0.02
216,Exit long,2025-05-20 17:25,Long Exit,144.585,82188,11888740.76,-38.57,-0.05,4.54,0.01,-38.57,-0.05,1962.15,0.02
216,Entry long,2025-05-20 17:15," | F:55,28,2,0,0.36,1,0,39.45,0,1.2,35.47,0",144.653,82188,11888740.76,-38.57,-0.05,4.54,0.01,-38.57,-0.05,1962.15,0.02
217,Exit short,2025-05-22 16:45,Short Exit,143.72,50544,7255692.288,-59.08,-0.12,10.2,0.02,-59.08,-0.12,1903.06,0.02
217,Entry short,2025-05-22 16:30," | F:45,26,2,1,0.67,0,1,53.02,0,1.36,21.72,0",143.552,50544,7255692.288,-59.08,-0.12,10.2,0.02,-59.08,-0.12,1903.06,0.02
218,Exit long,2025-05-23 18:50,Long Exit,142.61,64278,9172534.878,-40.59,-0.06,60.66,0.10,-40.59,-0.06,1862.47,0.02
218,Entry long,2025-05-23 18:05," | F:60,10,2,0,0.84,1,0,47.56,0,1.04,17.02,0",142.701,64278,9172534.878,-40.59,-0.06,60.66,0.10,-40.59,-0.06,1862.47,0.02
219,Exit long,2025-05-26 11:30,Long Exit,142.791,80256,11465372.16,-38.84,-0.05,0,0.00,-38.84,-0.05,1823.64,0.02
219,Entry long,2025-05-26 11:20," | F:75,13,1,0,0.74,0,1,61.43,0,0.6,29.57,0",142.86,80256,11465372.16,-38.84,-0.05,0,0.00,-38.84,-0.05,1823.64,0.02
220,Exit short,2025-05-29 18:55,Short Exit,144.086,57284,8269403.672,107.57,0.19,107.57,0.19,-37.97,-0.07,1931.21,0.02
220,Entry short,2025-05-29 17:30," | F:80,16,2,1,0.52,1,0,43.03,1,0.95,40.25,0",144.358,57284,8269403.672,107.57,0.19,107.57,0.19,-37.97,-0.07,1931.21,0.02
221,Exit short,2025-05-30 10:20,Short Exit,144.139,49658,7151447.212,-43.06,-0.09,86.46,0.17,-43.06,-0.09,1888.15,0.02
221,Entry short,2025-05-30 09:15," | F:75,98,0,1,0.39,1,0,59.38,0,1.59,18.94,0",144.014,49658,7151447.212,-43.06,-0.09,86.46,0.17,-43.06,-0.09,1888.15,0.02
222,Exit short,2025-06-03 15:05,Short Exit,143.161,162650,23281233.05,-27.35,-0.02,99.14,0.06,-27.35,-0.02,1860.8,0.02
222,Entry short,2025-06-03 14:20," | F:55,88,1,1,0.99,1,1,73.18,0,1.32,35.66,0",143.137,162650,23281233.05,-27.35,-0.02,99.14,0.06,-27.35,-0.02,1860.8,0.02
223,Exit short,2025-06-10 15:20,Short Exit,144.599,139006,20095680.4,-30.75,-0.02,11.53,0.01,-30.75,-0.02,1830.05,0.02
223,Entry short,2025-06-10 15:10," | F:70,14,2,1,0.61,0,0,47.88,1,1.3,22.2,0",144.567,139006,20095680.4,-30.75,-0.02,11.53,0.01,-30.75,-0.02,1830.05,0.02
224,Exit long,2025-06-11 15:30,Long Exit,145.15,26058,3789067.722,-46.57,-0.18,10.25,0.04,-46.57,-0.18,1783.48,0.02
224,Entry long,2025-06-11 15:00," | F:70,10,2,0,0.43,0,1,79.83,1,1.73,31.71,0",145.409,26058,3789067.722,-46.57,-0.18,10.25,0.04,-46.57,-0.18,1783.48,0.02
225,Exit long,2025-06-18 08:35,Long Exit,144.923,78799,11425461.01,-39.06,-0.05,32,0.04,-39.06,-0.05,1744.42,0.02
225,Entry long,2025-06-18 07:45," | F:80,176,0,0,0.55,1,0,37.17,1,1.33,46.22,0",144.995,78799,11425461.01,-39.06,-0.05,32,0.04,-39.06,-0.05,1744.42,0.02
226,Exit short,2025-06-18 11:15,Short Exit,145.081,77960,11304823.68,-39.18,-0.05,81.04,0.10,-39.18,-0.05,1705.24,0.02
226,Entry short,2025-06-18 09:10," | F:75,24,0,1,0.76,1,0,49.53,1,1.31,30.84,0",145.008,77960,11304823.68,-39.18,-0.05,81.04,0.10,-39.18,-0.05,1705.24,0.02
227,Exit short,2025-06-19 17:25,Short Exit,145.53,85566,12446858.19,-38.32,-0.04,68.98,0.08,-38.32,-0.04,1666.92,0.02
227,Entry short,2025-06-19 16:40," | F:55,9,2,1,0.7,1,1,41.35,1,1.14,28.15,0",145.465,85566,12446858.19,-38.32,-0.04,68.98,0.08,-38.32,-0.04,1666.92,0.02
228,Exit short,2025-06-20 16:20,Short Exit,145.717,30439,4428813.622,-45.8,-0.15,10.25,0.03,-45.8,-0.15,1621.13,0.02
228,Entry short,2025-06-20 15:30," | F:60,236,2,1,0.6,1,1,47.1,1,2.37,38.26,0",145.498,30439,4428813.622,-45.8,-0.15,10.25,0.03,-45.8,-0.15,1621.13,0.02
229,Exit short,2025-06-27 15:15,Short Exit,144.621,112948,16329683,-34.41,-0.03,24.24,0.02,-34.41,-0.03,1586.72,0.02
229,Entry short,2025-06-27 15:10," | F:60,18,2,1,0.8,1,1,53.35,0,1.6,14.14,0",144.577,112948,16329683,-34.41,-0.03,24.24,0.02,-34.41,-0.03,1586.72,0.02
230,Exit long,2025-06-30 16:50,Long Exit,144.332,112794,16284746.54,-34.28,-0.03,102.85,0.09,-34.28,-0.03,1552.43,0.02
230,Entry long,2025-06-30 16:20," | F:75,16,2,0,0.86,1,1,52.01,0,1.45,38.77,0",144.376,112794,16284746.54,-34.28,-0.03,102.85,0.09,-34.28,-0.03,1552.43,0.02
231,Exit long,2025-07-02 18:45,Long Exit,143.805,117903,16959874.94,-33.71,-0.03,41.93,0.04,-33.71,-0.03,1518.73,0.02
231,Entry long,2025-07-02 18:35," | F:80,30,2,0,1.83,1,1,42.2,0,0.65,13.54,0",143.846,117903,16959874.94,-33.71,-0.03,41.93,0.04,-33.71,-0.03,1518.73,0.02
232,Exit long,2025-07-07 10:10,Long Exit,144.981,89532,12985900.34,-37.79,-0.04,2.48,0.00,-37.79,-0.04,1480.94,0.01
232,Entry long,2025-07-07 10:05," | F:70,15,1,0,0.88,0,1,54.01,1,1.31,33.26,0",145.042,89532,12985900.34,-37.79,-0.04,2.48,0.00,-37.79,-0.04,1480.94,0.01
233,Exit long,2025-07-08 18:45,Long Exit,146.781,141165,20724857.14,-30.93,-0.02,48.33,0.03,-30.93,-0.02,1450,0.01
233,Entry long,2025-07-08 18:25," | F:70,17,2,0,0.62,0,1,47.83,1,0.88,31,0",146.813,141165,20724857.14,-30.93,-0.02,48.33,0.03,-30.93,-0.02,1450,0.01
234,Exit long,2025-07-11 13:10,Long Exit,146.968,133644,19646068.93,-31.97,-0.02,4.57,0.00,-31.97,-0.02,1418.03,0.01
234,Entry long,2025-07-11 13:05," | F:80,13,1,0,1.15,1,1,55.45,1,0.92,18.33,0",147.003,133644,19646068.93,-31.97,-0.02,4.57,0.00,-31.97,-0.02,1418.03,0.01
235,Exit long,2025-07-11 16:45,Long Exit,147.158,59713,8771361.996,108.56,0.18,108.56,0.18,-2.04,0.00,1526.6,0.02
235,Entry long,2025-07-11 15:35," | F:70,18,2,0,0.82,0,1,45.81,1,1.53,20.39,0",146.892,59713,8771361.996,108.56,0.18,108.56,0.18,-2.04,0.00,1526.6,0.02
236,Exit long,2025-07-15 22:00,Time Stop (Bars),148.876,85505,12721091.88,57.86,0.07,125.56,0.15,-0.58,0.00,1584.46,0.02
236,Entry long,2025-07-15 19:00," | F:75,22,2,0,1.07,0,1,52.47,1,1.16,42.34,0",148.776,85505,12721091.88,57.86,0.07,125.56,0.15,-0.58,0.00,1584.46,0.02
237,Exit long,2025-07-16 16:45,Long Exit,148.916,48879,7263028.368,106.36,0.22,106.36,0.22,-27.57,-0.06,1690.82,0.02
237,Entry long,2025-07-16 15:35," | F:75,274,2,0,0.84,0,0,37.07,1,2.49,22.07,0",148.592,48879,7263028.368,106.36,0.22,106.36,0.22,-27.57,-0.06,1690.82,0.02
238,Exit long,2025-07-18 11:05,Long Exit,148.649,57658,8577088.764,-42.28,-0.07,48.1,0.08,-42.28,-0.07,1648.53,0.02
238,Entry long,2025-07-18 10:15," | F:65,29,1,0,0.4,0,1,54.56,1,1.16,21.59,0",148.758,57658,8577088.764,-42.28,-0.07,48.1,0.08,-42.28,-0.07,1648.53,0.02
239,Exit short,2025-07-22 20:35,Short Exit,146.55,118150,17309920.2,-33.67,-0.03,2.41,0.00,-33.67,-0.03,1614.86,0.02
239,Entry short,2025-07-22 20:30," | F:80,36,2,1,1.43,1,0,53.27,0,1.85,24.78,0",146.508,118150,17309920.2,-33.67,-0.03,2.41,0.00,-33.67,-0.03,1614.86,0.02
240,Exit long,2025-07-24 10:10,Long Exit,146.169,49760,7279688.96,-43.13,-0.09,0.68,0.00,-43.13,-0.09,1571.73,0.02
240,Entry long,2025-07-24 10:00," | F:75,6,1,0,0.34,1,1,70.78,0,1.55,29.54,0",146.296,49760,7279688.96,-43.13,-0.09,0.68,0.00,-43.13,-0.09,1571.73,0.02
241,Exit short,2025-07-25 10:30,Short Exit,147.215,53684,7896809.032,-42.69,-0.08,7.3,0.01,-42.69,-0.08,1529.04,0.02
241,Entry short,2025-07-25 10:10," | F:55,31,1,1,0.45,1,1,51.86,0,1.29,29.87,0",147.098,53684,7896809.032,-42.69,-0.08,7.3,0.01,-42.69,-0.08,1529.04,0.02
242,Exit long,2025-08-01 08:10,Long Exit,150.551,109130,16434978,-35.48,-0.03,42.72,0.04,-35.48,-0.03,1493.56,0.01
242,Entry long,2025-08-01 07:05," | F:80,147,0,0,0.64,1,1,36.89,1,0.84,22.22,0",150.6,109130,16434978,-35.48,-0.03,42.72,0.04,-35.48,-0.03,1493.56,0.01
243,Exit long,2025-08-04 17:05,Long Exit,147.012,47467,6984626.649,-43.46,-0.09,5.15,0.01,-43.46,-0.09,1450.1,0.01
243,Entry long,2025-08-04 17:00," | F:50,10,2,0,0.81,0,0,45.61,0,1.3,31.1,0",147.147,47467,6984626.649,-43.46,-0.09,5.15,0.01,-43.46,-0.09,1450.1,0.01
244,Exit long,2025-08-07 13:55,Long Exit,147.282,90952,13401140.54,-37.64,-0.04,25.3,0.03,-37.64,-0.04,1412.46,0.01
244,Entry long,2025-08-07 13:40," | F:75,11,1,0,0.88,0,1,60.01,0,1.21,37.21,0",147.343,90952,13401140.54,-37.64,-0.04,25.3,0.03,-37.64,-0.04,1412.46,0.01
245,Exit long,2025-08-07 17:05,Long Exit,147.446,51811,7623574.162,106.85,0.21,106.85,0.21,-11.25,-0.02,1519.31,0.02
245,Entry long,2025-08-07 15:35," | F:50,48,2,0,0.57,0,0,37.4,0,1.23,29.27,0",147.142,51811,7623574.162,106.85,0.21,106.85,0.21,-11.25,-0.02,1519.31,0.02
246,Exit short,2025-08-27 11:30,Short Exit,147.959,172020,25447950.72,-26.83,-0.02,40.83,0.02,-26.83,-0.02,1492.48,0.01
246,Entry short,2025-08-27 11:20," | F:55,40,1,1,0.44,1,1,63.9,1,1.06,27.95,0",147.936,172020,25447950.72,-26.83,-0.02,40.83,0.02,-26.83,-0.02,1492.48,0.01
247,Exit long,2025-08-27 18:20,Long Exit,147.704,189387,27976815.8,-24.4,-0.01,3.85,0.00,-24.4,-0.01,1468.08,0.01
247,Entry long,2025-08-27 18:15," | F:70,102,2,0,0.67,0,0,26.07,1,0.81,29.38,0",147.723,189387,27976815.8,-24.4,-0.01,3.85,0.00,-24.4,-0.01,1468.08,0.01
248,Exit long,2025-09-03 16:55,Long Exit,148.622,59969,8918949.494,-42.02,-0.07,16.16,0.03,-42.02,-0.07,1426.05,0.01
248,Entry long,2025-09-03 16:40," | F:70,14,2,0,0.69,0,1,53.41,1,1.44,13.32,0",148.726,59969,8918949.494,-42.02,-0.07,16.16,0.03,-42.02,-0.07,1426.05,0.01
249,Exit long,2025-09-04 00:30,Time Stop (Bars),148.052,119325,17655327,73.97,0.06,161.61,0.14,-28.94,-0.02,1500.02,0.02
249,Entry long,2025-09-03 21:30," | F:45,13,2,0,0.97,0,0,45.69,1,1.38,22.73,0",147.96,119325,17655327,73.97,0.06,161.61,0.14,-28.94,-0.02,1500.02,0.02
250,Exit short,2025-09-05 20:55,Short Exit,147.291,92017,13547754.93,-37.18,-0.04,41.52,0.05,-37.18,-0.04,1462.84,0.01
250,Entry short,2025-09-05 20:10," | F:80,45,2,1,0.87,1,0,67.79,0,0.95,31.34,0",147.231,92017,13547754.93,-37.18,-0.04,41.52,0.05,-37.18,-0.04,1462.84,0.01
251,Exit long,2025-09-08 18:15,Long Exit,147.593,147625,21792845.38,-30.03,-0.02,10.01,0.01,-30.03,-0.02,1432.81,0.01
251,Entry long,2025-09-08 18:10," | F:60,20,2,0,0.86,1,0,40.36,0,0.84,15.34,0",147.623,147625,21792845.38,-30.03,-0.02,10.01,0.01,-30.03,-0.02,1432.81,0.01
252,Exit short,2025-09-12 22:20,Short Exit,147.533,118948,17543759.47,-33.93,-0.03,25.04,0.02,-33.93,-0.03,1398.87,0.01
252,Entry short,2025-09-12 21:40," | F:70,9,2,1,0.79,0,0,30.32,0,1.12,46.25,0",147.491,118948,17543759.47,-33.93,-0.03,25.04,0.02,-33.93,-0.03,1398.87,0.01
253,Exit long,2025-09-19 17:20,Long Exit,147.806,108719,16074539.03,-35.26,-0.03,37.46,0.03,-35.26,-0.03,1363.62,0.01
253,Entry long,2025-09-19 17:00," | F:75,52,2,0,0.57,0,0,37.76,1,1.07,29.43,0",147.854,108719,16074539.03,-35.26,-0.03,37.46,0.03,-35.26,-0.03,1363.62,0.01
254,Exit long,2025-09-23 20:00,Time Stop (Bars),147.73,50254,7424777.23,-5.1,-0.01,61.89,0.12,-28.57,-0.06,1358.52,0.01
254,Entry long,2025-09-23 17:00," | F:60,46,2,0,0.76,1,0,47.89,1,1.43,21.15,0",147.745,50254,7424777.23,-5.1,-0.01,61.89,0.12,-28.57,-0.06,1358.52,0.01
255,Exit long,2025-09-25 13:20,Time Stop (Bars),148.748,75106,11168938.15,19.68,0.03,60.56,0.08,-28.26,-0.04,1378.2,0.01
255,Entry long,2025-09-25 10:20," | F:70,29,1,0,0.65,0,1,44.22,1,0.79,24.04,0",148.709,75106,11168938.15,19.68,0.03,60.56,0.08,-28.26,-0.04,1378.2,0.01
256,Exit short,2025-09-29 15:20,Short Exit,148.771,71485,10628890.2,-40.15,-0.06,0,0.00,-40.15,-0.06,1338.04,0.01
256,Entry short,2025-09-29 15:15," | F:70,10,2,1,0.75,0,0,50.17,1,1.17,24.01,0",148.687,71485,10628890.2,-40.15,-0.06,0,0.00,-40.15,-0.06,1338.04,0.01
257,Exit short,2025-09-29 19:15,Short Exit,148.614,140172,20826895.93,-30.93,-0.02,6.56,0.00,-30.93,-0.02,1307.11,0.01
257,Entry short,2025-09-29 19:05," | F:80,12,2,1,0.5,1,0,49.18,1,0.54,14.64,0",148.581,140172,20826895.93,-30.93,-0.02,6.56,0.00,-30.93,-0.02,1307.11,0.01
258,Exit short,2025-10-02 16:40,Short Exit,147.198,60783,8940996.951,-41.73,-0.07,15.7,0.03,-41.73,-0.07,1265.38,0.01
258,Entry short,2025-10-02 16:15," | F:80,70,2,1,0.6,1,1,68.07,0,1.13,42.32,0",147.097,60783,8940996.951,-41.73,-0.07,15.7,0.03,-41.73,-0.07,1265.38,0.01
259,Exit long,2025-10-03 09:35,Long Exit,147.53,91105,13446278.06,-37.74,-0.04,8.04,0.01,-37.74,-0.04,1227.64,0.01
259,Entry long,2025-10-03 09:25," | F:75,55,0,0,0.76,1,1,42.75,0,0.79,19.67,0",147.591,91105,13446278.06,-37.74,-0.04,8.04,0.01,-37.74,-0.04,1227.64,0.01
260,Exit long,2025-10-06 15:50,Long Exit,149.833,78898,11827441.38,-40.11,-0.05,18.18,0.02,-40.11,-0.05,1187.54,0.01
260,Entry long,2025-10-06 15:40," | F:70,116,2,0,0.63,0,1,28.38,1,1.03,36.53,0",149.908,78898,11827441.38,-40.11,-0.05,18.18,0.02,-40.11,-0.05,1187.54,0.01
261,Exit long,2025-10-07 20:30,Long Exit,151.465,46642,7048585.682,106.75,0.23,106.75,0.23,-21.1,-0.04,1294.28,0.01
261,Entry long,2025-10-07 18:20," | F:75,13,2,0,0.99,0,1,60.12,1,1.02,31,0",151.121,46642,7048585.682,106.75,0.23,106.75,0.23,-21.1,-0.04,1294.28,0.01
262,Exit long,2025-10-08 12:00,Long Exit,152.882,36470,5559632.68,105.12,0.29,105.12,0.29,-27.6,-0.08,1399.41,0.01
262,Entry long,2025-10-08 09:05," | F:65,63,0,0,1.74,0,1,55.57,1,2.44,15.56,0",152.444,36470,5559632.68,105.12,0.29,105.12,0.29,-27.6,-0.08,1399.41,0.01
263,Exit long,2025-10-14 07:10,Long Exit,151.992,105585,16053565.74,-36.06,-0.03,2.08,0.00,-36.06,-0.03,1363.35,0.01
263,Entry long,2025-10-14 07:05," | F:70,254,0,0,1.57,0,0,25.18,1,1.73,46.21,0",152.044,105585,16053565.74,-36.06,-0.03,2.08,0.00,-36.06,-0.03,1363.35,0.01
264,Exit short,2025-10-15 16:00,Short Exit,151.684,97197,14737592.32,-37.15,-0.04,67.89,0.07,-37.15,-0.04,1326.21,0.01
264,Entry short,2025-10-15 15:20," | F:70,143,2,1,1.02,0,1,71.23,1,1.94,31,0",151.626,97197,14737592.32,-37.15,-0.04,67.89,0.07,-37.15,-0.04,1326.21,0.01
265,Exit long,2025-10-16 19:00,Long Exit,150.72,101873,15359799.7,-36.4,-0.04,26.29,0.03,-36.4,-0.04,1289.81,0.01
265,Entry long,2025-10-16 18:45," | F:55,156,2,0,0.12,1,0,36.56,0,0.97,32.1,0",150.774,101873,15359799.7,-36.4,-0.04,26.29,0.03,-36.4,-0.04,1289.81,0.01
266,Exit long,2025-10-22 09:45,Long Exit,151.702,83391,12656502.24,-38.96,-0.05,12.62,0.02,-38.96,-0.05,1250.85,0.01
266,Entry long,2025-10-22 09:35," | F:75,34,0,0,0.3,1,1,45.58,1,1.9,22.54,0",151.773,83391,12656502.24,-38.96,-0.05,12.62,0.02,-38.96,-0.05,1250.85,0.01
267,Exit long,2025-10-29 11:05,Long Exit,152.379,60359,9181026.413,107.9,0.18,107.9,0.18,-36.1,-0.06,1358.74,0.01
267,Entry long,2025-10-29 09:30," | F:70,39,1,0,0.76,0,1,41.48,1,1.13,29.43,0",152.107,60359,9181026.413,107.9,0.18,107.9,0.18,-36.1,-0.06,1358.74,0.01
268,Exit short,2025-10-29 18:55,Short Exit,152.164,87411,13294950.87,-38.49,-0.04,42.51,0.05,-38.49,-0.04,1320.25,0.01
268,Entry short,2025-10-29 18:10," | F:75,19,2,1,0.59,0,0,55.2,0,1.03,21.15,0",152.097,87411,13294950.87,-38.49,-0.04,42.51,0.05,-38.49,-0.04,1320.25,0.01
269,Exit short,2025-10-31 10:15,Short Exit,154.392,67672,10441654.26,-41.26,-0.06,55.31,0.08,-41.26,-0.06,1278.99,0.01
269,Entry short,2025-10-31 09:10," | F:60,217,1,1,1.06,1,1,69.24,1,1.14,36.03,0",154.298,67672,10441654.26,-41.26,-0.06,55.31,0.08,-41.26,-0.06,1278.99,0.01
270,Exit short,2025-10-31 17:20,Time Stop (Bars),153.942,56253,8670499.902,70.06,0.12,88.67,0.16,-35.76,-0.06,1349.05,0.01
270,Entry short,2025-10-31 14:20," | F:55,36,2,1,0.82,0,1,48.23,1,1.5,18.82,0",154.134,56253,8670499.902,70.06,0.12,88.67,0.16,-35.76,-0.06,1349.05,0.01
271,Exit long,2025-11-10 15:35,Long Exit,154.039,120376,18547895.21,-34.51,-0.03,62.75,0.05,-34.51,-0.03,1314.54,0.01
271,Entry long,2025-11-10 14:35," | F:75,48,2,0,1.33,0,1,39.51,1,0.94,20.36,0",154.083,120376,18547895.21,-34.51,-0.03,62.75,0.05,-34.51,-0.03,1314.54,0.01
272,Exit long,2025-11-10 23:30,Long Exit,154.11,197397,30393808.28,176.21,0.09,176.21,0.09,-14.15,-0.01,1490.75,0.01
272,Entry long,2025-11-10 21:10," | F:70,11,2,0,0.9,0,1,46.49,1,0.65,11.26,0",153.973,197397,30393808.28,176.21,0.09,176.21,0.09,-14.15,-0.01,1490.75,0.01
273,Exit long,2025-11-18 14:10,Long Exit,155.303,131643,20449686.91,-33.06,-0.03,12.71,0.01,-33.06,-0.03,1457.7,0.01
273,Entry long,2025-11-18 14:05," | F:75,18,2,0,0.82,0,1,49.95,1,1.49,29.84,0",155.342,131643,20449686.91,-33.06,-0.03,12.71,0.01,-33.06,-0.03,1457.7,0.01
274,Exit short,2025-12-01 19:50,Short Exit,155.367,103539,16080849.17,-36.46,-0.04,18.56,0.02,-36.46,-0.04,1421.23,0.01
274,Entry short,2025-12-01 19:25," | F:80,95,2,1,0.61,1,0,62.87,0,0.7,26.1,0",155.312,103539,16080849.17,-36.46,-0.04,18.56,0.02,-36.46,-0.04,1421.23,0.01
275,Exit long,2025-12-02 18:10,Long Exit,155.82,80358,12527571.13,-39.79,-0.05,31.52,0.04,-39.79,-0.05,1381.45,0.01
275,Entry long,2025-12-02 17:35," | F:75,90,2,0,0.62,0,1,38.87,0,1.15,17.8,0",155.897,80358,12527571.13,-39.79,-0.05,31.52,0.04,-39.79,-0.05,1381.45,0.01
276,Exit short,2025-12-03 15:25,Short Exit,155.449,121409,18867565.64,-34.26,-0.03,149.49,0.12,-34.26,-0.03,1347.19,0.01
276,Entry short,2025-12-03 15:00," | F:75,15,2,1,0.35,1,0,42.96,0,1.37,35.43,0",155.405,121409,18867565.64,-34.26,-0.03,149.49,0.12,-34.26,-0.03,1347.19,0.01
277,Exit short,2025-12-03 20:05,Time Stop (Bars),155.113,30464,4733008.896,49.04,0.16,68.96,0.23,-20.9,-0.07,1396.23,0.01
277,Entry short,2025-12-03 17:05," | F:80,59,2,1,0.4,1,0,46.93,0,1.3,16.84,0",155.364,30464,4733008.896,49.04,0.16,68.96,0.23,-20.9,-0.07,1396.23,0.01
278,Exit long,2025-12-05 14:15,Long Exit,155.083,158277,24550662.02,-29.58,-0.02,19.38,0.01,-29.58,-0.02,1366.64,0.01
278,Entry long,2025-12-05 14:05," | F:75,17,2,0,0.89,0,1,53.95,0,1.18,41.77,0",155.112,158277,24550662.02,-29.58,-0.02,19.38,0.01,-29.58,-0.02,1366.64,0.01
279,Exit long,2025-12-10 15:45,Long Exit,156.581,156612,24527161.93,-29.94,-0.02,28.94,0.02,-29.94,-0.02,1336.71,0.01
279,Entry long,2025-12-10 15:35," | F:55,118,2,0,0.18,1,0,35.48,1,1.27,20.39,0",156.611,156612,24527161.93,-29.94,-0.02,28.94,0.02,-29.94,-0.02,1336.71,0.01
280,Exit short,2025-12-12 17:05,Short Exit,155.842,105436,16452971.49,138.89,0.13,138.89,0.13,-33.2,-0.03,1475.6,0.01
280,Entry short,2025-12-12 16:00," | F:55,15,2,1,1.05,1,1,60.36,1,1.35,17.74,0",156.047,105436,16452971.49,138.89,0.13,138.89,0.13,-33.2,-0.03,1475.6,0.01
281,Exit short,2025-12-16 14:55,Short Exit,154.603,122867,19021286,165.37,0.14,165.37,0.14,-18.99,-0.02,1640.97,0.02
281,Entry short,2025-12-16 14:05," | F:75,6,2,1,0.12,1,0,39.2,0,0.82,17.25,0",154.812,122867,19021286,165.37,0.14,165.37,0.14,-18.99,-0.02,1640.97,0.02
282,Exit short,2025-12-16 15:40,Short Exit,154.796,57716,8927626.312,-42.37,-0.07,16.35,0.03,-42.37,-0.07,1598.6,0.02
282,Entry short,2025-12-16 15:35," | F:65,15,2,1,0.24,0,0,42.82,0,2.18,39.17,0",154.682,57716,8927626.312,-42.37,-0.07,16.35,0.03,-42.37,-0.07,1598.6,0.02
283,Exit long,2025-12-18 13:30,Time Stop (Bars),155.83,165772,25831587.67,4.26,0.00,158.6,0.10,-24.48,-0.01,1602.86,0.02
283,Entry long,2025-12-18 10:30," | F:70,30,1,0,0.87,0,1,45.13,1,1.08,16.11,0",155.826,165772,25831587.67,4.26,0.00,158.6,0.10,-24.48,-0.01,1602.86,0.02
284,Exit short,2025-12-22 19:40,Short Exit,156.71,81755,12833082.35,134.72,0.17,134.72,0.17,-13.99,-0.02,1737.58,0.02
284,Entry short,2025-12-22 18:05," | F:80,9,2,1,0.67,1,0,42.22,1,0.7,43.03,0",156.97,81755,12833082.35,134.72,0.17,134.72,0.17,-13.99,-0.02,1737.58,0.02
285,Exit short,2025-12-26 14:10,Short Exit,156.454,244436,38240056.71,-18.83,-0.01,9.42,0.00,-18.83,-0.01,1718.75,0.02
285,Entry short,2025-12-26 14:05," | F:60,26,2,1,0.68,1,1,58.96,1,1.07,16.53,0",156.442,244436,38240056.71,-18.83,-0.01,9.42,0.00,-18.83,-0.01,1718.75,0.02
286,Exit long,2025-12-29 14:40,Time Stop (Bars),156.389,72311,11294472.02,90.49,0.13,108.04,0.15,-1.85,0.00,1809.24,0.02
286,Entry long,2025-12-29 11:40," | F:60,22,1,0,0.73,1,0,45.25,1,1.09,18.39,0",156.193,72311,11294472.02,90.49,0.13,108.04,0.15,-1.85,0.00,1809.24,0.02
287,Exit long,2025-12-29 15:45,Long Exit,156.252,104205,16287970.93,-36.59,-0.04,39.92,0.04,-36.59,-0.04,1772.65,0.02
287,Entry long,2025-12-29 15:05," | F:80,28,2,0,0.44,1,0,47.66,1,1.31,13.77,0",156.307,104205,16287970.93,-36.59,-0.04,39.92,0.04,-36.59,-0.04,1772.65,0.02
288,Exit long,2026-01-05 12:20,Long Exit,156.779,104557,16398092.54,-36.65,-0.04,110.63,0.11,-36.65,-0.04,1735.99,0.02
288,Entry long,2026-01-05 11:00," | F:55,7,1,0,1.2,0,0,37.85,1,1.03,40.59,0",156.834,104557,16398092.54,-36.65,-0.04,110.63,0.11,-36.65,-0.04,1735.99,0.02
289,Exit long,2026-01-07 15:15,Long Exit,156.475,163023,25513588.57,-29.13,-0.02,88.42,0.05,-29.13,-0.02,1706.86,0.02
289,Entry long,2026-01-07 14:05," | F:75,15,2,0,0.43,0,0,46.4,1,1.07,19.33,0",156.503,163023,25513588.57,-29.13,-0.02,88.42,0.05,-29.13,-0.02,1706.86,0.02
290,Exit long,2026-01-09 15:10,Long Exit,157.582,115904,18269947.52,-35.46,-0.03,0,0.00,-35.46,-0.03,1671.41,0.02
290,Entry long,2026-01-09 15:05," | F:70,12,2,0,0.76,0,1,48.71,1,1.14,25.13,0",157.63,115904,18269947.52,-35.46,-0.03,0,0.00,-35.46,-0.03,1671.41,0.02
291,Exit long,2026-01-14 10:30,Long Exit,159.014,64680,10291687.56,-41.86,-0.06,31.29,0.05,-41.86,-0.06,1629.55,0.02
291,Entry long,2026-01-14 10:05," | F:75,169,1,0,0.45,1,0,41.49,1,1.74,25.41,0",159.117,64680,10291687.56,-41.86,-0.06,31.29,0.05,-41.86,-0.06,1629.55,0.02