Date,Closed At,Duration,Symbol,Side,Status,Account,Zone Type,Zone Grade,Entry Model,Session,Mode,Entry,Stop Loss,Take Profit,Exit Price,Size (lots),Exit Type,SL Pips,R:R,AI Score,PnL ($),PnL (%),Notes
2026-05-05 03:05:03,,,XAUUSD,BUY,TRADING_PERMISSION_REJECTED,ACG-DEMO-3,demand,,FLIP,Asia,LIVE,4522.9,4517.18,4614.42,,,,,,55,,,"TradingView sl_hit alert received at 4519.48, but LIVE broker SL/TP is authoritative; no market close sent."
2026-05-05 03:05:00,,,XAUUSD,BUY,TRADING_PERMISSION_REJECTED,FTMO - 50K - TRAIL-1,demand,,FLIP,Asia,LIVE,4522.9,4517.18,4614.42,,,,,,55,,,"TradingView sl_hit alert received at 4519.48, but LIVE broker SL/TP is authoritative; no market close sent."
2026-05-05 00:10:03,,,GBPUSD,BUY,TRADING_PERMISSION_REJECTED,ACG-DEMO-3,demand,,BREAK_CANDLE,Off,LIVE,1.35316,1.35193,1.36546,,,,,,75,,,"TradingView sl_hit alert received at 1.35252, but LIVE broker SL/TP is authoritative; no market close sent."
2026-05-05 00:10:00,,,GBPUSD,BUY,TRADING_PERMISSION_REJECTED,FTMO - 50K - TRAIL-1,demand,,BREAK_CANDLE,Off,LIVE,1.35316,1.35193,1.36546,,,,,,75,,,"TradingView sl_hit alert received at 1.35252, but LIVE broker SL/TP is authoritative; no market close sent."
2026-05-04 18:30:12,,,GBPUSD,BUY,EXECUTION_FAILED,,demand,B+,FLIP,NY,LIVE,1.35394,1.35288,1.36454,,,,10.6,10,75,,,"TradingView sl_hit alert received at 1.35353, but LIVE broker SL/TP is authoritative; no market close sent."
2026-05-04 18:30:03,,,GBPUSD,BUY,RISK_REJECTED,ACG-DEMO-3,demand,,FLIP,NY,LIVE,1.35394,1.35288,1.36454,,,,,,75,,,"TradingView sl_hit alert received at 1.35353, but LIVE broker SL/TP is authoritative; no market close sent."
2026-05-04 13:20:11,,,GBPNZD,SELL,EXECUTION_FAILED,,supply,A+,FLIP,LDN,LIVE,2.30218,2.30297,2.3002,,,,7.9,2.5,95,,,"TradingView tp_hit alert received at 2.30083, but LIVE broker SL/TP is authoritative; no market close sent."
2026-05-04 13:20:02,2026-05-04 13:27:27,7m,GBPNZD,SELL,CLOSED,ACG-DEMO-3,supply,A+,FLIP,LDN,LIVE,2.30218,2.30297,2.3002,,,,7.9,2.5,95,350.40999999999997,,"TradingView tp_hit alert received at 2.30083, but LIVE broker SL/TP is authoritative; no market close sent."
2026-05-04 10:55:14,,,GBPNZD,BUY,EXECUTION_FAILED,,demand,A+,BREAK_CANDLE,LDN,LIVE,2.30005,2.29893,2.30285,,,,11.2,2.5,100,,,Execution exception: invalid literal for int() with base 10: 'None'
2026-05-04 10:55:02,2026-05-04 11:20:04,25m,GBPNZD,BUY,CLOSED,ACG-DEMO-3,demand,A+,BREAK_CANDLE,LDN,LIVE,2.30005,2.29893,2.30285,2.29882,,sl_hit,11.2,2.5,100,-188.57000000000002,,"Received by API, awaiting worker"
2026-05-04 10:50:13,,,USDJPY,BUY,EXECUTION_FAILED,,demand,A+,FLIP,LDN,LIVE,156.886,156.786,157.136,,,,10,2.5,95,,,"TradingView tp_hit alert received at 157.124, but LIVE broker SL/TP is authoritative; no market close sent."
2026-05-04 10:50:02,2026-05-04 13:07:01,2h 16m,USDJPY,BUY,CLOSED,ACG-DEMO-3,demand,A+,FLIP,LDN,LIVE,156.886,156.786,157.136,,,,10,2.5,95,429.74,,"TradingView tp_hit alert received at 157.124, but LIVE broker SL/TP is authoritative; no market close sent."
2026-05-04 08:25:12,,,XAUUSD,SELL,EXECUTION_FAILED,,supply,A,DIR_CLOSE,Asia,LIVE,4604.85,4613.37,4468.53,,,,852,16,80,,,Execution exception: invalid literal for int() with base 10: 'None'
2026-05-04 08:25:03,2026-05-04 16:20:04,7h 55m,XAUUSD,SELL,CLOSED,ACG-DEMO-3,supply,A,DIR_CLOSE,Asia,LIVE,4604.85,4613.37,4468.53,4564.73,,time_stop,852,16,80,420.64,,"Corrected realized XAUUSD PnL: gross 420.64, charges -0.80"
2026-05-04 01:45:16,,,GBPNZD,BUY,EXECUTION_FAILED,,demand,B+,FLIP,Off,LIVE,2.30075,2.29984,2.30303,,,,9.1,2.5,75,,,Execution exception: invalid literal for int() with base 10: 'None'
2026-05-04 01:45:01,2026-05-04 02:50:02,1h 5m,GBPNZD,BUY,CLOSED,ACG-DEMO-3,demand,B+,FLIP,Off,LIVE,2.30075,2.29984,2.30303,2.29957,,sl_hit,9.1,2.5,75,-134.21,,"Received by API, awaiting worker"
2026-05-01 17:10:20,,,USDJPY,BUY,EXECUTION_FAILED,,demand,B+,DIR_CLOSE,NY,LIVE,156.441,156.31,156.768,,,,13.1,2.5,70,,,Execution exception: invalid literal for int() with base 10: 'None'
2026-05-01 17:10:03,2026-05-01 18:55:06,1h 45m,USDJPY,BUY,CLOSED,ACG-DEMO-3,demand,B+,DIR_CLOSE,NY,LIVE,156.441,156.31,156.768,156.707,,tp_hit,13.1,2.5,70,149.84,,"Received by API, awaiting worker"
2026-05-01 09:35:01,,,GBPUSD,SELL,RECEIVED,default,,,,,LIVE,1.35898,1.35966,1.35218,,,,,,,,,"Received by API, awaiting worker"
2026-05-01 09:05:21,,,GBPNZD,SELL,EXECUTION_FAILED,,supply,A,FLIP,Asia,LIVE,2.30626,2.30698,2.30446,,,,7.2,2.5,80,,,Exit received from TradingView (close=2.30697) but entry was execution_failed — PnL not recorded.
2026-05-01 09:05:02,,,GBPNZD,SELL,EXECUTION_FAILED,default,supply,A,FLIP,Asia,LIVE,2.30626,2.30698,2.30446,,,,7.2,2.5,80,,,Auto-expired by watchdog: no broker fill after 60min
2026-05-01 08:20:12,,,GBPNZD,BUY,EXECUTION_FAILED,,demand,A+,FLIP,Asia,LIVE,2.30654,2.30596,2.30799,,,,5.8,2.5,100,,,Execution exception: invalid literal for int() with base 10: 'None'
2026-05-01 08:20:01,2026-05-01 08:35:04,15m,GBPNZD,BUY,CLOSED,ACG-DEMO-3,demand,A+,FLIP,Asia,LIVE,2.30654,2.30596,2.30799,2.30585,,sl_hit,5.8,2.5,100,-81.08000000000001,,"Received by API, awaiting worker"
2026-05-01 04:05:16,,,GBPUSD,SELL,EXECUTION_FAILED,,supply,B,FLIP,Asia,LIVE,1.36004,1.36093,1.35114,,,,8.9,10,60,,,Execution exception: invalid literal for int() with base 10: 'None'
2026-05-01 04:05:04,2026-05-01 06:25:04,2h 19m,GBPUSD,SELL,CLOSED,ACG-DEMO-3,supply,B,FLIP,Asia,LIVE,1.36004,1.36093,1.35114,1.36118,,sl_hit,8.9,10,60,-267.15,,"Received by API, awaiting worker"
2026-04-30 16:15:26,,,USDJPY,BUY,EXECUTION_FAILED,,demand,B+,FLIP,NY,LIVE,156.67,156.178,157.9,,,,49.2,2.5,75,,,Execution exception: invalid literal for int() with base 10: 'None'
2026-04-30 16:15:03,2026-04-30 20:35:05,4h 20m,USDJPY,BUY,CLOSED,ACG-DEMO-3,demand,B+,FLIP,NY,LIVE,156.67,156.178,157.9,156.491,,time_stop,49.2,2.5,75,-25.5,,"Received by API, awaiting worker"
2026-04-30 15:25:13,,,GBPUSD,BUY,EXECUTION_FAILED,,demand,A+,BREAK_CANDLE,NY,LIVE,1.35071,1.34956,1.36221,,,,11.5,10,100,,,Execution exception: invalid literal for int() with base 10: 'None'
2026-04-30 15:25:02,2026-04-30 18:00:10,2h 35m,GBPUSD,BUY,CLOSED,ACG-DEMO-3,demand,A+,BREAK_CANDLE,NY,LIVE,1.35071,1.34956,1.36221,1.35827,,time_stop,11.5,10,100,376.56,,"Received by API, awaiting worker"
2026-04-30 14:05:13,,,GBPNZD,SELL,EXECUTION_FAILED,,supply,A+,FLIP,LDN,LIVE,2.30528,2.3073,2.30023,,,,20.2,2.5,100,,,Execution exception: invalid literal for int() with base 10: 'None'
2026-04-30 14:05:03,2026-04-30 17:05:04,3h 0m,GBPNZD,SELL,CLOSED,ACG-DEMO-3,supply,A+,FLIP,LDN,LIVE,2.30528,2.3073,2.30023,2.29951,,tp_hit,20.2,2.5,100,166.3,,"Received by API, awaiting worker"
2026-04-30 09:40:14,,,GBPUSD,SELL,EXECUTION_FAILED,,supply,B+,BREAK_CANDLE,Asia,LIVE,1.34742,1.34811,1.34052,,,,6.9,10,75,,,Execution exception: invalid literal for int() with base 10: 'None'
2026-04-30 09:40:02,2026-04-30 10:05:05,25m,GBPUSD,SELL,CLOSED,ACG-DEMO-3,supply,B+,BREAK_CANDLE,Asia,LIVE,1.34742,1.34811,1.34052,1.348,,sl_hit,6.9,10,75,-74.1,,"Received by API, awaiting worker"
2026-04-30 08:30:12,,,XAUUSD,SELL,EXECUTION_FAILED,,supply,A,FLIP,Asia,LIVE,4555.71,4559.23,4499.39,,,,352,16,80,,,Execution exception: invalid literal for int() with base 10: 'None'
2026-04-30 08:30:02,2026-04-30 08:31:45,1m,XAUUSD,SELL,CLOSED,ACG-DEMO-3,supply,A,FLIP,Asia,LIVE,4555.71,4559.23,4499.39,4559.27,,sl_hit,352,16,80,-77.36,,"Received by API, awaiting worker"
2026-04-30 05:00:12,,,GBPUSD,SELL,EXECUTION_FAILED,,supply,A+,FLIP,Asia,LIVE,1.34818,1.34896,1.34038,,,,7.8,10,90,,,Execution exception: invalid literal for int() with base 10: 'None'
2026-04-30 05:00:02,,,GBPUSD,SELL,RISK_REJECTED,ACG-DEMO-3,supply,,FLIP,Asia,LIVE,1.34818,1.34896,1.34038,,,,,,90,,,SignalGuard (ACG-DEMO-3): Circuit breaker: 3 consecutive losses ($895 total) — paused 3.5h remaining at rejection (until 2026-04-30 05:30 UTC; 4.0h cooldown from last close)
2026-04-30 03:55:12,,,XAUUSD,SELL,EXECUTION_FAILED,,supply,B+,DIR_CLOSE,Asia,LIVE,4573.27,4574.28,4557.11,,,,101,16,75,,,Execution exception: invalid literal for int() with base 10: 'None'
2026-04-30 03:55:03,2026-04-30 04:27:51,32m,XAUUSD,SELL,CLOSED,ACG-DEMO-3,supply,B+,DIR_CLOSE,Asia,LIVE,4573.27,4574.28,4557.11,4574.4,,sl_hit,101,16,75,-120.64,,"Received by API, awaiting worker"
2026-04-29 19:15:12,,,USDJPY,BUY,EXECUTION_FAILED,,demand,A+,BREAK_CANDLE,NY,LIVE,160.248,160.14,160.518,,,,10.8,2.5,100,,,Exit received from TradingView (close=160.434) but entry was execution_failed — PnL not recorded.
2026-04-29 19:15:03,,,USDJPY,BUY,RISK_REJECTED,ACG-DEMO-3,demand,,BREAK_CANDLE,NY,LIVE,160.248,160.14,160.518,,,,,,100,,,Exit received from TradingView (close=160.434) but entry was execution_failed — PnL not recorded.
2026-04-29 15:45:11,,,GBPUSD,BUY,EXECUTION_FAILED,,demand,B,FLIP,NY,LIVE,1.35051,1.34975,1.35811,,,,7.6,10,60,,,Execution exception: invalid literal for int() with base 10: 'None'
2026-04-29 15:45:02,,,GBPUSD,BUY,RISK_REJECTED,ACG-DEMO-3,demand,,FLIP,NY,LIVE,1.35051,1.34975,1.35811,,,,,,60,,,SignalGuard (ACG-DEMO-3): Circuit breaker: 3 consecutive losses ($615 total) — paused 3.8h remaining at rejection (until 2026-04-29 16:32 UTC; 4.0h cooldown from last close)
2026-04-29 14:05:09,,,XAUUSD,SELL,EXECUTION_FAILED,,supply,B+,FLIP,LDN,LIVE,4568.17,4574.71,4463.53,,,,654,16,75,,,Execution exception: invalid literal for int() with base 10: 'None'
2026-04-29 14:05:01,,,XAUUSD,SELL,RISK_REJECTED,ACG-DEMO-3,supply,,FLIP,LDN,LIVE,4568.17,4574.71,4463.53,,,,,,75,,,SignalGuard (ACG-DEMO-3): Circuit breaker: 3 consecutive losses ($615 total) — paused 0.4h remaining at rejection (until 2026-04-29 11:31 UTC; 4.0h cooldown from last close)
2026-04-29 10:10:11,,,GBPNZD,SELL,EXECUTION_FAILED,,supply,B+,DIR_CLOSE,LDN,LIVE,2.30244,2.30342,2.29999,,,,9.8,2.5,70,,,Execution exception: invalid literal for int() with base 10: 'None'
2026-04-29 10:10:02,,,GBPNZD,SELL,RISK_REJECTED,ACG-DEMO-3,supply,,DIR_CLOSE,LDN,LIVE,2.30244,2.30342,2.29999,,,,,,70,,,SignalGuard (ACG-DEMO-3): Circuit breaker: 3 consecutive losses ($615 total) — paused 3.3h remaining at rejection (until 2026-04-29 10:26 UTC; 4.0h cooldown from last close)
2026-04-29 09:45:13,,,GBPUSD,SELL,EXECUTION_FAILED,,supply,A+,FLIP,Asia,LIVE,1.35001,1.35075,1.34261,,,,7.4,10,95,,,Execution exception: invalid literal for int() with base 10: 'None'
2026-04-29 09:45:04,,,GBPUSD,SELL,RISK_REJECTED,ACG-DEMO-3,supply,,FLIP,Asia,LIVE,1.35001,1.35075,1.34261,,,,,,95,,,SignalGuard (ACG-DEMO-3): Circuit breaker: 3 consecutive losses ($615 total) — paused 3.7h remaining at rejection (until 2026-04-29 10:26 UTC; 4.0h cooldown from last close)
2026-04-29 07:45:13,,,XAUUSD,SELL,EXECUTION_FAILED,,supply,A+,FLIP,Asia,LIVE,4602.22,4605.8,4544.94,,,,358,16,90,,,Execution exception: invalid literal for int() with base 10: 'None'
2026-04-29 07:45:04,,,XAUUSD,SELL,RISK_REJECTED,ACG-DEMO-3,supply,,FLIP,Asia,LIVE,4602.22,4605.8,4544.94,,,,,,90,,,SignalGuard (ACG-DEMO-3): Circuit breaker: 3 consecutive losses ($615 total) — paused 3.6h remaining at rejection (until 2026-04-29 08:19 UTC; 4.0h cooldown from last close)
2026-04-29 05:25:11,,,XAUUSD,SELL,EXECUTION_FAILED,,supply,A,BREAK_CANDLE,Asia,LIVE,4598.63,4604.43,4505.83,,,,580,16,80,,,Exit received from TradingView (close=4603.17) but entry was execution_failed — PnL not recorded.
2026-04-29 05:25:01,,,XAUUSD,SELL,RISK_REJECTED,ACG-DEMO-3,supply,,BREAK_CANDLE,Asia,LIVE,4598.63,4604.43,4505.83,,,,,,80,,,Exit received from TradingView (close=4603.17) but entry was execution_failed — PnL not recorded.
2026-04-29 00:05:02,,,GBPUSD,BUY,STALENESS_REJECTED,ACG-DEMO-3,demand,,FLIP,Off,LIVE,1.35034,1.34962,1.35754,,,,,,70,,,Exit received from TradingView (close=1.34988) but entry was staleness_rejected — PnL not recorded.
2026-04-29 00:05:00,,,GBPUSD,BUY,STALENESS_REJECTED,FTMO - 50K - TRAIL-1,demand,,FLIP,Off,LIVE,1.35034,1.34962,1.35754,,,,,,70,,,Exit received from TradingView (close=1.34988) but entry was staleness_rejected — PnL not recorded.
2026-04-28 11:25:11,,,GBPUSD,SELL,EXECUTION_FAILED,,supply,A+,DIR_CLOSE,LDN,LIVE,1.35092,1.35174,1.34272,,,,8.2,10,95,,,Execution exception: invalid literal for int() with base 10: 'None'
2026-04-28 11:25:02,,,GBPUSD,SELL,RISK_REJECTED,ACG-DEMO-3,supply,,DIR_CLOSE,LDN,LIVE,1.35092,1.35174,1.34272,,,,,,95,,,SignalGuard (ACG-DEMO-3): Circuit breaker: 3 consecutive losses ($615 total) — paused 2.6h remaining at rejection (until 2026-04-28 10:59 UTC; 4.0h cooldown from last close)
2026-04-28 09:45:11,,,USDJPY,BUY,EXECUTION_FAILED,,demand,B,FLIP,Asia,LIVE,159.213,159,159.745,,,,21.3,2.5,65,,,Execution exception: invalid literal for int() with base 10: 'None'
2026-04-28 09:45:02,,,USDJPY,BUY,RISK_REJECTED,ACG-DEMO-3,demand,,FLIP,Asia,LIVE,159.213,159,159.745,,,,,,65,,,SignalGuard (ACG-DEMO-3): Circuit breaker: 3 consecutive losses ($615 total) — paused 3.6h remaining at rejection (until 2026-04-28 10:22 UTC; 4.0h cooldown from last close)
2026-04-27 16:05:01,,,GBPUSD,BUY,STALENESS_REJECTED,ACG-DEMO-3,demand,,FLIP,NY,LIVE,1.35562,1.35343,1.37752,,,,,,95,,,Exit received from TradingView (close=1.35506) but entry was staleness_rejected — PnL not recorded.
2026-04-27 16:05:00,,,GBPUSD,BUY,STALENESS_REJECTED,FTMO - 50K - TRAIL-1,demand,,FLIP,NY,LIVE,1.35562,1.35343,1.37752,,,,,,95,,,Exit received from TradingView (close=1.35506) but entry was staleness_rejected — PnL not recorded.
2026-04-27 14:10:11,,,GBPNZD,BUY,EXECUTION_FAILED,,demand,B+,DIR_CLOSE,LDN,LIVE,2.29329,2.29239,2.29554,,,,9,2.5,70,,,Execution exception: invalid literal for int() with base 10: 'None'
2026-04-27 14:10:02,,,GBPNZD,BUY,RISK_REJECTED,ACG-DEMO-3,demand,,DIR_CLOSE,LDN,LIVE,2.29329,2.29239,2.29554,,,,,,70,,,SignalGuard (ACG-DEMO-3): Circuit breaker: 3 consecutive losses ($615 total) — paused 3.0h remaining at rejection (until 2026-04-27 14:11 UTC; 4.0h cooldown from last close)
2026-04-27 10:10:14,,,GBPNZD,BUY,EXECUTION_FAILED,,demand,B,BREAK_CANDLE,LDN,LIVE,2.299,2.29813,2.30118,,,,8.7,2.5,65,,,Execution exception: invalid literal for int() with base 10: 'None'
2026-04-27 10:10:05,,,GBPNZD,BUY,RISK_REJECTED,ACG-DEMO-3,demand,,BREAK_CANDLE,LDN,LIVE,2.299,2.29813,2.30118,,,,,,65,,,SignalGuard (ACG-DEMO-3): Circuit breaker: 3 consecutive losses ($781 total) — paused 2.9h remaining (resets after 4.0h)
2026-04-27 10:10:00,,,GBPNZD,BUY,FILTERED,ACG-DEMO-2,demand,,BREAK_CANDLE,LDN,LIVE,2.299,2.29813,2.30118,,,,,,65,,,Monthly loss limit: $-4145.60 loss this month (limit $-4000.00 = 8% of $50000)
2026-04-27 09:30:12,,,GBPNZD,BUY,EXECUTION_FAILED,,demand,A,FLIP,Asia,LIVE,2.2996,2.29884,2.3015,,,,7.6,2.5,85,,,Exit received from TradingView (close=2.29869) but entry was execution_failed — PnL not recorded.
2026-04-27 09:30:01,,,GBPNZD,BUY,RISK_REJECTED,ACG-DEMO-3,demand,,FLIP,Asia,LIVE,2.2996,2.29884,2.3015,,,,,,85,,,Exit received from TradingView (close=2.29869) but entry was execution_failed — PnL not recorded.
2026-04-27 09:30:00,,,GBPNZD,BUY,FILTERED,ACG-DEMO-2,demand,,FLIP,Asia,LIVE,2.2996,2.29884,2.3015,,,,,,85,,,Exit received from TradingView (close=2.29869) but entry was execution_failed — PnL not recorded.
2026-04-27 08:45:13,,,GBPUSD,BUY,EXECUTION_FAILED,,demand,A+,FLIP,Asia,LIVE,1.35362,1.35305,1.35932,,,,5.7,10,100,,,Execution exception: invalid literal for int() with base 10: 'None'
2026-04-27 08:45:02,2026-04-27 09:05:00,19m,GBPUSD,BUY,CLOSED,ACG-DEMO-3,demand,A+,FLIP,Asia,LIVE,1.35362,1.35305,1.35932,1.35302,,sl_hit,5.7,10,100,-122.61,,"Received by API, awaiting worker"
2026-04-27 08:45:00,,,GBPUSD,BUY,FILTERED,ACG-DEMO-2,demand,,FLIP,Asia,LIVE,1.35362,1.35305,1.35932,,,,,,100,,,Monthly loss limit: $-4145.60 loss this month (limit $-4000.00 = 8% of $50000)
2026-04-24 17:25:00,2026-04-24 18:55:00,1h 29m,GBPUSD,SELL,CLOSED,ACG-DEMO-3,supply,A,DIR_CLOSE,NY,LIVE,1.35062,1.35176,1.33922,1.35172,,sl_hit,11.4,10,80,-125.27999999999999,,"Received by API, awaiting worker"
2026-04-24 17:25:00,,,GBPUSD,SELL,FILTERED,ACG-DEMO-2,supply,,DIR_CLOSE,NY,LIVE,1.35062,1.35176,1.33922,,,,,,80,,,Monthly loss limit: $-4145.60 loss this month (limit $-4000.00 = 8% of $50000)
2026-04-24 12:40:12,,,GBPNZD,SELL,EXECUTION_FAILED,,supply,B+,DIR_CLOSE,LDN,LIVE,2.30131,2.30222,2.29904,,,,9.1,2.5,70,,,Execution exception: invalid literal for int() with base 10: 'None'
2026-04-24 12:40:02,2026-04-24 17:24:16,4h 44m,GBPNZD,SELL,CLOSED,ACG-DEMO-3,supply,B+,DIR_CLOSE,LDN,LIVE,2.30131,2.30222,2.29904,,,,9.1,2.5,70,-345.45,,"Received by API, awaiting worker"
2026-04-24 11:40:16,,,XAUUSD,BUY,EXECUTION_FAILED,,demand,B+,DIR_CLOSE,LDN,LIVE,4688.3,4684.91,4742.54,,,,339,16,70,,,Execution exception: invalid literal for int() with base 10: 'None'
2026-04-24 11:40:00,2026-04-24 12:25:15,45m,XAUUSD,BUY,CLOSED,ACG-DEMO-3,demand,B+,DIR_CLOSE,LDN,LIVE,4688.3,4684.91,4742.54,,,,339,16,70,-186.03,,"Received by API, awaiting worker"
2026-04-24 11:40:00,,,XAUUSD,BUY,FILTERED,ACG-DEMO-2,demand,,DIR_CLOSE,LDN,LIVE,4688.3,4684.91,4742.54,,,,,,70,,,Monthly loss limit: $-4145.02 loss this month (limit $-4000.00 = 8% of $50000)
2026-04-24 11:25:02,,,GBPNZD,BUY,SYMBOL_BLACKLISTED,,demand,,DIR_CLOSE,LDN,LIVE,2.30085,2.29997,2.30305,,,,,,80,,,Symbol GBPNZD not in profitable whitelist (see PROFITABLE_SYMBOLS in worker.py)
2026-04-24 09:35:29,,,GBPUSD,BUY,EXECUTION_FAILED,,demand,B+,FLIP,Asia,LIVE,1.34657,1.3457,1.35527,,,,8.7,10,75,,,Execution exception: invalid literal for int() with base 10: 'None'
2026-04-24 09:35:01,2026-04-24 12:21:02,2h 46m,GBPUSD,BUY,CLOSED,ACG-DEMO-3,demand,B+,FLIP,Asia,LIVE,1.34657,1.3457,1.35527,,,,8.7,10,75,280.63,,"Received by API, awaiting worker"
2026-04-24 09:35:00,,,GBPUSD,BUY,FILTERED,ACG-DEMO-2,demand,,FLIP,Asia,LIVE,1.34657,1.3457,1.35527,,,,,,75,,,Monthly loss limit: $-4145.02 loss this month (limit $-4000.00 = 8% of $50000)
2026-04-24 02:10:02,,,XAUUSD,SELL,SWAP_REJECTED,ACG-DEMO-3,supply,,BREAK_CANDLE,Off,LIVE,4690.45,4695.79,4605.01,,,,,,85,,,SWAP_QUOTES_UNAVAILABLE: XAUUSD signal rejected — live spread unavailable
2026-04-24 02:10:00,,,XAUUSD,SELL,SWAP_REJECTED,FTMO - TRAIL - 50K,supply,,BREAK_CANDLE,Off,LIVE,4690.45,4695.79,4605.01,,,,,,85,,,SWAP_QUOTES_UNAVAILABLE: XAUUSD signal rejected — live spread unavailable
2026-04-23 15:00:14,,,GBPUSD,SELL,EXECUTION_FAILED,,supply,B,FLIP,LDN,LIVE,1.35058,1.35161,1.34028,,,,10.3,10,60,,,Execution exception: invalid literal for int() with base 10: 'None'
2026-04-23 15:00:04,2026-04-24 08:08:15,17h 8m,GBPUSD,SELL,CLOSED,ACG-DEMO-3,supply,B,FLIP,LDN,LIVE,1.35058,1.35161,1.34028,,,,10.3,10,60,-103.67999999999999,,"Received by API, awaiting worker"
2026-04-23 14:35:11,,,GBPUSD,SELL,EXECUTION_FAILED,,supply,A+,FLIP,LDN,LIVE,1.34932,1.34987,1.34382,,,,5.5,10,95,,,Execution exception: invalid literal for int() with base 10: 'None'
2026-04-23 14:35:02,2026-04-23 14:55:50,20m,GBPUSD,SELL,CLOSED,ACG-DEMO-3,supply,A+,FLIP,LDN,LIVE,1.34932,1.34987,1.34382,,,,5.5,10,95,-137.02,,"Received by API, awaiting worker"
2026-04-23 09:25:11,2026-04-23 14:27:20,5h 2m,GBPUSD,BUY,CLOSED,ACG-DEMO-3,demand,A,DIR_CLOSE,Asia,LIVE,1.34898,1.34845,1.35428,,,,5.3,10,80,-210.06,,
2026-04-23 09:25:02,,,GBPUSD,BUY,EXECUTION_FAILED,,demand,A,DIR_CLOSE,Asia,LIVE,1.34898,1.34845,1.35428,,,,5.3,10,80,,,Execution exception: invalid literal for int() with base 10: 'None'
2026-04-23 09:25:00,,,GBPUSD,BUY,FILTERED,ACG-DEMO-2,demand,,DIR_CLOSE,Asia,LIVE,1.34898,1.34845,1.35428,,,,,,80,,,Monthly loss limit: $-4145.02 loss this month (limit $-4000.00 = 8% of $50000)
2026-04-23 04:05:11,2026-04-23 06:40:01,2h 34m,GBPUSD,SELL,CLOSED,ACG-DEMO-3,supply,A+,FLIP,Asia,LIVE,1.35076,1.35133,1.34506,1.34853,,time_stop,5.7,10,90,430.35999999999996,,
2026-04-23 04:05:01,,,GBPUSD,SELL,EXECUTION_FAILED,,supply,A+,FLIP,Asia,LIVE,1.35076,1.35133,1.34506,,,,5.7,10,90,,,Execution exception: invalid literal for int() with base 10: 'None'
2026-04-23 04:05:00,,,GBPUSD,SELL,FILTERED,ACG-DEMO-2,supply,,FLIP,Asia,LIVE,1.35076,1.35133,1.34506,,,,,,90,,,Monthly loss limit: $-4145.02 loss this month (limit $-4000.00 = 8% of $50000)
2026-04-23 00:10:01,,,GBPUSD,SELL,SWAP_REJECTED,ACG-DEMO-3,supply,,DIR_CLOSE,Off,LIVE,1.35026,1.35108,1.34206,,,,,,80,,,SWAP_BLACKOUT: GBPUSD signal rejected — broker rollover window (00:00 Asia/Jerusalem ±15/15min)
2026-04-23 00:10:00,,,GBPUSD,SELL,SWAP_REJECTED,FTMO - TRAIL - 50K,supply,,DIR_CLOSE,Off,LIVE,1.35026,1.35108,1.34206,,,,,,80,,,SWAP_BLACKOUT: GBPUSD signal rejected — broker rollover window (00:00 Asia/Jerusalem ±15/15min)
2026-04-23 00:10:00,,,GBPUSD,SELL,SWAP_REJECTED,ACG-DEMO-2,supply,,DIR_CLOSE,Off,LIVE,1.35026,1.35108,1.34206,,,,,,80,,,SWAP_BLACKOUT: GBPUSD signal rejected — broker rollover window (00:00 Asia/Jerusalem ±15/15min)
2026-04-22 17:40:02,,,GBPUSD,BUY,RISK_REJECTED,ACG-DEMO-3,demand,,DIR_CLOSE,NY,LIVE,1.35166,1.35065,1.36176,,,,,,95,,,Exit received from TradingView (close=1.34991) but entry was filtered — PnL not recorded.
2026-04-22 17:40:00,,,GBPUSD,BUY,FILTERED,ACG-DEMO-2,demand,,DIR_CLOSE,NY,LIVE,1.35166,1.35065,1.36176,,,,,,95,,,Exit received from TradingView (close=1.34991) but entry was filtered — PnL not recorded.
2026-04-22 15:35:02,,,GBPNZD,SELL,SYMBOL_BLACKLISTED,,supply,,FLIP,NY,LIVE,2.28618,2.2868,2.28463,,,,,,90,,,Symbol GBPNZD not in profitable whitelist (see PROFITABLE_SYMBOLS in worker.py)
2026-04-22 08:35:02,,,GBPUSD,SELL,RISK_REJECTED,ACG-DEMO-3,supply,,FLIP,Asia,LIVE,1.35236,1.35373,1.33866,,,,,,95,,,Exit received from TradingView (close=1.35269) but entry was filtered — PnL not recorded.
2026-04-22 08:35:00,,,GBPUSD,SELL,FILTERED,ACG-DEMO-2,supply,,FLIP,Asia,LIVE,1.35236,1.35373,1.33866,,,,,,95,,,Exit received from TradingView (close=1.35269) but entry was filtered — PnL not recorded.
2026-04-22 01:10:02,2026-04-22 02:15:01,1h 4m,XAUUSD,SELL,CLOSED,ACG-DEMO-3,supply,B+,DIR_CLOSE,Off,LIVE,4720.76,4729.77,4576.6,4727.54,,sl_hit,901,16,75,-68.52999999999999,,"Received by API, awaiting worker"
2026-04-22 01:10:00,,,XAUUSD,SELL,FILTERED,ACG-DEMO-2,supply,,DIR_CLOSE,Off,LIVE,4720.76,4729.77,4576.6,,,,,,75,,,Monthly loss limit: $-4145.02 loss this month (limit $-4000.00 = 8% of $50000)
2026-04-22 00:15:01,2026-04-22 02:50:01,2h 34m,GBPUSD,SELL,CLOSED,ACG-DEMO-3,supply,A+,FLIP,Off,LIVE,1.35007,1.3511,1.33977,1.3508,,time_stop,10.3,10,90,-27.3,,"Received by API, awaiting worker"
2026-04-22 00:15:00,,,GBPUSD,SELL,FILTERED,ACG-DEMO-2,supply,,FLIP,Off,LIVE,1.35007,1.3511,1.33977,,,,,,90,,,Monthly loss limit: $-4145.02 loss this month (limit $-4000.00 = 8% of $50000)
2026-04-21 17:15:04,2026-04-21 17:50:00,34m,USDJPY,SELL,CLOSED,ACG-DEMO-3,supply,B+,BREAK_CANDLE,NY,LIVE,159.08,159.167,158.863,159.228,,sl_hit,8.7,2.5,75,-118.77,,"Received by API, awaiting worker"
2026-04-21 17:15:00,,,USDJPY,SELL,FILTERED,ACG-DEMO-2,supply,,BREAK_CANDLE,NY,LIVE,159.08,159.167,158.863,,,,,,75,,,Monthly loss limit: $-4145.02 loss this month (limit $-4000.00 = 8% of $50000)
2026-04-21 16:50:05,,,XAUUSD,SELL,FILTERED,ACG-DEMO-3,supply,,FLIP,NY,LIVE,4788.93,4794.56,4698.85,,,,,,75,,,Exit received from TradingView (close=4700.05) but entry was filtered — PnL not recorded.
2026-04-21 16:50:00,,,XAUUSD,SELL,FILTERED,ACG-DEMO-2,supply,,FLIP,NY,LIVE,4788.93,4794.56,4698.85,,,,,,75,,,Exit received from TradingView (close=4700.05) but entry was filtered — PnL not recorded.
2026-04-21 11:00:01,,,USDJPY,BUY,FILTERED,ACG-DEMO-3,demand,,BREAK_CANDLE,LDN,LIVE,159.02,158.864,159.41,,,,,,100,,,Exit received from TradingView (close=159.095) but entry was filtered — PnL not recorded.
2026-04-21 11:00:00,,,USDJPY,BUY,FILTERED,ACG-DEMO-2,demand,,BREAK_CANDLE,LDN,LIVE,159.02,158.864,159.41,,,,,,100,,,Exit received from TradingView (close=159.095) but entry was filtered — PnL not recorded.
2026-04-21 10:00:04,2026-04-21 17:13:19,7h 13m,GBPUSD,BUY,CLOSED,ACG-DEMO-3,demand,B+,FLIP,Asia,LIVE,1.35197,1.35136,1.35807,,,,6.1,10,75,-299.53,,Monthly loss limit: $-4145.02 loss this month (limit $-4000.00 = 8% of $50000)
2026-04-21 05:55:02,,,GBPNZD,SELL,SYMBOL_BLACKLISTED,,supply,,BREAK_CANDLE,Asia,LIVE,2.28724,2.28793,2.28552,,,,,,90,,,Symbol GBPNZD not in profitable whitelist (see PROFITABLE_SYMBOLS in worker.py)
2026-04-21 04:45:02,,,XAUUSD,BUY,FILTERED,ACG-DEMO-3,demand,,FLIP,Asia,LIVE,4813.52,4809.07,4884.72,,,,,,75,,,Exit received from TradingView (close=4809.67) but entry was filtered — PnL not recorded.
2026-04-21 04:45:00,,,XAUUSD,BUY,FILTERED,ACG-DEMO-2,demand,,FLIP,Asia,LIVE,4813.52,4809.07,4884.72,,,,,,75,,,Exit received from TradingView (close=4809.67) but entry was filtered — PnL not recorded.
2026-04-21 02:25:01,,,GBPUSD,BUY,FILTERED,ACG-DEMO-3,demand,,DIR_CLOSE,Off,LIVE,1.35334,1.35301,1.35664,,,,,,85,,,Exit received from TradingView (close=1.35274) but entry was filtered — PnL not recorded.
2026-04-21 02:25:00,,,GBPUSD,BUY,FILTERED,ACG-DEMO-2,demand,,DIR_CLOSE,Off,LIVE,1.35334,1.35301,1.35664,,,,,,85,,,Exit received from TradingView (close=1.35274) but entry was filtered — PnL not recorded.
2026-04-21 00:05:02,,,GBPNZD,BUY,SYMBOL_BLACKLISTED,,demand,,FLIP,Off,LIVE,2.30005,2.2955,2.31142,,,,,,80,,,Symbol GBPNZD not in profitable whitelist (see PROFITABLE_SYMBOLS in worker.py)
2026-04-20 18:00:06,2026-04-20 20:35:00,2h 34m,GBPUSD,BUY,CLOSED,ACG-DEMO-3,demand,A+,FLIP,NY,LIVE,1.35235,1.35041,1.37175,1.35325,,time_stop,19.4,10,95,37.82,,Monthly loss limit: $-4145.02 loss this month (limit $-4000.00 = 8% of $50000)
2026-04-20 14:00:04,,,GBPNZD,SELL,SYMBOL_BLACKLISTED,,supply,,FLIP,LDN,LIVE,2.29909,2.30006,2.29666,,,,,,70,,,Symbol GBPNZD not in profitable whitelist (see PROFITABLE_SYMBOLS in worker.py)
2026-04-20 12:10:02,,,USDJPY,BUY,FILTERED,ACG-DEMO-3,demand,,DIR_CLOSE,LDN,LIVE,158.957,158.856,159.21,,,,,,95,,,Exit received from TradingView (close=158.862) but entry was filtered — PnL not recorded.
2026-04-20 12:10:00,,,USDJPY,BUY,FILTERED,ACG-DEMO-2,demand,,DIR_CLOSE,LDN,LIVE,158.957,158.856,159.21,,,,,,95,,,Exit received from TradingView (close=158.862) but entry was filtered — PnL not recorded.
2026-04-20 10:10:03,2026-04-29 23:04:16,9d,XAUUSD,SELL,CLOSED,ACG-DEMO-2,supply,A,BREAK_CANDLE,LDN,LIVE,4795.99,4801.85,4702.23,,,,586,16,80,-143.75,,"Received by API, awaiting worker"
2026-04-20 10:10:03,2026-04-20 10:18:22,8m,XAUUSD,SELL,CLOSED,ACG-DEMO-3,supply,A,BREAK_CANDLE,LDN,LIVE,4795.99,4801.85,4702.23,4801.94,,,586,16,80,-299.86,,Backfilled missing multi-account closed signal for ACG-DEMO-3 (DEV-164)
2026-04-16 13:55:01,,,GBPUSD,SELL,FILTERED,ACG-DEMO-3,supply,,DIR_CLOSE,LDN,LIVE,1.35414,1.35452,1.35034,,,,,,90,,,Exit received from TradingView (close=1.35512) but entry was filtered — PnL not recorded.
2026-04-16 13:55:00,,,GBPUSD,SELL,FILTERED,ACG-DEMO-2,supply,,DIR_CLOSE,LDN,LIVE,1.35414,1.35452,1.35034,,,,,,90,,,Exit received from TradingView (close=1.35512) but entry was filtered — PnL not recorded.
2026-04-16 11:45:04,,,USDJPY,SELL,FILTERED,ACG-DEMO-3,supply,,BREAK_CANDLE,LDN,LIVE,158.99,159.088,158.745,,,,,,75,,,"1-candle liquidity blocked: liquidity_score=28/100 (threshold=55, raw=55/190) — below dynamic threshold 55"
2026-04-16 11:45:00,,,USDJPY,SELL,FILTERED,ACG-DEMO-2,supply,,BREAK_CANDLE,LDN,LIVE,158.99,159.088,158.745,,,,,,75,,,"1-candle liquidity blocked: liquidity_score=28/100 (threshold=55, raw=55/190) — below dynamic threshold 55"
2026-04-16 07:50:04,,,USDJPY,BUY,FILTERED,ACG-DEMO-3,demand,,BREAK_CANDLE,Asia,LIVE,158.715,158.633,158.92,,,,,,80,,,1-candle liquidity blocked: middle zone
2026-04-16 07:50:00,,,USDJPY,BUY,FILTERED,ACG-DEMO-2,demand,,BREAK_CANDLE,Asia,LIVE,158.715,158.633,158.92,,,,,,80,,,1-candle liquidity blocked: middle zone
2026-04-16 00:20:01,,,GBPNZD,SELL,SYMBOL_BLACKLISTED,,supply,,FLIP,Off,LIVE,2.29367,2.29605,2.28772,,,,,,90,,,Symbol GBPNZD not in profitable whitelist (see PROFITABLE_SYMBOLS in worker.py)
2026-04-15 18:35:03,,,USDJPY,BUY,FILTERED,ACG-DEMO-2,demand,,FLIP,NY,LIVE,158.963,158.834,159.286,,,,,,90,,,Exit received from TradingView (close=158.842) but entry was filtered — PnL not recorded.
2026-04-15 18:35:03,,,USDJPY,BUY,FILTERED,ACG-DEMO-3,demand,,FLIP,NY,LIVE,158.963,158.834,159.286,,,,,,90,,,Exit received from TradingView (close=158.842) but entry was filtered — PnL not recorded.
2026-04-15 16:25:03,,,GBPNZD,SELL,SYMBOL_BLACKLISTED,,supply,,DIR_CLOSE,NY,LIVE,2.29931,2.30048,2.29639,,,,,,60,,,Symbol GBPNZD not in profitable whitelist (see PROFITABLE_SYMBOLS in worker.py)
2026-04-15 16:05:01,,,XAUUSD,BUY,FILTERED,ACG-DEMO-3,demand,,FLIP,NY,LIVE,4812.07,4808.12,4851.57,,,,,,55,,,Exit received from TradingView (close=4807.15) but entry was filtered — PnL not recorded.
2026-04-15 16:05:01,,,XAUUSD,BUY,FILTERED,ACG-DEMO-2,demand,,FLIP,NY,LIVE,4812.07,4808.12,4851.57,,,,,,55,,,Exit received from TradingView (close=4807.15) but entry was filtered — PnL not recorded.
2026-04-15 15:50:02,,,GBPUSD,BUY,FILTERED,ACG-DEMO-2,demand,,FLIP,NY,LIVE,1.35506,1.35423,1.36336,,,,,,55,,,Zone score 55 below minimum 60.0
2026-04-15 15:50:02,,,GBPUSD,BUY,FILTERED,ACG-DEMO-3,demand,,FLIP,NY,LIVE,1.35506,1.35423,1.36336,,,,,,55,,,Zone score 55 below minimum 60.0
2026-04-15 13:45:03,,,USDJPY,SELL,FILTERED,ACG-DEMO-2,supply,,FLIP,LDN,LIVE,158.944,159.077,158.611,,,,,,65,,,Exit received from TradingView (close=159.054) but entry was filtered — PnL not recorded.
2026-04-15 13:45:03,,,USDJPY,SELL,FILTERED,ACG-DEMO-3,supply,,FLIP,LDN,LIVE,158.944,159.077,158.611,,,,,,65,,,Exit received from TradingView (close=159.054) but entry was filtered — PnL not recorded.
2026-04-15 13:35:00,,,GBPNZD,SELL,SYMBOL_BLACKLISTED,,supply,,FLIP,LDN,LIVE,2.29803,2.29925,2.29498,,,,,,80,,,Symbol GBPNZD not in profitable whitelist (see PROFITABLE_SYMBOLS in worker.py)
2026-04-15 13:15:01,,,GBPUSD,SELL,FILTERED,ACG-DEMO-2,supply,,FLIP,LDN,LIVE,1.35577,1.3564,1.34947,,,,,,80,,,Monthly loss limit: $-4082.82 loss this month (limit $-4000.00 = 8% of $50000)
2026-04-15 13:15:01,,,GBPUSD,SELL,FILTERED,ACG-DEMO-3,supply,,FLIP,LDN,LIVE,1.35577,1.3564,1.34947,,,,,,80,,,Monthly loss limit: $-4082.82 loss this month (limit $-4000.00 = 8% of $50000)
2026-04-15 10:30:05,,,GBPNZD,SELL,SYMBOL_BLACKLISTED,,supply,,FLIP,LDN,LIVE,2.29774,2.29874,2.29524,,,,,,85,,,Symbol GBPNZD not in profitable whitelist (see PROFITABLE_SYMBOLS in worker.py)
2026-04-15 10:10:00,,,XAUUSD,BUY,FILTERED,ACG-DEMO-3,demand,,BREAK_CANDLE,LDN,LIVE,4809.36,4803.75,4865.46,,,,,,75,,,Exit received from TradingView (close=4805.04) but entry was filtered — PnL not recorded.
2026-04-15 10:10:00,,,XAUUSD,BUY,FILTERED,ACG-DEMO-2,demand,,BREAK_CANDLE,LDN,LIVE,4809.36,4803.75,4865.46,,,,,,75,,,Exit received from TradingView (close=4805.04) but entry was filtered — PnL not recorded.
2026-04-15 09:00:11,,,GBPNZD,SELL,SYMBOL_BLACKLISTED,,supply,,BREAK_CANDLE,Asia,LIVE,2.29795,2.29895,2.29545,,,,,,90,,,Symbol GBPNZD not in profitable whitelist (see PROFITABLE_SYMBOLS in worker.py)
2026-04-15 08:45:05,,,GBPUSD,BUY,FILTERED,ACG-DEMO-2,demand,,FLIP,Asia,LIVE,1.35686,1.35613,1.36416,,,,,,95,,,Exit received from TradingView (close=1.3562) but entry was filtered — PnL not recorded.
2026-04-15 08:45:05,,,GBPUSD,BUY,FILTERED,ACG-DEMO-3,demand,,FLIP,Asia,LIVE,1.35686,1.35613,1.36416,,,,,,95,,,Exit received from TradingView (close=1.3562) but entry was filtered — PnL not recorded.
2026-04-15 05:55:01,,,GBPNZD,BUY,SYMBOL_BLACKLISTED,,demand,,DIR_CLOSE,Asia,LIVE,2.29955,2.29888,2.30122,,,,,,90,,,Symbol GBPNZD not in profitable whitelist (see PROFITABLE_SYMBOLS in worker.py)
2026-04-14 19:15:05,,,USDJPY,SELL,FILTERED,ACG-DEMO-2,supply,,FLIP,NY,LIVE,158.871,158.965,158.636,,,,,,100,,,Monthly loss limit: $-4644.62 loss this month (limit $-4000.00 = 8% of $50000) | AI repair: cleared false CLOSED/PnL state because trade never executed on broker.
2026-04-14 19:15:05,,,USDJPY,SELL,FILTERED,ACG-DEMO-2,supply,,FLIP,NY,LIVE,158.871,158.965,158.636,,,,,,100,,,Monthly loss limit: $-4644.62 loss this month (limit $-4000.00 = 8% of $50000) | AI repair: cleared false CLOSED/PnL state because trade never executed on broker.
2026-04-14 19:15:05,,,USDJPY,SELL,FILTERED,ACG-DEMO-2,supply,,FLIP,NY,LIVE,158.871,158.965,158.636,,,,,,100,,,Monthly loss limit: $-4644.62 loss this month (limit $-4000.00 = 8% of $50000) | AI repair: cleared false CLOSED/PnL state because trade never executed on broker.
2026-04-14 14:35:00,,,NAS100,SELL,FILTERED,ACG-DEMO-2,supply,,FLIP,LDN,LIVE,25515.9,35524.9,-94592,,,,,,60,,,"1-candle liquidity blocked: liquidity_score=36/100 (threshold=63, raw=70/190) — below dynamic threshold 63"
2026-04-14 13:45:01,,,XAUUSD,BUY,FILTERED,ACG-DEMO-2,demand,,FLIP,LDN,LIVE,4767.41,4751.9,4829.45,,,,,,80,,,Futures (Mangoe): FLIP entry rejected: bar_time is required for 5-min boundary validation on LIVE accounts (fail-closed). Check Pine webhook payload.
2026-04-14 10:15:02,,,GBPJPY,BUY,FILTERED,ACG-DEMO-2,demand,,FLIP,LDN,LIVE,215.201,215.148,215.36,,,,,,95,,,Exit received from TradingView (close=215.343) but entry was filtered — PnL not recorded.
2026-04-14 10:00:09,,,GBPCAD,SELL,STALENESS_REJECTED,ACG-DEMO-2,supply,,BREAK_CANDLE,Asia,LIVE,1.86254,1.8635,1.85966,,,,,,75,,,Exit received from TradingView (close=1.8634) but entry was staleness_rejected — PnL not recorded.
2026-04-14 09:10:01,,,GBPJPY,SELL,FILTERED,ACG-DEMO-2,supply,,DIR_CLOSE,Asia,LIVE,215.132,215.25,214.896,,,,,,75,,,Exit received from TradingView (close=215.206) but entry was filtered — PnL not recorded.
2026-04-14 08:45:02,,,USDJPY,SELL,FILTERED,ACG-DEMO-2,supply,,BREAK_CANDLE,Asia,LIVE,159.106,159.166,158.926,,,,,,100,,,Exit received from TradingView (close=159.134) but entry was filtered — PnL not recorded.
2026-04-14 08:40:03,,,GBPCAD,BUY,FILTERED,ACG-DEMO-2,demand,,BREAK_CANDLE,Asia,LIVE,1.86325,1.86246,1.86562,,,,,,95,,,Exit received from TradingView (close=1.86238) but entry was filtered — PnL not recorded.
2026-04-13 21:35:00,,,NAS100,BUY,FILTERED,ACG-DEMO-2,demand,,FLIP,NY,LIVE,25274.6,15259.5,145456,,,,,,80,,,Exit received from TradingView (close=25444.45) but entry was filtered — PnL not recorded.
2026-04-13 18:15:03,,,GBPCAD,BUY,FILTERED,ACG-DEMO-2,demand,,FLIP,NY,LIVE,1.85873,1.85744,1.8626,,,,,,100,,,Exit received from TradingView (close=1.86269) but entry was filtered — PnL not recorded.
2026-04-13 15:45:02,,,GBPJPY,BUY,FILTERED,ACG-DEMO-2,demand,,FLIP,NY,LIVE,214.541,214.468,214.723,,,,,,95,,,Exit received from TradingView (close=214.723) but entry was filtered — PnL not recorded.
2026-04-13 13:55:01,,,XAUUSD,SELL,FILTERED,ACG-DEMO-2,supply,,DIR_CLOSE,LDN,LIVE,4720.02,4723.96,4704.26,,,,,,80,,,Exit received from TradingView (close=4725.09) but entry was filtered — PnL not recorded.
2026-04-13 12:40:01,,,XAUUSD,BUY,FILTERED,ACG-DEMO-2,demand,,DIR_CLOSE,LDN,LIVE,4716,4710.82,4736.72,,,,,,60,,,Exit received from TradingView (close=4714.36) but entry was filtered — PnL not recorded.
2026-04-13 10:30:00,,,NAS100,BUY,FILTERED,ACG-DEMO-2,demand,,FLIP,LDN,LIVE,24972.7,14951,145234,,,,,,60,,,Exit received from TradingView (close=25083.86) but entry was filtered — PnL not recorded.
2026-04-13 10:00:05,,,GBPCAD,BUY,FILTERED,ACG-DEMO-2,demand,,BREAK_CANDLE,Asia,LIVE,1.85808,1.85706,1.86114,,,,,,70,,,Exit received from TradingView (close=1.85948) but entry was filtered — PnL not recorded.
2026-04-13 09:55:00,,,USDJPY,SELL,FILTERED,ACG-DEMO-2,supply,,DIR_CLOSE,Asia,LIVE,159.696,159.744,159.552,,,,,,60,,,Exit received from TradingView (close=159.747) but entry was filtered — PnL not recorded.
2026-04-13 09:00:09,,,GBPJPY,BUY,FILTERED,ACG-DEMO-2,demand,,FLIP,Asia,LIVE,214.063,214.016,214.204,,,,,,70,,,Exit received from TradingView (close=214.041) but entry was filtered — PnL not recorded.
2026-04-13 08:00:09,,,EURUSD,SELL,STALENESS_REJECTED,ACG-DEMO-2,supply,,FLIP,Asia,LIVE,1.16862,1.16927,1.16602,,,,,,90,,,Exit received from TradingView (close=1.16942) but entry was staleness_rejected — PnL not recorded.
2026-04-10 18:20:02,,,EURUSD,SELL,STALENESS_REJECTED,ACG-DEMO-2,supply,,FLIP,NY,LIVE,1.17347,1.17394,1.17159,,,,,,80,,,"Price deviation: 3.8 pips from signal entry (signal: 1.17347, current: 1.1738467). Market moved too much during webhook latency. Rejecting to prevent slippage."
2026-04-10 18:05:03,,,USDCAD,SELL,RECEIVED,,,,,,LIVE,1.38307,1.38371,1.38147,,,,,,,,,"Received by API, awaiting worker"
2026-04-10 15:40:00,,,XAUUSD,SELL,FILTERED,ACG-DEMO-2,supply,,DIR_CLOSE,NY,LIVE,4775.97,4782.34,4750.49,,,,,,55,,,Zone score 55 below minimum 60.0
2026-04-10 15:30:15,,,GBPJPY,BUY,FILTERED,ACG-DEMO-2,demand,,FLIP,NY,LIVE,214.065,213.977,214.285,,,,,,80,,,Exit received from TradingView (close=214.289) but entry was filtered — PnL not recorded.
2026-04-10 15:10:02,,,USDCAD,BUY,FILTERED,ACG-DEMO-2,demand,,DIR_CLOSE,NY,LIVE,1.38224,1.38167,1.38366,,,,,,65,,,Exit received from TradingView (close=1.3817) but entry was filtered — PnL not recorded.
2026-04-10 15:05:00,,,NAS100,BUY,FILTERED,ACG-DEMO-2,demand,,FLIP,NY,LIVE,25128.8,15117.4,145265,,,,,,85,,,Exit received from TradingView (close=25103.19) but entry was filtered — PnL not recorded.
2026-04-10 14:45:01,,,USDJPY,SELL,RECEIVED,,,,,,LIVE,159.179,159.251,158.999,,,,,,,,,"Received by API, awaiting worker"
2026-04-10 11:40:04,,,EURUSD,SELL,STALENESS_REJECTED,ACG-DEMO-2,supply,,DIR_CLOSE,LDN,LIVE,1.16884,1.16926,1.16716,,,,,,90,,,Exit received from TradingView (close=1.17093) but entry was staleness_rejected — PnL not recorded.
2026-04-10 11:05:03,,,GBPJPY,BUY,FILTERED,ACG-DEMO-2,demand,,FLIP,LDN,LIVE,213.719,213.677,213.845,,,,,,80,,,Monthly loss limit: $-4739.43 loss this month (limit $-4000.00 = 8% of $50000)
2026-04-10 09:35:02,,,GBPCAD,BUY,RECEIVED,,,,,,LIVE,1.85576,1.85481,1.85861,,,,,,,,,"Received by API, awaiting worker"
2026-04-10 08:45:02,,,XAUUSD,SELL,RECEIVED,,,,,,LIVE,4764.52,4768.17,4749.92,,,,,,,,,"Received by API, awaiting worker"
2026-04-10 07:55:00,,,NAS100,BUY,RECEIVED,,,,,,LIVE,25127.4,15121.3,145201,,,,,,,,,"Received by API, awaiting worker"
2026-04-10 07:45:02,,,GBPJPY,SELL,RECEIVED,,,,,,LIVE,213.692,213.719,213.57,,,,,,,,,"Received by API, awaiting worker"
2026-04-10 06:55:01,,,USDCAD,SELL,RECEIVED,,,,,,LIVE,1.38227,1.38267,1.38127,,,,,,,,,"Received by API, awaiting worker"
2026-04-09 21:40:04,,,NZDJPY,BUY,RECEIVED,,,,,,LIVE,93.118,93.048,93.328,,,,,,,,,"Received by API, awaiting worker"
2026-04-09 17:00:18,,,GBPUSD,BUY,FILTERED,ACG-DEMO-2,demand,,FLIP,NY,LIVE,1.3421,1.34152,1.34384,,,,,,95,,,Exit received from TradingView (close=1.34154) but entry was filtered — PnL not recorded.
2026-04-09 16:25:03,,,GBPUSD,SELL,FILTERED,ACG-DEMO-2,supply,,DIR_CLOSE,NY,LIVE,1.34235,1.34276,1.34112,,,,,,75,,,Exit received from TradingView (close=1.34279) but entry was filtered — PnL not recorded.
2026-04-09 14:05:02,,,GBPCAD,BUY,FILTERED,ACG-DEMO-2,demand,,FLIP,LDN,LIVE,1.85661,1.85532,1.86048,,,,,,95,,,Exit received from TradingView (close=1.85493) but entry was filtered — PnL not recorded.
2026-04-09 14:00:10,,,XAUUSD,SELL,FILTERED,default,supply,,FLIP,LDN,LIVE,4741.09,4746.7,4718.65,,,,,,70,,,"Futures (Mangoe): FLIP entry requires bar_time for 5m boundary check. Use Break of Candle or Directional Close, or ensure Flip occurs on 5m candle open."
2026-04-09 13:35:02,,,USDCAD,BUY,FILTERED,ACG-DEMO-2,demand,,BREAK_CANDLE,LDN,LIVE,1.38547,1.38501,1.38662,,,,,,90,,,Monthly loss limit: $-4660.62 loss this month (limit $-4000.00 = 8% of $50000)
2026-04-09 12:00:04,,,USDJPY,BUY,FILTERED,ACG-DEMO-2,demand,,FLIP,LDN,LIVE,159.003,158.957,159.141,,,,,,100,,,Exit received from TradingView (close=158.97) but entry was filtered — PnL not recorded.
2026-04-09 11:45:01,,,GBPJPY,SELL,FILTERED,ACG-DEMO-2,supply,,FLIP,LDN,LIVE,213.057,213.111,212.895,,,,,,65,,,Exit received from TradingView (close=213.133) but entry was filtered — PnL not recorded.
2026-04-09 10:15:01,,,XAUUSD,SELL,FILTERED,ACG-DEMO-2,supply,,FLIP,LDN,LIVE,4724.26,4730.44,4699.54,,,,,,80,,,Exit received from TradingView (close=4729.06) but entry was filtered — PnL not recorded.
2026-04-09 10:15:00,2026-04-09 11:55:00,1h 39m,EURUSD,SELL,CLOSED,ACG-DEMO-2,supply,,FLIP,LDN,LIVE,1.16655,1.16723,1.16383,1.16744,,sl_hit,,,85,-676.47,,"Price deviation: 3.1 pips from signal entry (signal: 1.16655, current: 1.1668612). Market moved too much during webhook latency. Rejecting to prevent slippage."
2026-04-09 09:30:05,,,GBPUSD,BUY,FILTERED,ACG-DEMO-2,demand,,FLIP,Asia,LIVE,1.3387,1.33816,1.34032,,,,,,80,,,Exit received from TradingView (close=1.33895) but entry was filtered — PnL not recorded.
2026-04-09 09:25:01,,,GBPJPY,BUY,FILTERED,ACG-DEMO-2,demand,,DIR_CLOSE,Asia,LIVE,212.704,212.644,212.884,,,,,,90,,,Exit received from TradingView (close=212.706) but entry was filtered — PnL not recorded.
2026-04-09 09:00:07,,,GBPUSD,BUY,FILTERED,ACG-DEMO-2,demand,,FLIP,Asia,LIVE,1.3391,1.33884,1.34027,,,,,,75,,,Exit received from TradingView (close=1.33886) but entry was filtered — PnL not recorded.
2026-04-09 06:55:01,,,USDJPY,SELL,FILTERED,ACG-DEMO-2,supply,,DIR_CLOSE,Asia,LIVE,158.772,158.816,158.64,,,,,,80,,,Exit received from TradingView (close=158.81) but entry was filtered — PnL not recorded.
2026-04-08 21:20:03,,,GBPCAD,SELL,FILTERED,ACG-DEMO-2,supply,,FLIP,NY,LIVE,1.85699,1.8585,1.85246,,,,,,75,,,Exit received from TradingView (close=1.85507) but entry was filtered — PnL not recorded.
2026-04-08 20:05:01,,,USDJPY,BUY,FILTERED,ACG-DEMO-2,demand,,FLIP,NY,LIVE,158.442,158.378,158.634,,,,,,80,,,Exit received from TradingView (close=158.395) but entry was filtered — PnL not recorded.
2026-04-08 19:55:03,,,USDCAD,BUY,FILTERED,ACG-DEMO-2,demand,,DIR_CLOSE,NY,LIVE,1.38452,1.3841,1.38557,,,,,,80,,,Exit received from TradingView (close=1.38397) but entry was filtered — PnL not recorded.
2026-04-08 19:10:02,,,USDJPY,SELL,FILTERED,ACG-DEMO-2,supply,,BREAK_CANDLE,NY,LIVE,158.382,158.442,158.202,,,,,,90,,,Exit received from TradingView (close=158.424) but entry was filtered — PnL not recorded.
2026-04-08 18:20:03,,,GBPUSD,BUY,STALENESS_REJECTED,ACG-DEMO-2,demand,,FLIP,NY,LIVE,1.34413,1.34274,1.34691,,,,,,100,,,Exit received from TradingView (close=1.34289) but entry was staleness_rejected — PnL not recorded.
2026-04-08 18:20:03,,,EURUSD,BUY,FILTERED,ACG-DEMO-2,demand,,FLIP,NY,LIVE,1.16929,1.16814,1.17389,,,,,,100,,,Exit received from TradingView (close=1.16827) but entry was filtered — PnL not recorded.
2026-04-08 18:00:09,2026-04-26 19:23:40,18d,GBPCAD,BUY,CLOSED,ACG-DEMO-2,demand,A+,FLIP,NY,LIVE,1.86119,1.85992,1.865,1.85981,,,12.7,3,95,-273.74,,Auto-Resolved via Watchdog
2026-04-08 17:15:01,,,XAUUSD,SELL,FILTERED,ACG-DEMO-2,supply,,FLIP,NY,LIVE,4780.07,4791.92,4732.67,,,,,,80,,,Exit received from TradingView (close=4736.27) but entry was filtered — PnL not recorded.
2026-04-08 16:50:02,,,NAS100,BUY,FILTERED,ACG-DEMO-2,demand,,FLIP,NY,LIVE,25011,14947.7,145772,,,,,,20,,,Exit received from TradingView (close=24896.4) but entry was filtered — PnL not recorded.
2026-04-08 16:10:01,2026-04-26 19:23:40,18d,GBPJPY,BUY,CLOSED,ACG-DEMO-2,demand,A+,DIR_CLOSE,NY,LIVE,212.832,212.721,213.054,212.708,,,11.1,2,100,-365.3,,Auto-Resolved via Watchdog
2026-04-08 15:50:01,2026-04-26 19:23:40,18d,USDCAD,BUY,CLOSED,ACG-DEMO-2,demand,A,FLIP,NY,LIVE,1.38459,1.38406,1.38592,,,,5.3,2.5,80,-155.03,,"Received by API, awaiting worker"
2026-04-08 13:55:01,2026-04-26 19:23:40,18d,XAUUSD,SELL,CLOSED,ACG-DEMO-2,supply,B,BREAK_CANDLE,LDN,LIVE,4790.88,4796.27,4769.32,,,,539,4,60,-420.21000000000004,,"Received by API, awaiting worker"
2026-04-08 11:20:01,2026-04-26 19:23:40,18d,EURUSD,BUY,CLOSED,ACG-DEMO-2,demand,A+,FLIP,LDN,LIVE,1.16878,1.16823,1.17098,,,,5.5,4,95,-327.57,,"Received by API, awaiting worker"
2026-04-08 09:30:02,2026-04-08 15:35:00,6h 4m,NAS100,BUY,CLOSED,ACG-DEMO-2,demand,,FLIP,Asia,LIVE,25030.1,15019.1,145162,25054,,time_stop,,,40,16.56,,Zone score 40 below minimum 60.0
2026-04-08 08:20:01,,,GBPUSD,BUY,FILTERED,ACG-DEMO-2,demand,,FLIP,Asia,LIVE,1.34186,1.34083,1.34443,,,,,,95,,,Exit received from TradingView (close=1.34385) but entry was filtered — PnL not recorded.
2026-04-08 08:20:01,2026-04-26 19:23:39,18d,GBPCAD,BUY,CLOSED,ACG-DEMO-2,demand,A+,FLIP,Asia,LIVE,1.85644,1.85523,1.86007,1.86001,,,12.1,3,95,747.54,,Auto-Resolved via Watchdog
2026-04-08 07:25:03,2026-04-26 19:23:39,18d,GBPUSD,SELL,CLOSED,ACG-DEMO-2,supply,B+,BREAK_CANDLE,Asia,LIVE,1.34086,1.34152,1.33888,,,,6.6,3,70,-356.46,,"Received by API, awaiting worker"
2026-04-08 06:20:02,,,GBPUSD,SELL,FILTERED,ACG-DEMO-2,supply,,FLIP,Asia,LIVE,1.33998,1.34056,1.33824,,,,,,80,,,Exit received from TradingView (close=1.34063) but entry was filtered — PnL not recorded.
2026-04-07 20:45:03,2026-04-26 19:23:39,18d,USDJPY,BUY,CLOSED,ACG-DEMO-2,demand,A+,FLIP,NY,LIVE,159.811,159.695,160.043,,,,11.6,2,100,-125.31,,"Received by API, awaiting worker"
2026-04-07 19:10:01,,,NAS100,SELL,FILTERED,ACG-DEMO-2,supply,,DIR_CLOSE,NY,LIVE,24010.8,34101.1,-97072.2,,,,,,95,,,Exit received from TradingView (close=24820.7) but entry was filtered — PnL not recorded.
2026-04-07 17:55:01,,,USDJPY,BUY,FILTERED,ACG-DEMO-2,demand,,DIR_CLOSE,NY,LIVE,159.846,159.769,160.038,,,,,,95,,,Exit received from TradingView (close=159.77) but entry was filtered — PnL not recorded.
2026-04-07 17:20:03,2026-04-26 19:23:39,19d,EURUSD,BUY,CLOSED,ACG-DEMO-2,demand,A+,FLIP,NY,LIVE,1.15626,1.15555,1.1591,,,,7.1,4,100,817.9499999999999,,"Received by API, awaiting worker"
2026-04-07 16:25:02,2026-04-26 19:23:38,19d,GBPJPY,BUY,CLOSED,ACG-DEMO-2,demand,A,BREAK_CANDLE,NY,LIVE,211.691,211.59,211.943,,,,10.1,2.5,85,-285.91,,"Received by API, awaiting worker"
2026-04-07 15:30:02,2026-04-26 19:23:38,19d,GBPJPY,SELL,CLOSED,ACG-DEMO-2,supply,B,FLIP,NY,LIVE,211.761,211.841,211.561,,,,8,2.5,65,-272.68,,"Received by API, awaiting worker"
2026-04-07 15:10:02,2026-04-26 19:23:38,19d,GBPJPY,SELL,CLOSED,ACG-DEMO-2,supply,B+,BREAK_CANDLE,NY,LIVE,211.701,211.78,211.503,,,,7.9,2.5,70,-284.07,,Exit received from TradingView (close=211.793) but entry was execution_failed — PnL not recorded.
2026-04-07 15:10:02,2026-04-26 19:23:39,19d,USDCAD,BUY,CLOSED,ACG-DEMO-2,demand,B+,DIR_CLOSE,NY,LIVE,1.39118,1.39048,1.39293,,,,7,2.5,70,-248.13,,"Received by API, awaiting worker"
2026-04-07 12:40:02,2026-04-26 19:23:38,19d,USDCAD,SELL,CLOSED,ACG-DEMO-2,supply,A,DIR_CLOSE,LDN,LIVE,1.39218,1.39262,1.39108,,,,4.4,2.5,80,-358.37,,"Received by API, awaiting worker"
2026-04-07 11:30:02,,,NAS100,SELL,EXECUTION_FAILED,,supply,B,FLIP,LDN,LIVE,24203,34232.9,-96156.2,,,,10029.9,12,65,,,Exit received from TradingView (close=23977.94) but entry was execution_failed — PnL not recorded.
2026-04-07 10:40:03,,,GBPCAD,BUY,RISK_REJECTED,ACG-DEMO-2,demand,,DIR_CLOSE,LDN,LIVE,1.84183,1.84095,1.84447,,,,,,100,,,Kill switch ON for account ACG-DEMO-2
2026-04-07 10:15:02,,,USDJPY,SELL,RISK_REJECTED,ACG-DEMO-2,supply,,FLIP,LDN,LIVE,159.848,159.888,159.728,,,,,,70,,,Kill switch ON for account ACG-DEMO-2
2026-04-07 09:35:01,,,NZDJPY,SELL,FILTERED,ACG-DEMO-2,supply,,FLIP,Asia,LIVE,91.128,91.194,90.93,,,,,,95,,,Exit received from TradingView (close=91.093) but entry was filtered — PnL not recorded.
2026-04-07 08:55:00,,,USDCAD,SELL,FILTERED,ACG-DEMO-2,supply,,BREAK_CANDLE,Asia,LIVE,1.39205,1.39257,1.39075,,,,,,75,,,Exit received from TradingView (close=1.39263) but entry was filtered — PnL not recorded.
2026-04-07 08:50:02,,,GBPJPY,BUY,RISK_REJECTED,ACG-DEMO-2,demand,,FLIP,Asia,LIVE,211.306,211.236,211.516,,,,,,100,,,Kill switch ON for account ACG-DEMO-2
2026-04-07 08:50:02,,,GBPUSD,BUY,FILTERED,ACG-DEMO-2,demand,,FLIP,Asia,LIVE,1.32227,1.32177,1.32377,,,,,,55,,,Exit received from TradingView (close=1.32412) but entry was filtered — PnL not recorded.
2026-04-07 08:40:03,,,GBPUSD,BUY,FILTERED,ACG-DEMO-2,demand,,BREAK_CANDLE,Asia,LIVE,1.32306,1.32239,1.32507,,,,,,80,,,Exit received from TradingView (close=1.322) but entry was filtered — PnL not recorded.
2026-04-07 08:15:03,,,USDJPY,BUY,FILTERED,ACG-DEMO-2,demand,,FLIP,Asia,LIVE,159.743,159.715,159.869,,,,,,90,,,Exit received from TradingView (close=159.856) but entry was filtered — PnL not recorded.
2026-04-06 20:40:00,,,GBPJPY,SELL,RISK_REJECTED,ACG-DEMO-2,supply,,DIR_CLOSE,NY,LIVE,211.356,211.399,211.227,,,,,,80,,,Kill switch ON for account ACG-DEMO-2
2026-04-06 20:20:03,,,GBPCAD,BUY,RISK_REJECTED,ACG-DEMO-2,demand,,FLIP,NY,LIVE,1.84073,1.84002,1.84783,,,,,,90,,,"MTM Kill Switch: Daily drawdown 100.00% >= 4.0% (Closed: $0.00, Floating: $0.00)"
2026-04-06 20:20:03,,,GBPCAD,BUY,RISK_REJECTED,ACG-DEMO-2,demand,,FLIP,NY,LIVE,1.84073,1.84004,1.8428,,,,,,90,,,Kill switch ON for account ACG-DEMO-2
2026-04-06 19:25:02,2026-04-26 19:23:38,19d,USDCAD,BUY,CLOSED,ACG-DEMO-2,demand,A,DIR_CLOSE,NY,LIVE,1.39161,1.39098,1.39319,,,,6.3,2.5,80,-181.41,,"Received by API, awaiting worker"
2026-04-06 17:10:03,,,GBPUSD,BUY,FILTERED,ACG-DEMO-2,demand,,BREAK_CANDLE,NY,LIVE,1.32492,1.3245,1.32618,,,,,,90,,,Exit received from TradingView (close=1.32634) but entry was filtered — PnL not recorded.
2026-04-06 17:10:03,,,GBPUSD,BUY,FILTERED,ACG-DEMO-2,demand,,BREAK_CANDLE,NY,LIVE,1.32492,1.3245,1.32618,,,,,,90,,,Exit received from TradingView (close=1.32634) but entry was filtered — PnL not recorded.
2026-04-06 16:40:02,,,NAS100,SELL,FILTERED,ACG-DEMO-2,supply,,BREAK_CANDLE,NY,LIVE,24148.3,34224.3,-96763.7,,,,,,55,,,Exit received from TradingView (close=24196.56) but entry was filtered — PnL not recorded.
2026-04-06 16:00:03,2026-04-26 19:23:37,20d,USDJPY,BUY,CLOSED,ACG-DEMO-2,demand,B,FLIP,NY,LIVE,159.406,159.436,159.55,,,,4.8,3,60,89.42,,"Received by API, awaiting worker"
2026-04-06 12:55:00,,,EURUSD,SELL,STALENESS_REJECTED,ACG-DEMO-2,supply,,DIR_CLOSE,LDN,LIVE,1.15511,1.15634,1.15019,,,,,,80,,,"Price deviation: 4.2 pips from signal entry (signal: 1.15511, current: 1.155535). Market moved too much during webhook latency. Rejecting to prevent slippage."
2026-04-06 12:50:03,2026-04-26 19:23:37,20d,GBPJPY,BUY,CLOSED,ACG-DEMO-2,demand,B+,FLIP,LDN,LIVE,211.233,211.183,211.383,1.16744,,sl_hit,5,3,75,-695.83,,"Received by API, awaiting worker"
2026-04-06 12:40:03,2026-04-26 19:23:37,20d,GBPJPY,BUY,CLOSED,ACG-DEMO-2,demand,B+,DIR_CLOSE,LDN,LIVE,211.231,211.183,211.375,1.16744,,sl_hit,4.8,3,75,-669.51,,"Received by API, awaiting worker"
2026-04-06 09:15:03,,,EURUSD,SELL,STALENESS_REJECTED,ACG-DEMO-2,supply,,FLIP,Asia,LIVE,1.15267,1.15308,1.15103,,,,,,80,,,Exit received from TradingView (close=1.34154) but entry was filtered — PnL not recorded.
2026-04-03 18:30:01,,,GBPUSD,SELL,FILTERED,ACG-DEMO-2,supply,,FLIP,NY,LIVE,1.32021,1.32187,1.31689,,,,,,95,,,Exit received from TradingView (close=1.31908) but entry was filtered — PnL not recorded.
2026-04-03 16:55:01,2026-04-26 19:23:37,23d,USDJPY,BUY,CLOSED,ACG-DEMO-2,demand,A+,BREAK_CANDLE,NY,LIVE,159.533,159.469,159.725,159.638,,time_stop,6.4,3,90,364.49,,"Received by API, awaiting worker"
2026-04-03 16:05:01,,,NAS100,BUY,EXECUTION_FAILED,,demand,A+,FLIP,NY,LIVE,23970.9,23949.9,24033.9,,,,21,3,90,,,"MetaApi response missing positionId/orderId: {'numericCode': 10018, 'stringCode': 'TRADE_RETCODE_MARKET_CLOSED', 'message': 'Market is closed'}"
2026-04-03 15:45:02,,,NAS100,BUY,FILTERED,ACG-DEMO-2,demand,,FLIP,NY,LIVE,24008.7,23972.4,24117.6,,,,,,85,,,Exit received from TradingView (close=23970.91) but entry was filtered — PnL not recorded.
2026-04-03 15:10:01,,,NAS100,SELL,EXECUTION_FAILED,,supply,B,DIR_CLOSE,NY,LIVE,24007.5,24027.7,23946.7,,,,20.3,3,60,,,Exit received from TradingView (close=24013.16) but entry was execution_failed — PnL not recorded.
2026-04-03 14:30:00,2026-04-26 19:23:37,23d,GBPCAD,SELL,CLOSED,ACG-DEMO-2,supply,B+,FLIP,LDN,LIVE,1.84275,1.84324,1.84128,,,,4.9,3,75,-311.66999999999996,,"Received by API, awaiting worker"
2026-04-03 08:05:01,,,USDJPY,SELL,FILTERED,ACG-DEMO-2,supply,,FLIP,Asia,LIVE,159.62,159.646,159.503,,,,,,65,,,Exit received from TradingView (close=159.639) but entry was filtered — PnL not recorded.
2026-04-02 22:00:09,,,USDJPY,BUY,EXECUTION_FAILED,ACG-DEMO-2,demand,,FLIP,NY,LIVE,159.633,159.57,159.822,,,,,,85,,,Exit received from TradingView (close=159.584) but entry was execution_failed — PnL not recorded.
2026-04-02 19:15:03,,,GBPJPY,BUY,FILTERED,ACG-DEMO-2,demand,,FLIP,NY,LIVE,210.864,210.79,211.049,,,,,,90,,,Exit received from TradingView (close=210.792) but entry was filtered — PnL not recorded.
2026-04-02 09:40:02,,,USDJPY,SELL,FILTERED,ACG-DEMO-2,supply,,DIR_CLOSE,Asia,LIVE,159.364,159.435,159.186,,,,,,70,,,Exit received from TradingView (close=159.386) but entry was filtered — PnL not recorded.
2026-04-02 08:05:01,,,USDJPY,BUY,FILTERED,ACG-DEMO-2,demand,,FLIP,Asia,LIVE,159.375,159.324,159.528,,,,,,95,,,Exit received from TradingView (close=159.335) but entry was filtered — PnL not recorded.
2026-04-01 21:10:02,,,NAS100,BUY,EXECUTION_FAILED,,demand,,DIR_CLOSE,NY,LIVE,24079.5,24061.1,24134.6,,,,18.4,3,95,,,Exit received from TradingView (close=24033.84) but entry was execution_failed — PnL not recorded.
2026-04-01 20:10:02,,,EURUSD,SELL,FILTERED,ACG-DEMO-2,supply,,DIR_CLOSE,NY,LIVE,1.16141,1.16246,1.15878,,,,,,70,,,Exit received from TradingView (close=1.15874) but entry was filtered — PnL not recorded.
2026-04-01 20:10:02,,,USDJPY,BUY,FILTERED,ACG-DEMO-2,demand,,DIR_CLOSE,NY,LIVE,158.518,158.44,158.713,,,,,,80,,,Exit received from TradingView (close=158.711) but entry was filtered — PnL not recorded.
2026-04-01 18:40:03,,,USDJPY,SELL,FILTERED,ACG-DEMO-2,supply,,BREAK_CANDLE,NY,LIVE,158.594,158.706,158.37,,,,,,95,,,Exit received from TradingView (close=158.708) but entry was filtered — PnL not recorded.
2026-04-01 17:40:02,,,GBPJPY,BUY,FILTERED,ACG-DEMO-2,demand,,BREAK_CANDLE,NY,LIVE,210.966,210.897,211.173,,,,,,90,,,Exit received from TradingView (close=211.237) but entry was filtered — PnL not recorded.
2026-04-01 17:35:02,,,USDJPY,BUY,FILTERED,ACG-DEMO-2,demand,,FLIP,NY,LIVE,158.575,158.521,158.737,,,,,,70,,,Exit received from TradingView (close=158.526) but entry was filtered — PnL not recorded.
2026-04-01 16:10:02,2026-04-26 19:23:36,25d,GBPUSD,BUY,CLOSED,ACG-DEMO-2,demand,,DIR_CLOSE,NY,LIVE,1.3302,1.3305,1.33267,,,,9.9,2.5,95,18.16,,"Received by API, awaiting worker"
2026-04-01 10:30:02,2026-04-26 19:23:36,25d,GBPJPY,SELL,CLOSED,ACG-DEMO-2,supply,,BREAK_CANDLE,LDN,LIVE,210.275,210.481,209.863,,,,20.6,2,70,-139.76999999999998,,"Received by API, awaiting worker"
2026-04-01 10:05:01,2026-04-26 19:23:36,25d,NZDJPY,SELL,CLOSED,ACG-DEMO-2,supply,,FLIP,LDN,LIVE,91.191,91.359,90.855,,,,16.8,2,80,-124.13,,Exit received from TradingView (close=25444.45) but entry was filtered — PnL not recorded.
2026-04-01 09:45:01,2026-04-26 19:23:36,25d,GBPJPY,BUY,CLOSED,ACG-DEMO-2,demand,,DIR_CLOSE,Asia,LIVE,210.333,210.192,210.615,,,,14.1,2,95,-243.10999999999999,,"Received by API, awaiting worker"
2026-04-01 09:15:05,,,EURUSD,BUY,STALENESS_REJECTED,ACG-DEMO-2,demand,,BREAK_CANDLE,Asia,LIVE,1.15666,1.15601,1.15861,,,,,,95,,,Exit received from TradingView (close=1.15871) but entry was staleness_rejected — PnL not recorded.
2026-04-01 08:20:03,2026-04-26 19:23:35,25d,NZDJPY,SELL,CLOSED,ACG-DEMO-2,supply,,FLIP,Asia,LIVE,91.197,91.167,91.041,,,,5.2,3,90,13.92,,"Received by API, awaiting worker"
2026-03-31 14:30:04,2026-04-26 19:23:35,26d,GBPCAD,SELL,CLOSED,ACG-DEMO-2,supply,,DIR_CLOSE,LDN,LIVE,1.84149,1.84266,1.83915,,,,11.7,2,75,-143.11,,"Received by API, awaiting worker"
2026-03-31 13:40:02,2026-04-26 19:23:35,26d,GBPCAD,BUY,CLOSED,ACG-DEMO-2,demand,,DIR_CLOSE,LDN,LIVE,1.84124,1.84043,1.84327,,,,8.1,2.5,100,-307.27000000000004,,Exit received from TradingView (close=23970.91) but entry was filtered — PnL not recorded.
2026-03-31 10:30:05,2026-04-26 19:23:35,26d,USDJPY,SELL,CLOSED,ACG-DEMO-2,supply,,DIR_CLOSE,LDN,LIVE,159.747,159.717,159.564,,,,6.1,3,75,346.33,,"Received by API, awaiting worker"
2026-03-31 10:15:03,2026-04-26 19:23:35,26d,NZDJPY,BUY,CLOSED,ACG-DEMO-2,demand,,DIR_CLOSE,LDN,LIVE,91.132,91.162,91.318,,,,6.2,3,80,77.84,,"Received by API, awaiting worker"
2026-03-31 10:05:02,2026-04-26 19:23:34,26d,USDJPY,SELL,CLOSED,ACG-DEMO-2,supply,,FLIP,LDN,LIVE,159.691,159.764,159.508,,,,7.3,2.5,95,-270.46,,"Received by API, awaiting worker"
2026-03-31 09:15:01,,,NAS100,BUY,RISK_REJECTED,ACG-DEMO-2,demand,,DIR_CLOSE,Asia,LIVE,23126.8,23115.5,23160.5,,,,,,90,,,"Consistency (ACG-DEMO-2): Consistency violation risk: If this trade wins, today would be 100.0% of total profit (limit: 40.0%). Trade blocked to preserve consistency."
2026-03-30 20:40:01,,,XAUUSD,BUY,RISK_REJECTED,ACG-DEMO-2,demand,,DIR_CLOSE,NY,LIVE,4517.43,4514.6,4528.75,,,,,,95,,,"Consistency (ACG-DEMO-2): Consistency violation risk: If this trade wins, today would be 100.0% of total profit (limit: 40.0%). Trade blocked to preserve consistency."
2026-03-30 17:50:03,,,NAS100,BUY,RISK_REJECTED,ACG-DEMO-2,demand,,FLIP,NY,LIVE,23146,23099.5,23285.5,,,,,,75,,,"Consistency (ACG-DEMO-2): Consistency violation risk: If this trade wins, today would be 100.0% of total profit (limit: 40.0%). Trade blocked to preserve consistency."
2026-03-30 14:30:05,2026-04-26 19:23:34,27d,NZDJPY,SELL,CLOSED,ACG-DEMO-2,supply,,DIR_CLOSE,LDN,LIVE,91.287,91.257,91.082,91.082,,tp_hit,8.2,2.5,95,471.06,,"Received by API, awaiting worker"
2026-03-30 13:40:01,,,XAUUSD,BUY,UNEXECUTED,,demand,,BREAK_CANDLE,LDN,LIVE,4531.07,4527.27,4546.27,,,,380,4,90,,,"Exit received from TradingView (close=4526.94, outcome=loss) but entry was never executed on broker (no broker_order_id). Marking as unexecuted."
2026-03-30 12:25:00,,,NAS100,BUY,EXECUTION_FAILED,,demand,,DIR_CLOSE,LDN,LIVE,23255.7,23232.9,23324.3,,,,22.9,3,95,,,Exit received from TradingView (close=211.793) but entry was execution_failed — PnL not recorded.
2026-03-30 09:25:01,,,EURUSD,BUY,STALENESS_REJECTED,ACG-DEMO-2,demand,,DIR_CLOSE,Asia,LIVE,1.15136,1.15096,1.15256,,,,,,100,,,"Price deviation: 3.2 pips from signal entry (signal: 1.15136, current: 1.1516757). Market moved too much during webhook latency. Rejecting to prevent slippage."
2026-03-27 21:35:03,2026-04-26 19:23:34,29d,GBPCAD,BUY,CLOSED,ACG-DEMO-2,demand,,FLIP,NY,LIVE,1.84228,1.84183,1.84363,,,,4.5,3,70,-299.74,,"Received by API, awaiting worker"
2026-03-27 19:10:00,2026-04-26 19:23:34,30d,NZDJPY,SELL,CLOSED,ACG-DEMO-2,supply,,BREAK_CANDLE,NY,LIVE,92.177,92.147,91.907,,,,10.8,2.5,70,285.24,,"Received by API, awaiting worker"
2026-03-27 18:25:02,,,EURUSD,BUY,STALENESS_REJECTED,ACG-DEMO-2,demand,,DIR_CLOSE,NY,LIVE,1.15346,1.15236,1.15621,,,,,,90,,,Exit received from TradingView (close=1.15194) but entry was staleness_rejected — PnL not recorded.
2026-03-27 00:18:22,2026-04-26 19:23:34,30d,EURUSD,BUY,CLOSED,ACG-DEMO-2,,,,,LIVE,1.154,1.148,1.163,1.15376,,,,1.5,52.6,0.03,,Auto-Resolved via Watchdog
2026-03-27 00:16:02,,,EURUSD,BUY,STALENESS_REJECTED,ACG-DEMO-2,,,,,LIVE,1.085,1.08,1.095,,,,,,,,,"Price deviation: 689.3 pips from signal entry (signal: 1.085, current: 1.153935). Market moved too much during webhook latency. Rejecting to prevent slippage."
2026-03-26 15:50:04,,,USDJPY,BUY,RISK_REJECTED,ACG-DEMO-2,demand,,FLIP,NY,LIVE,159.559,159.449,159.834,,,,,,95,,,Circuit breaker open for account ACG-DEMO-2
2026-03-26 15:50:03,,,GBPUSD,SELL,RISK_REJECTED,ACG-DEMO-2,supply,,FLIP,NY,LIVE,1.33565,1.33674,1.33292,,,,,,90,,,Circuit breaker open for account ACG-DEMO-2
2026-03-26 12:45:00,,,NAS100,BUY,RISK_REJECTED,ACG-DEMO-2,demand,,DIR_CLOSE,LDN,LIVE,23980.7,23965.1,24027.3,,,,,,70,,,Circuit breaker open for account ACG-DEMO-2
2026-03-26 07:30:03,,,NZDJPY,BUY,RISK_REJECTED,ACG-DEMO,demand,,DIR_CLOSE,Asia,LIVE,92.526,92.483,92.655,,,,,,95,,,Circuit breaker open for account ACG-DEMO
2026-03-26 07:05:01,,,NAS100,BUY,RISK_REJECTED,ACG-DEMO-2,demand,,FLIP,Asia,LIVE,24158,24134.8,24227.8,,,,,,70,,,Circuit breaker open for account ACG-DEMO-2
2026-03-25 16:10:06,,,GBPCAD,BUY,EXECUTION_FAILED,,demand,,DIR_CLOSE,NY,LIVE,1.84273,1.84133,1.84553,,,,14,2,85,,,Exit received from TradingView (close=1.8464) but entry was execution_failed — PnL not recorded.
2026-03-25 16:05:02,,,NAS100,BUY,EXECUTION_FAILED,,demand,,FLIP,NY,LIVE,24204.2,24136.6,24407.1,,,,67.6,3,95,,,Exit received from TradingView (close=24126.81) but entry was execution_failed — PnL not recorded.
2026-03-25 14:25:02,,,GBPUSD,BUY,EXECUTION_FAILED,,demand,,DIR_CLOSE,NY,LIVE,1.34008,1.33899,1.34281,,,,10.9,2.5,80,,,Exit received from TradingView (close=1.33919) but entry was execution_failed — PnL not recorded.
2026-03-25 13:10:01,,,EURUSD,SELL,STALENESS_REJECTED,ACG-DEMO,supply,,DIR_CLOSE,LDN,LIVE,1.1608,1.16135,1.15915,,,,,,75,,,Exit received from TradingView (close=1.16103) but entry was staleness_rejected — PnL not recorded.
2026-03-24 17:15:04,2026-03-24 17:23:38,8m,NZDJPY,BUY,CLOSED,ACG-DEMO,demand,,DIR_CLOSE,NY,LIVE,92.453,92.367,92.668,,,,8.6,2.5,75,-124.82999999999998,,"Received by API, awaiting worker"
2026-03-24 14:25:01,2026-03-24 15:09:34,44m,NZDJPY,BUY,CLOSED,ACG-DEMO,demand,,DIR_CLOSE,NY,LIVE,92.478,92.425,92.637,92.42,,,5.3,3,75,-192.33999999999997,,Auto-Resolved via Watchdog
2026-03-24 14:15:01,2026-03-24 15:07:27,52m,GBPUSD,BUY,CLOSED,ACG-DEMO,demand,,BREAK_CANDLE,NY,LIVE,1.33946,1.33839,1.34213,1.33828,,,10.7,2.5,75,-278.46000000000004,,Exit received from TradingView (close=1.33712) but entry was filtered — PnL not recorded.
2026-03-24 13:40:00,,,NAS100,BUY,EXECUTION_FAILED,,demand,,DIR_CLOSE,LDN,LIVE,24188,24165.3,24255.8,,,,22.6,3,90,,,Exit received from TradingView (close=24169.85) but entry was execution_failed — PnL not recorded.
2026-03-24 10:15:01,,,GBPJPY,BUY,STALENESS_REJECTED,ACG-DEMO,demand,,DIR_CLOSE,LDN,LIVE,212.707,212.595,212.931,,,,,,90,,,Exit received from TradingView (close=212.582) but entry was staleness_rejected — PnL not recorded.
2026-03-24 07:50:01,2026-03-24 08:25:51,35m,USDJPY,BUY,CLOSED,ACG-DEMO,demand,,FLIP,Asia,LIVE,158.596,158.626,158.725,158.623,,,4.3,3,70,87.19,,Auto-Resolved via Watchdog
2026-03-23 19:10:02,,,XAUUSD,BUY,FILTERED,ACG-DEMO,demand,,DIR_CLOSE,NY,LIVE,4396.13,4370.41,4499.01,,,,,,70,,,Exit received from TradingView (close=4403.5) but entry was filtered — PnL not recorded.
2026-03-23 18:25:02,,,GBPUSD,BUY,FILTERED,ACG-DEMO,demand,,DIR_CLOSE,NY,LIVE,1.3392,1.33754,1.34252,,,,,,85,,,Exit received from TradingView (close=1.34258) but entry was filtered — PnL not recorded.
2026-03-23 17:50:01,,,NZDJPY,BUY,FILTERED,ACG-DEMO,demand,,FLIP,NY,LIVE,92.797,92.686,93.019,,,,,,100,,,Exit received from TradingView (close=92.712) but entry was filtered — PnL not recorded.
2026-03-23 15:45:04,,,NZDJPY,SELL,FILTERED,ACG-DEMO,supply,,DIR_CLOSE,NY,LIVE,92.692,92.858,92.36,,,,,,95,,,Exit received from TradingView (close=92.803) but entry was filtered — PnL not recorded.
2026-03-23 11:45:01,,,NAS100,BUY,FILTERED,ACG-DEMO,demand,,BREAK_CANDLE,LDN,LIVE,23660.6,23633.7,23741.2,,,,,,75,,,Exit received from TradingView (close=23632.35) but entry was filtered — PnL not recorded.
2026-03-23 11:30:03,2026-03-23 11:34:33,4m,GBPJPY,BUY,CLOSED,ACG-DEMO,demand,,DIR_CLOSE,LDN,LIVE,212,211.929,212.178,211.91,,,7.1,2.5,80,-248.54,,Auto-Resolved via Watchdog
2026-03-23 10:35:02,2026-04-08 15:35:00,16d,GBPUSD,SELL,CLOSED,ACG-DEMO,supply,,FLIP,LDN,LIVE,1.33248,1.33218,1.33063,25054,,time_stop,7.4,2.5,90,489.90000000000003,,Auto-Resolved via Watchdog
2026-03-23 10:20:00,,,NAS100,SELL,FILTERED,ACG-DEMO,supply,,FLIP,LDN,LIVE,23694.8,23716,23631.5,,,,,,95,,,Exit received from TradingView (close=23693.35) but entry was filtered — PnL not recorded.
2026-03-23 09:50:01,,,GBPJPY,SELL,RISK_REJECTED,ACG-DEMO,supply,,FLIP,LDN,LIVE,212.188,212.246,212.014,,,,,,90,,,"Consistency (ACG-DEMO): Consistency violation risk: If this trade wins, today would be 99.6% of total profit (FTMO limit: 40.0%). Trade blocked to preserve consistency."
2026-03-23 09:10:02,,,EURUSD,SELL,RISK_REJECTED,ACG-DEMO,supply,,DIR_CLOSE,LDN,LIVE,1.15327,1.15365,1.15213,,,,,,95,,,"Consistency (ACG-DEMO): Consistency violation risk: If this trade wins, today would be 62.2% of total profit (FTMO limit: 40.0%). Trade blocked to preserve consistency."
2026-03-20 21:10:02,,,GBPJPY,BUY,FILTERED,ACG-DEMO,demand,,DIR_CLOSE,NY,LIVE,212.35,212.257,212.583,,,,,,95,,,Exit received from TradingView (close=212.258) but entry was filtered — PnL not recorded.
2026-03-20 19:50:00,,,GBPCAD,SELL,FILTERED,ACG-DEMO,supply,,FLIP,NY,LIVE,1.82897,1.82981,1.82687,,,,,,90,,,Exit received from TradingView (close=1.82995) but entry was filtered — PnL not recorded.
2026-03-20 18:25:01,,,EURUSD,SELL,STALENESS_REJECTED,ACG-DEMO,supply,,DIR_CLOSE,NY,LIVE,1.15628,1.15676,1.15484,,,,,,90,,,Exit received from TradingView (close=1.15668) but entry was staleness_rejected — PnL not recorded.
2026-03-20 14:50:00,,,GBPJPY,BUY,FILTERED,ACG-DEMO,demand,,FLIP,NY,LIVE,212.348,212.311,212.459,,,,,,90,,,Exit received from TradingView (close=212.355) but entry was filtered — PnL not recorded.
2026-03-20 14:15:00,,,XAUUSD,SELL,FILTERED,ACG-DEMO,supply,,DIR_CLOSE,NY,LIVE,4685.45,4695.46,4645.41,,,,,,90,,,Exit received from TradingView (close=4645.62) but entry was filtered — PnL not recorded.
2026-03-20 12:15:03,,,NZDJPY,BUY,FILTERED,ACG-DEMO,demand,,DIR_CLOSE,LDN,LIVE,93.039,92.969,93.249,,,,,,100,,,Exit received from TradingView (close=92.959) but entry was filtered — PnL not recorded.
2026-03-20 11:10:01,,,GBPJPY,BUY,FILTERED,ACG-DEMO,demand,,DIR_CLOSE,LDN,LIVE,212.633,212.531,212.888,,,,,,95,,,Exit received from TradingView (close=212.549) but entry was filtered — PnL not recorded.
2026-03-20 10:40:01,2026-03-20 10:45:27,5m,GBPUSD,BUY,CLOSED,ACG-DEMO,demand,,BREAK_CANDLE,LDN,LIVE,1.34315,1.34265,1.34465,1.3426,,,5,3,90,-134,,Auto-Resolved via Watchdog
2026-03-20 10:40:01,2026-03-20 10:45:26,5m,USDJPY,SELL,CLOSED,ACG-DEMO,supply,,DIR_CLOSE,LDN,LIVE,158.379,158.437,158.205,158.442,,,5.8,3,70,-125.01999999999998,,Auto-Resolved via Watchdog
2026-03-20 09:50:01,,,EURUSD,SELL,STALENESS_REJECTED,ACG-DEMO,supply,,FLIP,LDN,LIVE,1.15697,1.15763,1.15499,,,,,,75,,,Exit received from TradingView (close=1.15773) but entry was staleness_rejected — PnL not recorded.
2026-03-20 09:05:01,2026-03-20 10:45:25,1h 40m,GBPCAD,BUY,CLOSED,ACG-DEMO,demand,,DIR_CLOSE,LDN,LIVE,1.84141,1.84141,1.84333,1.8414,,,6.4,3,95,-31.96,,Auto-Resolved via Watchdog
2026-03-20 08:35:01,2026-03-20 09:06:22,31m,GBPUSD,SELL,CLOSED,ACG-DEMO,supply,,FLIP,Asia,LIVE,1.3409,1.3409,1.33967,1.34093,,,4.1,3,75,-28.28,,Auto-Resolved via Watchdog
2026-03-19 13:30:05,2026-03-19 14:04:04,33m,NZDJPY,BUY,CLOSED,ACG-DEMO,demand,,DIR_CLOSE,LDN,LIVE,92.424,92.424,92.529,92.421,,,3.5,3,70,-38.82,,Auto-Resolved via Watchdog
2026-03-19 09:25:00,2026-03-19 09:44:11,19m,GBPUSD,SELL,CLOSED,ACG-DEMO,supply,,DIR_CLOSE,LDN,LIVE,1.32669,1.32738,1.32462,1.32743,,,6.9,3,100,-410.29,,Auto-Resolved via Watchdog
2026-03-18 21:05:05,,,GBPJPY,BUY,FILTERED,ACG-DEMO,demand,,FLIP,NY,LIVE,212.315,212.226,212.538,,,,,,100,,,Exit received from TradingView (close=212.26) but entry was filtered — PnL not recorded.
2026-03-18 20:25:02,,,GBPJPY,BUY,FILTERED,ACG-DEMO,demand,,DIR_CLOSE,NY,LIVE,212.463,212.42,212.592,,,,,,95,,,Exit received from TradingView (close=212.495) but entry was filtered — PnL not recorded.
2026-03-18 17:15:10,,,NZDJPY,SELL,FILTERED,ACG-DEMO,supply,,BREAK_CANDLE,NY,LIVE,93.196,93.263,92.995,,,,,,75,,,Exit received from TradingView (close=93.144) but entry was filtered — PnL not recorded.
2026-03-18 16:20:00,,,GBPJPY,BUY,FILTERED,ACG-DEMO,demand,,FLIP,NY,LIVE,212.266,212.186,212.466,,,,,,80,,,Exit received from TradingView (close=212.462) but entry was filtered — PnL not recorded.
2026-03-18 11:05:01,,,NZDJPY,SELL,FILTERED,ACG-DEMO,supply,,FLIP,LDN,LIVE,93.177,93.198,93.0825,,,,,,75,,,Exit received from TradingView (close=93.187) but entry was filtered — PnL not recorded.
2026-03-18 10:35:02,2026-03-18 13:11:27,2h 36m,GBPUSD,BUY,CLOSED,ACG-DEMO,demand,,FLIP,LDN,LIVE,1.33462,1.33403,1.33639,1.33649,,,5.9,3,100,308,,Auto-Resolved via Watchdog
2026-03-18 10:05:03,,,EURUSD,BUY,STALENESS_REJECTED,ACG-DEMO,demand,,FLIP,LDN,LIVE,1.15296,1.15224,1.15476,,,,,,100,,,Exit received from TradingView (close=1.15215) but entry was staleness_rejected — PnL not recorded.
2026-03-18 09:40:02,,,GBPUSD,BUY,FILTERED,ACG-DEMO,demand,,DIR_CLOSE,LDN,LIVE,1.33569,1.33522,1.3371,,,,,,95,,,Exit received from TradingView (close=1.335) but entry was filtered — PnL not recorded.
2026-03-18 09:40:02,2026-03-18 09:44:29,4m,GBPJPY,BUY,CLOSED,ACG-DEMO,demand,,DIR_CLOSE,LDN,LIVE,212.141,212.087,212.303,212.092,,,5.4,3,70,-542.6999999999999,,Auto-Resolved via Watchdog
2026-03-17 19:25:02,2026-03-17 23:11:56,3h 46m,GBPUSD,BUY,CLOSED,ACG-DEMO,demand,,DIR_CLOSE,NY,LIVE,1.33503,1.33434,1.33779,1.33389,,,6.9,4,95,-478.38000000000005,,Auto-Resolved via Watchdog
2026-03-17 16:05:03,,,GBPUSD,BUY,FILTERED,ACG-DEMO,demand,,FLIP,NY,LIVE,1.3347,1.334,1.3375,,,,,,95,,,Exit received from TradingView (close=1.33449) but entry was filtered — PnL not recorded.
2026-03-17 14:05:01,,,GBPUSD,BUY,FILTERED,ACG-DEMO,demand,,FLIP,NY,LIVE,1.33191,1.33106,1.33531,,,,,,95,,,Exit received from TradingView (close=1.33511) but entry was filtered — PnL not recorded.
2026-03-17 12:25:02,,,GBPCAD,BUY,FILTERED,ACG-DEMO,demand,,DIR_CLOSE,LDN,LIVE,1.82532,1.82495,1.82643,,,,,,90,,,Exit received from TradingView (close=1.82516) but entry was filtered — PnL not recorded.
2026-03-17 09:45:00,,,USDJPY,BUY,FILTERED,ACG-DEMO,demand,,DIR_CLOSE,LDN,LIVE,159.23,159.161,159.437,,,,,,95,,,Exit received from TradingView (close=159.204) but entry was filtered — PnL not recorded.
2026-03-16 21:10:01,,,NAS100,BUY,EXECUTION_FAILED,,demand,,DIR_CLOSE,NY,LIVE,24774.2,24675.8,25069.3,,,,98.4,3,90,,,Exit received from TradingView (close=24665.97) but entry was execution_failed — PnL not recorded.
2026-03-16 18:30:03,,,USDJPY,SELL,FILTERED,ACG-DEMO,supply,,DIR_CLOSE,NY,LIVE,159.309,159.37,159.126,,,,,,100,,,Compressed arrival: departure_strength 32.6 < 40.0
2026-03-16 18:30:01,,,NAS100,BUY,EXECUTION_FAILED,,demand,,DIR_CLOSE,NY,LIVE,24621.3,24608.6,24659.6,,,,12.8,3,90,,,Auto-expired by watchdog: no broker fill after 60min
2026-03-16 18:05:02,,,USDJPY,SELL,FILTERED,ACG-DEMO,supply,,FLIP,NY,LIVE,159.282,159.337,159.117,,,,,,95,,,Exit received from TradingView (close=1.33712) but entry was filtered — PnL not recorded.
2026-03-16 15:50:02,,,USDJPY,BUY,FILTERED,ACG-DEMO,demand,,FLIP,NY,LIVE,159.051,159.003,159.195,,,,,,75,,,Exit received from TradingView (close=158.963) but entry was filtered — PnL not recorded.
2026-03-16 11:15:01,2026-03-16 14:31:26,3h 16m,GBPCAD,BUY,CLOSED,ACG-DEMO,demand,,DIR_CLOSE,LDN,LIVE,1.81508,1.81434,1.81804,1.81804,,,7.4,4,80,920.7199999999999,,Auto-Resolved via Watchdog
2026-03-16 10:30:01,2026-03-16 13:15:00,2h 44m,XAUUSD,SELL,UNEXECUTED,ACG-DEMO,supply,,DIR_CLOSE,LDN,LIVE,4996.9,5003.61,4970.06,5002.33,,sl_hit,,,90,,,"PnL cleared by migration 044: marked CLOSED by exit webhook but no broker execution (broker_order_id is null). Price deviation: 330.0 pips from signal entry (signal: 4996.9, current: 4993.6). Market moved too much during webhook latency. Rejecting to prevent slippage."
2026-03-16 09:15:03,,,GBPUSD,SELL,FILTERED,ACG-DEMO,supply,,DIR_CLOSE,LDN,LIVE,1.32465,1.32558,1.32232,,,,,,100,,,Compressed arrival: departure_strength 37.51 < 40.0
2026-03-13 18:20:01,2026-03-13 18:52:19,32m,GBPJPY,SELL,CLOSED,ACG-DEMO,supply,,FLIP,NY,LIVE,211.248,211.319,211.07,,,,7.1,2.5,90,-288.84,,"Received by API, awaiting worker"
2026-03-13 16:40:00,2026-03-13 17:25:00,44m,EURUSD,SELL,CLOSED,ACG-DEMO,supply,,DIR_CLOSE,NY,LIVE,1.14735,1.1486,1.14485,1.14485,,tp_hit,12.5,2,90,486,,"Received by API, awaiting worker"
2026-03-13 15:40:04,2026-03-13 16:45:00,1h 4m,NAS100,BUY,UNEXECUTED,,demand,,DIR_CLOSE,NY,LIVE,24657.6,24593.1,24851.1,24577.07,,sl_hit,64.5,3,85,,,"PnL cleared by migration 044: marked CLOSED by exit webhook but no broker execution (broker_order_id is null). Received by API, awaiting worker"
2026-03-13 15:30:12,2026-03-13 16:05:00,34m,GBPCAD,BUY,CLOSED,ACG-DEMO,demand,,DIR_CLOSE,NY,LIVE,1.81778,1.81715,1.81967,1.81649,,sl_hit,6.3,3,85,-247.58999999999997,,"Received by API, awaiting worker"
2026-03-13 15:15:04,2026-04-16 09:35:00,33d,NZDJPY,BUY,CLOSED,ACG-DEMO,demand,,DIR_CLOSE,NY,LIVE,92.884,92.814,93.094,158.926,,tp_hit,7,3,75,-256.78000000000003,,"Received by API, awaiting worker"
2026-03-13 07:35:02,2026-03-13 09:20:00,1h 44m,USDJPY,BUY,CLOSED,ACG-DEMO,demand,,FLIP,Asia,LIVE,159.358,159.308,159.508,159.518,,tp_hit,5,3,90,369.28,,"Received by API, awaiting worker"
2026-03-13 07:20:01,2026-03-13 07:30:00,9m,USDJPY,BUY,CLOSED,ACG-DEMO,demand,,FLIP,Asia,LIVE,159.38,159.347,159.479,159.343,,sl_hit,3.3,3,100,-287.84,,"Received by API, awaiting worker"
2026-03-12 14:45:02,2026-03-12 15:05:00,19m,EURUSD,BUY,UNEXECUTED,ACG-DEMO,demand,,BREAK_CANDLE,NY,LIVE,1.15357,1.15321,1.15465,1.15458,,unknown,,,70,,,"PnL cleared by migration 044: marked CLOSED by exit webhook but no broker execution (broker_order_id is null). Price deviation: 3.6 pips from signal entry (signal: 1.15357, current: 1.153935). Market moved too much during webhook latency. Rejecting to prevent slippage."
2026-03-12 14:45:02,2026-03-12 15:55:52,1h 10m,GBPUSD,BUY,CLOSED,ACG-DEMO,demand,,BREAK_CANDLE,NY,LIVE,1.33757,1.33669,1.33977,,,,8.8,2.5,75,-272.64,,"Received by API, awaiting worker"
2026-03-12 14:30:01,2026-03-12 14:35:00,4m,GBPCAD,BUY,CLOSED,ACG-DEMO,demand,,DIR_CLOSE,NY,LIVE,1.81924,1.81854,1.82134,1.81852,,unknown,7,3,90,-253.69,,"Received by API, awaiting worker"
2026-03-11 16:30:04,2026-03-11 16:35:00,4m,NAS100,BUY,UNEXECUTED,ACG-DEMO,demand,,DIR_CLOSE,NY,LIVE,25008.3,24958.4,25157.9,24949.29,,unknown,,,95,,,"PnL cleared by migration 044: marked CLOSED by exit webhook but no broker execution (broker_order_id is null). Price deviation: 712100.0 pips from signal entry (signal: 25008.29, current: 25079.5). Market moved too much during webhook latency. Rejecting to prevent slippage."
2026-03-11 14:05:02,2026-03-11 14:15:00,9m,NZDJPY,BUY,CLOSED,ACG-DEMO,demand,,FLIP,NY,LIVE,93.904,93.852,94.06,93.888,,unknown,5.2,3,95,-2.52,,"Received by API, awaiting worker"
2026-03-11 11:20:01,2026-03-11 12:05:00,44m,GBPCAD,SELL,CLOSED,ACG-DEMO,supply,,FLIP,LDN,LIVE,1.82068,1.82176,1.81798,1.82161,,unknown,10.8,2.5,95,-231.54000000000002,,"Received by API, awaiting worker"
2026-03-11 08:35:02,2026-03-11 08:45:01,9m,NZDJPY,BUY,UNEXECUTED,,demand,,FLIP,Asia,LIVE,93.888,93.855,93.987,93.866,,unknown,3.3,3,90,,,"PnL cleared by migration 044: marked CLOSED by exit webhook but no broker execution (broker_order_id is null). Received by API, awaiting worker"
2026-03-10 20:25:01,2026-03-10 21:40:00,1h 14m,EURUSD,BUY,UNEXECUTED,ACG-DEMO,demand,,DIR_CLOSE,NY,LIVE,1.16217,1.1613,1.16435,1.16145,,unknown,,,100,,,"PnL cleared by migration 044: marked CLOSED by exit webhook but no broker execution (broker_order_id is null). Price deviation: 4.9 pips from signal entry (signal: 1.16217, current: 1.1626556). Market moved too much during webhook latency. Rejecting to prevent slippage."
2026-03-10 18:10:02,2026-03-10 21:00:00,2h 49m,GBPJPY,BUY,UNEXECUTED,,demand,,DIR_CLOSE,NY,LIVE,212.099,212.002,212.342,211.997,,unknown,,2.5,95,,,"PnL cleared by migration 044: marked CLOSED by exit webhook but no broker execution (broker_order_id is null). Received by API, awaiting worker"
2026-03-10 16:05:01,2026-03-10 16:10:00,4m,NAS100,BUY,UNEXECUTED,ACG-DEMO,demand,,FLIP,NY,LIVE,24944.5,24898,25084,24879.7,,unknown,,,90,,,"PnL cleared by migration 044: marked CLOSED by exit webhook but no broker execution (broker_order_id is null). Price deviation: 422600.0 pips from signal entry (signal: 24944.49, current: 24986.75). Market moved too much during webhook latency. Rejecting to prevent slippage."
2026-03-10 15:50:05,2026-03-10 17:05:00,1h 14m,NZDJPY,BUY,UNEXECUTED,,demand,,FLIP,NY,LIVE,93.702,93.612,93.927,93.997,,unknown,,2.5,100,,,"PnL cleared by migration 044: marked CLOSED by exit webhook but no broker execution (broker_order_id is null). Received by API, awaiting worker"
2026-03-10 14:15:01,2026-03-10 14:35:00,19m,NAS100,BUY,UNEXECUTED,ACG-DEMO,demand,,DIR_CLOSE,NY,LIVE,24910.3,24878.1,25007.1,24907.1,,unknown,,,95,,,"PnL cleared by migration 044: marked CLOSED by exit webhook but no broker execution (broker_order_id is null). Price deviation: 271600.0 pips from signal entry (signal: 24910.34, current: 24937.5). Market moved too much during webhook latency. Rejecting to prevent slippage."
2026-03-10 13:10:01,2026-03-10 14:10:00,59m,EURUSD,SELL,UNEXECUTED,ACG-DEMO,supply,,DIR_CLOSE,LDN,LIVE,1.16451,1.1654,1.16228,1.16246,,unknown,,,70,,,"PnL cleared by migration 044: marked CLOSED by exit webhook but no broker execution (broker_order_id is null). Price deviation: 3.1 pips from signal entry (signal: 1.16451, current: 1.1648223). Market moved too much during webhook latency. Rejecting to prevent slippage."
2026-03-10 11:25:02,2026-03-10 12:15:00,49m,GBPCAD,BUY,CLOSED,ACG-DEMO,demand,,DIR_CLOSE,LDN,LIVE,1.82716,1.82655,1.82899,1.82631,,unknown,,3,100,-300.09000000000003,,"Received by API, awaiting worker"
2026-03-09 21:40:03,2026-03-09 21:45:01,4m,GBPJPY,BUY,UNEXECUTED,,demand,,DIR_CLOSE,NY,LIVE,212.056,211.947,212.329,211.974,,unknown,,2.5,95,,,"PnL cleared by migration 044: marked CLOSED by exit webhook but no broker execution (broker_order_id is null). Received by API, awaiting worker"
2026-03-09 21:05:01,2026-03-09 21:10:00,4m,NAS100,BUY,UNEXECUTED,ACG-DEMO,demand,,FLIP,NY,LIVE,24633.4,24620.1,24673.1,24637.4,,unknown,,,85,,,"PnL cleared by migration 044: marked CLOSED by exit webhook but no broker execution (broker_order_id is null). Price deviation: 536300.0 pips from signal entry (signal: 24633.37, current: 24687.0). Market moved too much during webhook latency. Rejecting to prevent slippage."
2026-03-09 15:50:05,2026-03-09 16:00:00,9m,XAUUSD,BUY,UNEXECUTED,ACG-DEMO,demand,,FLIP,NY,LIVE,5081.76,5068.5,5134.8,5073.81,,unknown,,,70,,,"PnL cleared by migration 044: marked CLOSED by exit webhook but no broker execution (broker_order_id is null). Futures (Mangoe): FLIP entry requires bar_time for 15m/1H boundary check. Use Break of Candle or Directional Close, or ensure Flip occurs on 15m/1H candle open."
2026-03-09 13:40:02,2026-03-09 15:30:02,1h 49m,NZDJPY,SELL,UNEXECUTED,,supply,,DIR_CLOSE,LDN,LIVE,93.626,93.684,93.452,93.679,,unknown,,3,75,,,"PnL cleared by migration 044: marked CLOSED by exit webhook but no broker execution (broker_order_id is null). Received by API, awaiting worker"
2026-03-09 10:45:00,2026-03-09 13:10:00,2h 24m,GBPJPY,BUY,UNEXECUTED,,demand,,BREAK_CANDLE,LDN,LIVE,211.195,211.022,211.541,211.508,,unknown,,2,95,,,"PnL cleared by migration 044: marked CLOSED by exit webhook but no broker execution (broker_order_id is null). Received by API, awaiting worker"
2026-03-09 07:45:02,2026-03-09 07:50:00,4m,NZDJPY,BUY,UNEXECUTED,,demand,,DIR_CLOSE,Asia,LIVE,93.297,93.231,93.495,93.308,,unknown,,3,95,,,"PnL cleared by migration 044: marked CLOSED by exit webhook but no broker execution (broker_order_id is null). Received by API, awaiting worker"
2026-03-05 17:05:04,2026-03-05 18:05:00,59m,NZDJPY,SELL,UNEXECUTED,,supply,,FLIP,NY,LIVE,93.07,93.202,92.806,92.805,,unknown,,,95,,,PnL cleared by migration 044: marked CLOSED by exit webhook but no broker execution (broker_order_id is null). Symbol NZDJPY not in profitable whitelist (see PROFITABLE_SYMBOLS in worker.py)
2026-03-05 16:40:06,2026-03-05 16:50:00,9m,NAS100,SELL,CLOSED,Paper,supply,,DIR_CLOSE,NY,PAPER,25063.7,25098.2,24960.2,25060.3,,unknown,,3,70,-262.01,,"Received by API, awaiting worker"
2026-03-05 16:33:58,2026-03-11 12:28:10,5d,GBPCAD,SELL,CLOSED,ACG-DEMO,,,,,LIVE,1.82167,1.825,1.815,,,STALE_CLEANUP,,2.003,50,0.6599999999999999,,"Received by API, awaiting worker"
2026-03-05 16:30:41,,,GBPCAD,SELL,RECEIVED,,,,,,LIVE,1.82167,1.825,1.815,,,,,,,,,"Received by API, awaiting worker"
2026-03-05 16:23:30,2026-03-11 12:28:10,5d,GBPCAD,SELL,CLOSED,,,,,,LIVE,1.82167,1.825,1.815,,,STALE_CLEANUP,,2.003,50,,,"Received by API, awaiting worker"
2026-03-05 16:16:12,2026-03-11 12:28:11,5d,GBPCAD,SELL,CLOSED,,,,,,LIVE,1.82167,1.825,1.815,,,STALE_CLEANUP,,2.003,50,,,"Received by API, awaiting worker"
2026-03-05 16:03:18,2026-03-11 12:28:11,5d,GBPCAD,SELL,CLOSED,,,,,,LIVE,1.82167,1.825,1.815,,,STALE_CLEANUP,,2.003,50,,,"Received by API, awaiting worker"
2026-03-05 15:54:40,2026-03-11 12:28:11,5d,GBPCAD,SELL,CLOSED,,,,,,LIVE,1.82167,1.825,1.815,,,STALE_CLEANUP,,2.003,50,,,"Received by API, awaiting worker"
2026-03-05 15:47:50,2026-03-11 12:28:10,5d,GBPCAD,SELL,CLOSED,,,,,,LIVE,1.82167,1.825,1.815,,,STALE_CLEANUP,,2.003,50,,,"Received by API, awaiting worker"
2026-03-05 15:35:01,2026-03-05 15:50:00,14m,GBPUSD,BUY,CLOSED,Paper,demand,,FLIP,NY,PAPER,1.33548,1.33451,1.33791,1.33399,,unknown,,2.5,95,-304.12,,"Received by API, awaiting worker"
2026-03-05 15:30:07,2026-03-05 15:35:02,4m,NZDJPY,BUY,UNEXECUTED,,demand,,DIR_CLOSE,NY,PAPER,93.231,93.187,93.363,93.225,,unknown,,,90,,,PnL cleared by migration 044: marked CLOSED by exit webhook but no broker execution (broker_order_id is null). Symbol NZDJPY not in profitable whitelist (see PROFITABLE_SYMBOLS in worker.py)
2026-03-05 14:45:42,2026-03-05 15:20:02,34m,GBPCAD,SELL,CLOSED,Paper,supply,,DIR_CLOSE,NY,PAPER,1.82167,1.82257,1.81942,1.81926,,unknown,,2.5,100,632.48,,
2026-03-05 14:45:02,,,GBPCAD,SELL,RECEIVED,,,,,,PAPER,1.82167,1.82257,1.81942,,,,,,,,,"Received by API, awaiting worker"
2026-03-05 14:30:38,2026-04-14 23:35:00,40d,USDJPY,BUY,CLOSED,Paper,demand,,BREAK_CANDLE,NY,PAPER,157.39,157.275,157.62,158.813,,time_stop,,2,95,140.45,,
2026-03-05 14:30:02,,,USDJPY,BUY,RECEIVED,,,,,,PAPER,157.39,157.275,157.62,,,,,,,,,"Received by API, awaiting worker"