symbol,net_profit,total_trades,win_rate,profit_factor,max_drawdown,max_drawdown_pct,profitable_trades,score,timestamp,ai_quality_threshold,enable_ai_quality_filter,enable_double_tp,liq_max_distance_pips_forex,liq_max_distance_pips_gold,liq_max_distance_pips_index,liq_pivot_len,max_bars_held,max_peak_to_touch_bars,max_sweep_to_touch_bars,max_trades_per_day,max_zones,min_body_perc,min_tp_distance_pips,pvtMax,rr_mode,stop_loss_buffer_pips,use_break_even
GBPJPY,0.0,0,0.0,0.0,0.0,0.0,0,0.0,2026-04-09T16:38:12.097293,,,,,,,,,,,,,,,,dynamic,,
GBPJPY,0.0,0,0.0,0.0,0.0,0.0,0,0.0,2026-04-09T16:38:16.107310,,,,,,,,,,,,,,,,fixed_2.5,,
GBPJPY,0.0,0,0.0,0.0,0.0,0.0,0,0.0,2026-04-09T16:38:20.119001,,,,,,,,,,,,,,,,fixed_4.0,,
GBPJPY,0.0,0,0.0,0.0,0.0,0.0,0,0.0,2026-04-09T16:38:24.130698,,True,,,,,,,,,,,,,,,,
GBPJPY,0.0,0,0.0,0.0,0.0,0.0,0,0.0,2026-04-09T16:38:28.144110,,False,,,,,,,,,,,,,,,,
GBPJPY,0.0,0,0.0,0.0,0.0,0.0,0,0.0,2026-04-09T16:38:32.158813,50,,,,,,,,,,,,,,,,,
GBPJPY,0.0,0,0.0,0.0,0.0,0.0,0,0.0,2026-04-09T16:38:36.171467,60,,,,,,,,,,,,,,,,,
GBPJPY,0.0,0,0.0,0.0,0.0,0.0,0,0.0,2026-04-09T16:38:40.182458,70,,,,,,,,,,,,,,,,,
GBPJPY,0.0,0,0.0,0.0,0.0,0.0,0,0.0,2026-04-09T16:38:44.192147,,,,,,,,,,,,,,5,,,,
GBPJPY,0.0,0,0.0,0.0,0.0,0.0,0,0.0,2026-04-09T16:38:48.203950,,,,,,,,,,,,,,10,,,,
GBPJPY,0.0,0,0.0,0.0,0.0,0.0,0,0.0,2026-04-09T16:38:52.214895,,,,,,,,,,,,,,15,,,,
GBPJPY,0.0,0,0.0,0.0,0.0,0.0,0,0.0,2026-04-09T16:38:56.227934,,,,10,,,,,,,,,,,,,,
GBPJPY,0.0,0,0.0,0.0,0.0,0.0,0,0.0,2026-04-09T16:39:00.236351,,,,20,,,,,,,,,,,,,,
GBPJPY,0.0,0,0.0,0.0,0.0,0.0,0,0.0,2026-04-09T16:39:04.249121,,,,30,,,,,,,,,,,,,,
GBPJPY,0.0,0,0.0,0.0,0.0,0.0,0,0.0,2026-04-09T16:39:08.257618,,,,,,,,24,,,,,,,,,,
GBPJPY,0.0,0,0.0,0.0,0.0,0.0,0,0.0,2026-04-09T16:39:12.269777,,,,,,,,48,,,,,,,,,,
GBPJPY,0.0,0,0.0,0.0,0.0,0.0,0,0.0,2026-04-09T16:39:16.280351,,,,,,,,72,,,,,,,,,,
GBPJPY,0.0,0,0.0,0.0,0.0,0.0,0,0.0,2026-04-09T16:39:20.298835,,,,,,,,,,,,,,,,,0.5,
GBPJPY,0.0,0,0.0,0.0,0.0,0.0,0,0.0,2026-04-09T16:39:24.307524,,,,,,,,,,,,,,,,,1.0,
GBPJPY,0.0,0,0.0,0.0,0.0,0.0,0,0.0,2026-04-09T16:39:28.313005,,,,,,,,,,,,,,,,,2.0,
GBPJPY,0.0,0,0.0,0.0,0.0,0.0,0,0.0,2026-04-09T16:39:32.321289,,,,,,,,,,,,,,,,,,True
GBPJPY,0.0,0,0.0,0.0,0.0,0.0,0,0.0,2026-04-09T16:39:36.328133,,,,,,,,,,,,,,,,,,False
GBPJPY,0.0,0,0.0,0.0,0.0,0.0,0,0.0,2026-04-09T16:39:40.336455,,,True,,,,,,,,,,,,,,,
GBPJPY,0.0,0,0.0,0.0,0.0,0.0,0,0.0,2026-04-09T16:39:44.349939,,,False,,,,,,,,,,,,,,,
GBPJPY,0.0,0,0.0,0.0,0.0,0.0,0,0.0,2026-04-09T16:39:48.364795,,,,,,,3,,,,,,,,,,,
GBPJPY,0.0,0,0.0,0.0,0.0,0.0,0,0.0,2026-04-09T16:39:52.375999,,,,,,,5,,,,,,,,,,,
GBPJPY,0.0,0,0.0,0.0,0.0,0.0,0,0.0,2026-04-09T16:39:56.385943,,,,,,,8,,,,,,,,,,,
GBPJPY,0.0,0,0.0,0.0,0.0,0.0,0,0.0,2026-04-09T16:40:00.396901,,,,,,,,,,,,,,,3,,,
GBPJPY,0.0,0,0.0,0.0,0.0,0.0,0,0.0,2026-04-09T16:40:04.408604,,,,,,,,,,,,,,,5,,,
GBPJPY,0.0,0,0.0,0.0,0.0,0.0,0,0.0,2026-04-09T16:40:08.420548,,,,,,,,,,,,,,,10,,,
GBPJPY,0.0,0,0.0,0.0,0.0,0.0,0,0.0,2026-04-09T16:40:12.431970,,,,,,,,,,10,,,,,,,,
GBPJPY,0.0,0,0.0,0.0,0.0,0.0,0,0.0,2026-04-09T16:40:16.443523,,,,,,,,,,15,,,,,,,,
GBPJPY,0.0,0,0.0,0.0,0.0,0.0,0,0.0,2026-04-09T16:40:20.452821,,,,,,,,,,20,,,,,,,,
GBPJPY,0.0,0,0.0,0.0,0.0,0.0,0,0.0,2026-04-09T16:40:24.457633,,,,,,,,,25,,,,,,,,,
GBPJPY,0.0,0,0.0,0.0,0.0,0.0,0,0.0,2026-04-09T16:40:28.469615,,,,,,,,,35,,,,,,,,,
GBPJPY,0.0,0,0.0,0.0,0.0,0.0,0,0.0,2026-04-09T16:40:32.480453,,,,,,,,,50,,,,,,,,,
GBPJPY,0.0,0,0.0,0.0,0.0,0.0,0,0.0,2026-04-09T16:40:36.490662,,,,,,,,,,,,,30,,,,,
GBPJPY,0.0,0,0.0,0.0,0.0,0.0,0,0.0,2026-04-09T16:40:40.506934,,,,,,,,,,,,,50,,,,,
GBPJPY,0.0,0,0.0,0.0,0.0,0.0,0,0.0,2026-04-09T16:40:44.517774,,,,,,,,,,,,,70,,,,,
GBPJPY,0.0,0,0.0,0.0,0.0,0.0,0,0.0,2026-04-09T16:40:48.527878,,,,,,,,,,,,10,,,,,,
GBPJPY,0.0,0,0.0,0.0,0.0,0.0,0,0.0,2026-04-09T16:40:52.540508,,,,,,,,,,,,20,,,,,,
GBPJPY,0.0,0,0.0,0.0,0.0,0.0,0,0.0,2026-04-09T16:40:56.552874,,,,,,,,,,,,30,,,,,,
GBPJPY,0.0,0,0.0,0.0,0.0,0.0,0,0.0,2026-04-09T16:41:00.565198,,,,,,,,,,,1,,,,,,,
GBPJPY,0.0,0,0.0,0.0,0.0,0.0,0,0.0,2026-04-09T16:41:04.579353,,,,,,,,,,,2,,,,,,,
GBPJPY,0.0,0,0.0,0.0,0.0,0.0,0,0.0,2026-04-09T16:41:08.588129,,,,,,,,,,,3,,,,,,,
EURJPY,0.0,0,0.0,0.0,0.0,0.0,0,0.0,2026-04-09T16:41:46.862765,,,,,,,,,,,,,,,,dynamic,,
EURJPY,0.0,0,0.0,0.0,0.0,0.0,0,0.0,2026-04-09T16:41:50.873357,,,,,,,,,,,,,,,,fixed_2.5,,
EURJPY,0.0,0,0.0,0.0,0.0,0.0,0,0.0,2026-04-09T16:41:54.884407,,,,,,,,,,,,,,,,fixed_4.0,,
EURJPY,0.0,0,0.0,0.0,0.0,0.0,0,0.0,2026-04-09T16:41:58.888780,,True,,,,,,,,,,,,,,,,
EURJPY,0.0,0,0.0,0.0,0.0,0.0,0,0.0,2026-04-09T16:42:02.893837,,False,,,,,,,,,,,,,,,,
EURJPY,0.0,0,0.0,0.0,0.0,0.0,0,0.0,2026-04-09T16:42:06.901404,50,,,,,,,,,,,,,,,,,
EURJPY,0.0,0,0.0,0.0,0.0,0.0,0,0.0,2026-04-09T16:42:10.909808,60,,,,,,,,,,,,,,,,,
EURJPY,0.0,0,0.0,0.0,0.0,0.0,0,0.0,2026-04-09T16:42:14.917213,70,,,,,,,,,,,,,,,,,
EURJPY,0.0,0,0.0,0.0,0.0,0.0,0,0.0,2026-04-09T16:42:18.927127,,,,,,,,,,,,,,5,,,,
EURJPY,0.0,0,0.0,0.0,0.0,0.0,0,0.0,2026-04-09T16:42:22.939239,,,,,,,,,,,,,,10,,,,
EURJPY,0.0,0,0.0,0.0,0.0,0.0,0,0.0,2026-04-09T16:42:26.950052,,,,,,,,,,,,,,15,,,,
EURJPY,0.0,0,0.0,0.0,0.0,0.0,0,0.0,2026-04-09T16:42:30.961237,,,,10,,,,,,,,,,,,,,
EURJPY,0.0,0,0.0,0.0,0.0,0.0,0,0.0,2026-04-09T16:42:34.971549,,,,20,,,,,,,,,,,,,,
EURJPY,0.0,0,0.0,0.0,0.0,0.0,0,0.0,2026-04-09T16:42:38.982584,,,,30,,,,,,,,,,,,,,
EURJPY,0.0,0,0.0,0.0,0.0,0.0,0,0.0,2026-04-09T16:42:42.992525,,,,,,,,24,,,,,,,,,,
EURJPY,0.0,0,0.0,0.0,0.0,0.0,0,0.0,2026-04-09T16:42:47.001245,,,,,,,,48,,,,,,,,,,
EURJPY,0.0,0,0.0,0.0,0.0,0.0,0,0.0,2026-04-09T16:42:51.010104,,,,,,,,72,,,,,,,,,,
EURJPY,0.0,0,0.0,0.0,0.0,0.0,0,0.0,2026-04-09T16:42:55.022306,,,,,,,,,,,,,,,,,0.5,
EURJPY,0.0,0,0.0,0.0,0.0,0.0,0,0.0,2026-04-09T16:42:59.029896,,,,,,,,,,,,,,,,,1.0,
EURJPY,0.0,0,0.0,0.0,0.0,0.0,0,0.0,2026-04-09T16:43:03.039695,,,,,,,,,,,,,,,,,2.0,
EURJPY,0.0,0,0.0,0.0,0.0,0.0,0,0.0,2026-04-09T16:43:07.051227,,,,,,,,,,,,,,,,,,True
EURJPY,0.0,0,0.0,0.0,0.0,0.0,0,0.0,2026-04-09T16:43:11.060623,,,,,,,,,,,,,,,,,,False
EURJPY,0.0,0,0.0,0.0,0.0,0.0,0,0.0,2026-04-09T16:43:15.075399,,,True,,,,,,,,,,,,,,,
EURJPY,0.0,0,0.0,0.0,0.0,0.0,0,0.0,2026-04-09T16:43:19.086907,,,False,,,,,,,,,,,,,,,
EURJPY,0.0,0,0.0,0.0,0.0,0.0,0,0.0,2026-04-09T16:43:23.096472,,,,,,,3,,,,,,,,,,,
EURJPY,0.0,0,0.0,0.0,0.0,0.0,0,0.0,2026-04-09T16:43:27.105200,,,,,,,5,,,,,,,,,,,
EURJPY,0.0,0,0.0,0.0,0.0,0.0,0,0.0,2026-04-09T16:43:31.119238,,,,,,,8,,,,,,,,,,,
EURJPY,0.0,0,0.0,0.0,0.0,0.0,0,0.0,2026-04-09T16:43:35.130605,,,,,,,,,,,,,,,3,,,
EURJPY,0.0,0,0.0,0.0,0.0,0.0,0,0.0,2026-04-09T16:43:39.142246,,,,,,,,,,,,,,,5,,,
EURJPY,0.0,0,0.0,0.0,0.0,0.0,0,0.0,2026-04-09T16:43:43.149736,,,,,,,,,,,,,,,10,,,
EURJPY,0.0,0,0.0,0.0,0.0,0.0,0,0.0,2026-04-09T16:43:47.159357,,,,,,,,,,10,,,,,,,,
EURJPY,0.0,0,0.0,0.0,0.0,0.0,0,0.0,2026-04-09T16:43:51.175009,,,,,,,,,,15,,,,,,,,
EURJPY,0.0,0,0.0,0.0,0.0,0.0,0,0.0,2026-04-09T16:43:55.190208,,,,,,,,,,20,,,,,,,,
EURJPY,0.0,0,0.0,0.0,0.0,0.0,0,0.0,2026-04-09T16:43:59.208538,,,,,,,,,25,,,,,,,,,
EURJPY,0.0,0,0.0,0.0,0.0,0.0,0,0.0,2026-04-09T16:44:03.222342,,,,,,,,,35,,,,,,,,,
EURJPY,0.0,0,0.0,0.0,0.0,0.0,0,0.0,2026-04-09T16:44:07.235592,,,,,,,,,50,,,,,,,,,
EURJPY,0.0,0,0.0,0.0,0.0,0.0,0,0.0,2026-04-09T16:44:11.250234,,,,,,,,,,,,,30,,,,,
EURJPY,0.0,0,0.0,0.0,0.0,0.0,0,0.0,2026-04-09T16:44:15.266339,,,,,,,,,,,,,50,,,,,
EURJPY,0.0,0,0.0,0.0,0.0,0.0,0,0.0,2026-04-09T16:44:19.277771,,,,,,,,,,,,,70,,,,,
EURJPY,0.0,0,0.0,0.0,0.0,0.0,0,0.0,2026-04-09T16:44:23.292213,,,,,,,,,,,,10,,,,,,
EURJPY,0.0,0,0.0,0.0,0.0,0.0,0,0.0,2026-04-09T16:44:27.308378,,,,,,,,,,,,20,,,,,,
EURJPY,0.0,0,0.0,0.0,0.0,0.0,0,0.0,2026-04-09T16:44:31.325319,,,,,,,,,,,,30,,,,,,
EURJPY,0.0,0,0.0,0.0,0.0,0.0,0,0.0,2026-04-09T16:44:35.341966,,,,,,,,,,,1,,,,,,,
EURJPY,0.0,0,0.0,0.0,0.0,0.0,0,0.0,2026-04-09T16:44:39.359285,,,,,,,,,,,2,,,,,,,
EURJPY,0.0,0,0.0,0.0,0.0,0.0,0,0.0,2026-04-09T16:44:43.373868,,,,,,,,,,,3,,,,,,,
NZDJPY,0.0,0,0.0,0.0,0.0,0.0,0,0.0,2026-04-09T16:45:21.753963,,,,,,,,,,,,,,,,dynamic,,
NZDJPY,0.0,0,0.0,0.0,0.0,0.0,0,0.0,2026-04-09T16:45:25.771135,,,,,,,,,,,,,,,,fixed_2.5,,
NZDJPY,0.0,0,0.0,0.0,0.0,0.0,0,0.0,2026-04-09T16:45:29.784643,,,,,,,,,,,,,,,,fixed_4.0,,
NZDJPY,0.0,0,0.0,0.0,0.0,0.0,0,0.0,2026-04-09T16:45:33.803207,,True,,,,,,,,,,,,,,,,
NZDJPY,0.0,0,0.0,0.0,0.0,0.0,0,0.0,2026-04-09T16:45:37.815800,,False,,,,,,,,,,,,,,,,
NZDJPY,0.0,0,0.0,0.0,0.0,0.0,0,0.0,2026-04-09T16:45:41.830881,50,,,,,,,,,,,,,,,,,
NZDJPY,0.0,0,0.0,0.0,0.0,0.0,0,0.0,2026-04-09T16:45:45.845238,60,,,,,,,,,,,,,,,,,
NZDJPY,0.0,0,0.0,0.0,0.0,0.0,0,0.0,2026-04-09T16:45:49.859062,70,,,,,,,,,,,,,,,,,
NZDJPY,0.0,0,0.0,0.0,0.0,0.0,0,0.0,2026-04-09T16:45:53.873578,,,,,,,,,,,,,,5,,,,
NZDJPY,0.0,0,0.0,0.0,0.0,0.0,0,0.0,2026-04-09T16:45:57.889740,,,,,,,,,,,,,,10,,,,
NZDJPY,0.0,0,0.0,0.0,0.0,0.0,0,0.0,2026-04-09T16:46:01.905270,,,,,,,,,,,,,,15,,,,
NZDJPY,0.0,0,0.0,0.0,0.0,0.0,0,0.0,2026-04-09T16:46:05.919867,,,,10,,,,,,,,,,,,,,
NZDJPY,0.0,0,0.0,0.0,0.0,0.0,0,0.0,2026-04-09T16:46:09.932058,,,,20,,,,,,,,,,,,,,
NZDJPY,0.0,0,0.0,0.0,0.0,0.0,0,0.0,2026-04-09T16:46:13.944779,,,,30,,,,,,,,,,,,,,
NZDJPY,0.0,0,0.0,0.0,0.0,0.0,0,0.0,2026-04-09T16:46:17.957684,,,,,,,,24,,,,,,,,,,
NZDJPY,0.0,0,0.0,0.0,0.0,0.0,0,0.0,2026-04-09T16:46:21.971150,,,,,,,,48,,,,,,,,,,
NZDJPY,0.0,0,0.0,0.0,0.0,0.0,0,0.0,2026-04-09T16:46:25.981062,,,,,,,,72,,,,,,,,,,
NZDJPY,0.0,0,0.0,0.0,0.0,0.0,0,0.0,2026-04-09T16:46:29.992092,,,,,,,,,,,,,,,,,0.5,
NZDJPY,0.0,0,0.0,0.0,0.0,0.0,0,0.0,2026-04-09T16:46:34.007092,,,,,,,,,,,,,,,,,1.0,
NZDJPY,0.0,0,0.0,0.0,0.0,0.0,0,0.0,2026-04-09T16:46:38.021371,,,,,,,,,,,,,,,,,2.0,
NZDJPY,0.0,0,0.0,0.0,0.0,0.0,0,0.0,2026-04-09T16:46:42.034203,,,,,,,,,,,,,,,,,,True
NZDJPY,0.0,0,0.0,0.0,0.0,0.0,0,0.0,2026-04-09T16:46:46.049282,,,,,,,,,,,,,,,,,,False
NZDJPY,0.0,0,0.0,0.0,0.0,0.0,0,0.0,2026-04-09T16:46:50.063657,,,True,,,,,,,,,,,,,,,
NZDJPY,0.0,0,0.0,0.0,0.0,0.0,0,0.0,2026-04-09T16:46:54.079927,,,False,,,,,,,,,,,,,,,
NZDJPY,0.0,0,0.0,0.0,0.0,0.0,0,0.0,2026-04-09T16:46:58.095824,,,,,,,3,,,,,,,,,,,
NZDJPY,0.0,0,0.0,0.0,0.0,0.0,0,0.0,2026-04-09T16:47:02.111364,,,,,,,5,,,,,,,,,,,
NZDJPY,0.0,0,0.0,0.0,0.0,0.0,0,0.0,2026-04-09T16:47:06.127282,,,,,,,8,,,,,,,,,,,
NZDJPY,0.0,0,0.0,0.0,0.0,0.0,0,0.0,2026-04-09T16:47:10.140753,,,,,,,,,,,,,,,3,,,
NZDJPY,0.0,0,0.0,0.0,0.0,0.0,0,0.0,2026-04-09T16:47:14.155818,,,,,,,,,,,,,,,5,,,
NZDJPY,0.0,0,0.0,0.0,0.0,0.0,0,0.0,2026-04-09T16:47:18.169616,,,,,,,,,,,,,,,10,,,
NZDJPY,0.0,0,0.0,0.0,0.0,0.0,0,0.0,2026-04-09T16:47:22.185515,,,,,,,,,,10,,,,,,,,
NZDJPY,0.0,0,0.0,0.0,0.0,0.0,0,0.0,2026-04-09T16:47:26.200833,,,,,,,,,,15,,,,,,,,
NZDJPY,0.0,0,0.0,0.0,0.0,0.0,0,0.0,2026-04-09T16:47:30.215671,,,,,,,,,,20,,,,,,,,
NZDJPY,0.0,0,0.0,0.0,0.0,0.0,0,0.0,2026-04-09T16:47:34.229260,,,,,,,,,25,,,,,,,,,
NZDJPY,0.0,0,0.0,0.0,0.0,0.0,0,0.0,2026-04-09T16:47:38.238729,,,,,,,,,35,,,,,,,,,
NZDJPY,0.0,0,0.0,0.0,0.0,0.0,0,0.0,2026-04-09T16:47:42.252863,,,,,,,,,50,,,,,,,,,
NZDJPY,0.0,0,0.0,0.0,0.0,0.0,0,0.0,2026-04-09T16:47:46.268793,,,,,,,,,,,,,30,,,,,
NZDJPY,0.0,0,0.0,0.0,0.0,0.0,0,0.0,2026-04-09T16:47:50.283792,,,,,,,,,,,,,50,,,,,
NZDJPY,0.0,0,0.0,0.0,0.0,0.0,0,0.0,2026-04-09T16:47:54.298515,,,,,,,,,,,,,70,,,,,
NZDJPY,0.0,0,0.0,0.0,0.0,0.0,0,0.0,2026-04-09T16:47:58.310335,,,,,,,,,,,,10,,,,,,
NZDJPY,0.0,0,0.0,0.0,0.0,0.0,0,0.0,2026-04-09T16:48:02.321195,,,,,,,,,,,,20,,,,,,
NZDJPY,0.0,0,0.0,0.0,0.0,0.0,0,0.0,2026-04-09T16:48:06.333932,,,,,,,,,,,,30,,,,,,
NZDJPY,0.0,0,0.0,0.0,0.0,0.0,0,0.0,2026-04-09T16:48:10.344882,,,,,,,,,,,1,,,,,,,
NZDJPY,0.0,0,0.0,0.0,0.0,0.0,0,0.0,2026-04-09T16:48:14.359822,,,,,,,,,,,2,,,,,,,
NZDJPY,0.0,0,0.0,0.0,0.0,0.0,0,0.0,2026-04-09T16:48:18.373307,,,,,,,,,,,3,,,,,,,
CADJPY,0.0,0,0.0,0.0,0.0,0.0,0,0.0,2026-04-09T16:48:56.762609,,,,,,,,,,,,,,,,dynamic,,
CADJPY,0.0,0,0.0,0.0,0.0,0.0,0,0.0,2026-04-09T16:49:00.780257,,,,,,,,,,,,,,,,fixed_2.5,,
CADJPY,0.0,0,0.0,0.0,0.0,0.0,0,0.0,2026-04-09T16:49:04.790503,,,,,,,,,,,,,,,,fixed_4.0,,
CADJPY,0.0,0,0.0,0.0,0.0,0.0,0,0.0,2026-04-09T16:49:08.798617,,True,,,,,,,,,,,,,,,,
CADJPY,0.0,0,0.0,0.0,0.0,0.0,0,0.0,2026-04-09T16:49:12.810301,,False,,,,,,,,,,,,,,,,
CADJPY,0.0,0,0.0,0.0,0.0,0.0,0,0.0,2026-04-09T16:49:16.824355,50,,,,,,,,,,,,,,,,,
CADJPY,0.0,0,0.0,0.0,0.0,0.0,0,0.0,2026-04-09T16:49:20.835065,60,,,,,,,,,,,,,,,,,
CADJPY,0.0,0,0.0,0.0,0.0,0.0,0,0.0,2026-04-09T16:49:24.846199,70,,,,,,,,,,,,,,,,,
CADJPY,0.0,0,0.0,0.0,0.0,0.0,0,0.0,2026-04-09T16:49:28.853648,,,,,,,,,,,,,,5,,,,
CADJPY,0.0,0,0.0,0.0,0.0,0.0,0,0.0,2026-04-09T16:49:32.865434,,,,,,,,,,,,,,10,,,,
CADJPY,0.0,0,0.0,0.0,0.0,0.0,0,0.0,2026-04-09T16:49:36.879325,,,,,,,,,,,,,,15,,,,
CADJPY,0.0,0,0.0,0.0,0.0,0.0,0,0.0,2026-04-09T16:49:40.890604,,,,10,,,,,,,,,,,,,,
CADJPY,0.0,0,0.0,0.0,0.0,0.0,0,0.0,2026-04-09T16:49:44.902841,,,,20,,,,,,,,,,,,,,
CADJPY,0.0,0,0.0,0.0,0.0,0.0,0,0.0,2026-04-09T16:49:48.915318,,,,30,,,,,,,,,,,,,,
CADJPY,0.0,0,0.0,0.0,0.0,0.0,0,0.0,2026-04-09T16:49:52.930539,,,,,,,,24,,,,,,,,,,
CADJPY,0.0,0,0.0,0.0,0.0,0.0,0,0.0,2026-04-09T16:49:56.944255,,,,,,,,48,,,,,,,,,,
CADJPY,0.0,0,0.0,0.0,0.0,0.0,0,0.0,2026-04-09T16:50:00.957882,,,,,,,,72,,,,,,,,,,
CADJPY,0.0,0,0.0,0.0,0.0,0.0,0,0.0,2026-04-09T16:50:04.974236,,,,,,,,,,,,,,,,,0.5,
CADJPY,0.0,0,0.0,0.0,0.0,0.0,0,0.0,2026-04-09T16:50:08.991571,,,,,,,,,,,,,,,,,1.0,
CADJPY,0.0,0,0.0,0.0,0.0,0.0,0,0.0,2026-04-09T16:50:13.004510,,,,,,,,,,,,,,,,,2.0,
CADJPY,0.0,0,0.0,0.0,0.0,0.0,0,0.0,2026-04-09T16:50:17.018397,,,,,,,,,,,,,,,,,,True
CADJPY,0.0,0,0.0,0.0,0.0,0.0,0,0.0,2026-04-09T16:50:21.031853,,,,,,,,,,,,,,,,,,False
CADJPY,0.0,0,0.0,0.0,0.0,0.0,0,0.0,2026-04-09T16:50:25.042355,,,True,,,,,,,,,,,,,,,
CADJPY,0.0,0,0.0,0.0,0.0,0.0,0,0.0,2026-04-09T16:50:29.054245,,,False,,,,,,,,,,,,,,,
CADJPY,0.0,0,0.0,0.0,0.0,0.0,0,0.0,2026-04-09T16:50:33.063722,,,,,,,3,,,,,,,,,,,
CADJPY,0.0,0,0.0,0.0,0.0,0.0,0,0.0,2026-04-09T16:50:37.080963,,,,,,,5,,,,,,,,,,,
CADJPY,0.0,0,0.0,0.0,0.0,0.0,0,0.0,2026-04-09T16:50:41.090777,,,,,,,8,,,,,,,,,,,
CADJPY,0.0,0,0.0,0.0,0.0,0.0,0,0.0,2026-04-09T16:50:45.108543,,,,,,,,,,,,,,,3,,,
CADJPY,0.0,0,0.0,0.0,0.0,0.0,0,0.0,2026-04-09T16:50:49.123935,,,,,,,,,,,,,,,5,,,
CADJPY,0.0,0,0.0,0.0,0.0,0.0,0,0.0,2026-04-09T16:50:53.141536,,,,,,,,,,,,,,,10,,,
CADJPY,0.0,0,0.0,0.0,0.0,0.0,0,0.0,2026-04-09T16:50:57.155999,,,,,,,,,,10,,,,,,,,
CADJPY,0.0,0,0.0,0.0,0.0,0.0,0,0.0,2026-04-09T16:51:01.172228,,,,,,,,,,15,,,,,,,,
CADJPY,0.0,0,0.0,0.0,0.0,0.0,0,0.0,2026-04-09T16:51:05.189139,,,,,,,,,,20,,,,,,,,
CADJPY,0.0,0,0.0,0.0,0.0,0.0,0,0.0,2026-04-09T16:51:09.206929,,,,,,,,,25,,,,,,,,,
CADJPY,0.0,0,0.0,0.0,0.0,0.0,0,0.0,2026-04-09T16:51:13.224647,,,,,,,,,35,,,,,,,,,
CADJPY,0.0,0,0.0,0.0,0.0,0.0,0,0.0,2026-04-09T16:51:17.241214,,,,,,,,,50,,,,,,,,,
CADJPY,0.0,0,0.0,0.0,0.0,0.0,0,0.0,2026-04-09T16:51:21.254752,,,,,,,,,,,,,30,,,,,
CADJPY,0.0,0,0.0,0.0,0.0,0.0,0,0.0,2026-04-09T16:51:25.269221,,,,,,,,,,,,,50,,,,,
CADJPY,0.0,0,0.0,0.0,0.0,0.0,0,0.0,2026-04-09T16:51:29.284465,,,,,,,,,,,,,70,,,,,
CADJPY,0.0,0,0.0,0.0,0.0,0.0,0,0.0,2026-04-09T16:51:33.300412,,,,,,,,,,,,10,,,,,,
CADJPY,0.0,0,0.0,0.0,0.0,0.0,0,0.0,2026-04-09T16:51:37.313564,,,,,,,,,,,,20,,,,,,
CADJPY,0.0,0,0.0,0.0,0.0,0.0,0,0.0,2026-04-09T16:51:41.330734,,,,,,,,,,,,30,,,,,,
CADJPY,0.0,0,0.0,0.0,0.0,0.0,0,0.0,2026-04-09T16:51:45.335481,,,,,,,,,,,1,,,,,,,
CADJPY,0.0,0,0.0,0.0,0.0,0.0,0,0.0,2026-04-09T16:51:49.344904,,,,,,,,,,,2,,,,,,,
CADJPY,0.0,0,0.0,0.0,0.0,0.0,0,0.0,2026-04-09T16:51:53.364347,,,,,,,,,,,3,,,,,,,
AUDJPY,0.0,0,0.0,0.0,0.0,0.0,0,0.0,2026-04-09T16:52:31.745843,,,,,,,,,,,,,,,,dynamic,,
AUDJPY,0.0,0,0.0,0.0,0.0,0.0,0,0.0,2026-04-09T16:52:35.758948,,,,,,,,,,,,,,,,fixed_2.5,,
AUDJPY,0.0,0,0.0,0.0,0.0,0.0,0,0.0,2026-04-09T16:52:39.765858,,,,,,,,,,,,,,,,fixed_4.0,,
AUDJPY,0.0,0,0.0,0.0,0.0,0.0,0,0.0,2026-04-09T16:52:43.777021,,True,,,,,,,,,,,,,,,,
AUDJPY,0.0,0,0.0,0.0,0.0,0.0,0,0.0,2026-04-09T16:52:47.788747,,False,,,,,,,,,,,,,,,,
AUDJPY,0.0,0,0.0,0.0,0.0,0.0,0,0.0,2026-04-09T16:52:51.797800,50,,,,,,,,,,,,,,,,,
AUDJPY,0.0,0,0.0,0.0,0.0,0.0,0,0.0,2026-04-09T16:52:55.812072,60,,,,,,,,,,,,,,,,,
AUDJPY,0.0,0,0.0,0.0,0.0,0.0,0,0.0,2026-04-09T16:52:59.827983,70,,,,,,,,,,,,,,,,,
AUDJPY,0.0,0,0.0,0.0,0.0,0.0,0,0.0,2026-04-09T16:53:03.844745,,,,,,,,,,,,,,5,,,,
AUDJPY,0.0,0,0.0,0.0,0.0,0.0,0,0.0,2026-04-09T16:53:07.859759,,,,,,,,,,,,,,10,,,,
AUDJPY,0.0,0,0.0,0.0,0.0,0.0,0,0.0,2026-04-09T16:53:11.872925,,,,,,,,,,,,,,15,,,,
AUDJPY,0.0,0,0.0,0.0,0.0,0.0,0,0.0,2026-04-09T16:53:15.888245,,,,10,,,,,,,,,,,,,,
AUDJPY,0.0,0,0.0,0.0,0.0,0.0,0,0.0,2026-04-09T16:53:19.899152,,,,20,,,,,,,,,,,,,,
AUDJPY,0.0,0,0.0,0.0,0.0,0.0,0,0.0,2026-04-09T16:53:23.912617,,,,30,,,,,,,,,,,,,,
AUDJPY,0.0,0,0.0,0.0,0.0,0.0,0,0.0,2026-04-09T16:53:27.926586,,,,,,,,24,,,,,,,,,,
AUDJPY,0.0,0,0.0,0.0,0.0,0.0,0,0.0,2026-04-09T16:53:31.940461,,,,,,,,48,,,,,,,,,,
AUDJPY,0.0,0,0.0,0.0,0.0,0.0,0,0.0,2026-04-09T16:53:35.954367,,,,,,,,72,,,,,,,,,,
AUDJPY,0.0,0,0.0,0.0,0.0,0.0,0,0.0,2026-04-09T16:53:39.966449,,,,,,,,,,,,,,,,,0.5,
AUDJPY,0.0,0,0.0,0.0,0.0,0.0,0,0.0,2026-04-09T16:53:43.977197,,,,,,,,,,,,,,,,,1.0,
AUDJPY,0.0,0,0.0,0.0,0.0,0.0,0,0.0,2026-04-09T16:53:47.989591,,,,,,,,,,,,,,,,,2.0,
AUDJPY,0.0,0,0.0,0.0,0.0,0.0,0,0.0,2026-04-09T16:53:51.999925,,,,,,,,,,,,,,,,,,True
AUDJPY,0.0,0,0.0,0.0,0.0,0.0,0,0.0,2026-04-09T16:53:56.012685,,,,,,,,,,,,,,,,,,False
AUDJPY,0.0,0,0.0,0.0,0.0,0.0,0,0.0,2026-04-09T16:54:00.023668,,,True,,,,,,,,,,,,,,,
AUDJPY,0.0,0,0.0,0.0,0.0,0.0,0,0.0,2026-04-09T16:54:04.041409,,,False,,,,,,,,,,,,,,,
AUDJPY,0.0,0,0.0,0.0,0.0,0.0,0,0.0,2026-04-09T16:54:08.058582,,,,,,,3,,,,,,,,,,,
AUDJPY,0.0,0,0.0,0.0,0.0,0.0,0,0.0,2026-04-09T16:54:12.069374,,,,,,,5,,,,,,,,,,,
AUDJPY,0.0,0,0.0,0.0,0.0,0.0,0,0.0,2026-04-09T16:54:16.084831,,,,,,,8,,,,,,,,,,,
AUDJPY,0.0,0,0.0,0.0,0.0,0.0,0,0.0,2026-04-09T16:54:20.097894,,,,,,,,,,,,,,,3,,,
AUDJPY,0.0,0,0.0,0.0,0.0,0.0,0,0.0,2026-04-09T16:54:24.112314,,,,,,,,,,,,,,,5,,,
AUDJPY,0.0,0,0.0,0.0,0.0,0.0,0,0.0,2026-04-09T16:54:28.125567,,,,,,,,,,,,,,,10,,,
AUDJPY,0.0,0,0.0,0.0,0.0,0.0,0,0.0,2026-04-09T16:54:32.138361,,,,,,,,,,10,,,,,,,,
AUDJPY,0.0,0,0.0,0.0,0.0,0.0,0,0.0,2026-04-09T16:54:36.150528,,,,,,,,,,15,,,,,,,,
AUDJPY,0.0,0,0.0,0.0,0.0,0.0,0,0.0,2026-04-09T16:54:40.164570,,,,,,,,,,20,,,,,,,,
AUDJPY,0.0,0,0.0,0.0,0.0,0.0,0,0.0,2026-04-09T16:54:44.176865,,,,,,,,,25,,,,,,,,,
AUDJPY,0.0,0,0.0,0.0,0.0,0.0,0,0.0,2026-04-09T16:54:48.190996,,,,,,,,,35,,,,,,,,,
AUDJPY,0.0,0,0.0,0.0,0.0,0.0,0,0.0,2026-04-09T16:54:52.205531,,,,,,,,,50,,,,,,,,,
AUDJPY,0.0,0,0.0,0.0,0.0,0.0,0,0.0,2026-04-09T16:54:56.215543,,,,,,,,,,,,,30,,,,,
AUDJPY,0.0,0,0.0,0.0,0.0,0.0,0,0.0,2026-04-09T16:55:00.227812,,,,,,,,,,,,,50,,,,,
AUDJPY,0.0,0,0.0,0.0,0.0,0.0,0,0.0,2026-04-09T16:55:04.238187,,,,,,,,,,,,,70,,,,,
AUDJPY,0.0,0,0.0,0.0,0.0,0.0,0,0.0,2026-04-09T16:55:08.247751,,,,,,,,,,,,10,,,,,,
AUDJPY,0.0,0,0.0,0.0,0.0,0.0,0,0.0,2026-04-09T16:55:12.258503,,,,,,,,,,,,20,,,,,,
AUDJPY,0.0,0,0.0,0.0,0.0,0.0,0,0.0,2026-04-09T16:55:16.270425,,,,,,,,,,,,30,,,,,,
AUDJPY,0.0,0,0.0,0.0,0.0,0.0,0,0.0,2026-04-09T16:55:20.281245,,,,,,,,,,,1,,,,,,,
AUDJPY,0.0,0,0.0,0.0,0.0,0.0,0,0.0,2026-04-09T16:55:24.295523,,,,,,,,,,,2,,,,,,,
AUDJPY,0.0,0,0.0,0.0,0.0,0.0,0,0.0,2026-04-09T16:55:28.312613,,,,,,,,,,,3,,,,,,,
CHFJPY,0.0,0,0.0,0.0,0.0,0.0,0,0.0,2026-04-09T16:56:06.710052,,,,,,,,,,,,,,,,dynamic,,
CHFJPY,0.0,0,0.0,0.0,0.0,0.0,0,0.0,2026-04-09T16:56:10.722683,,,,,,,,,,,,,,,,fixed_2.5,,
CHFJPY,0.0,0,0.0,0.0,0.0,0.0,0,0.0,2026-04-09T16:56:14.740223,,,,,,,,,,,,,,,,fixed_4.0,,
CHFJPY,0.0,0,0.0,0.0,0.0,0.0,0,0.0,2026-04-09T16:56:18.754595,,True,,,,,,,,,,,,,,,,
CHFJPY,0.0,0,0.0,0.0,0.0,0.0,0,0.0,2026-04-09T16:56:22.766959,,False,,,,,,,,,,,,,,,,
CHFJPY,0.0,0,0.0,0.0,0.0,0.0,0,0.0,2026-04-09T16:56:26.776625,50,,,,,,,,,,,,,,,,,
CHFJPY,0.0,0,0.0,0.0,0.0,0.0,0,0.0,2026-04-09T16:56:30.803667,60,,,,,,,,,,,,,,,,,
CHFJPY,0.0,0,0.0,0.0,0.0,0.0,0,0.0,2026-04-09T16:56:34.821554,70,,,,,,,,,,,,,,,,,
CHFJPY,0.0,0,0.0,0.0,0.0,0.0,0,0.0,2026-04-09T16:56:38.834292,,,,,,,,,,,,,,5,,,,
CHFJPY,0.0,0,0.0,0.0,0.0,0.0,0,0.0,2026-04-09T16:56:42.845607,,,,,,,,,,,,,,10,,,,
CHFJPY,0.0,0,0.0,0.0,0.0,0.0,0,0.0,2026-04-09T16:56:46.858653,,,,,,,,,,,,,,15,,,,
CHFJPY,0.0,0,0.0,0.0,0.0,0.0,0,0.0,2026-04-09T16:56:50.871138,,,,10,,,,,,,,,,,,,,
CHFJPY,0.0,0,0.0,0.0,0.0,0.0,0,0.0,2026-04-09T16:56:54.886967,,,,20,,,,,,,,,,,,,,
CHFJPY,0.0,0,0.0,0.0,0.0,0.0,0,0.0,2026-04-09T16:56:58.901018,,,,30,,,,,,,,,,,,,,
CHFJPY,0.0,0,0.0,0.0,0.0,0.0,0,0.0,2026-04-09T16:57:02.919861,,,,,,,,24,,,,,,,,,,
CHFJPY,0.0,0,0.0,0.0,0.0,0.0,0,0.0,2026-04-09T16:57:06.927101,,,,,,,,48,,,,,,,,,,
CHFJPY,0.0,0,0.0,0.0,0.0,0.0,0,0.0,2026-04-09T16:57:10.939543,,,,,,,,72,,,,,,,,,,
CHFJPY,0.0,0,0.0,0.0,0.0,0.0,0,0.0,2026-04-09T16:57:14.955499,,,,,,,,,,,,,,,,,0.5,
CHFJPY,0.0,0,0.0,0.0,0.0,0.0,0,0.0,2026-04-09T16:57:18.971748,,,,,,,,,,,,,,,,,1.0,
CHFJPY,0.0,0,0.0,0.0,0.0,0.0,0,0.0,2026-04-09T16:57:22.979123,,,,,,,,,,,,,,,,,2.0,
CHFJPY,0.0,0,0.0,0.0,0.0,0.0,0,0.0,2026-04-09T16:57:26.991720,,,,,,,,,,,,,,,,,,True
CHFJPY,0.0,0,0.0,0.0,0.0,0.0,0,0.0,2026-04-09T16:57:31.001943,,,,,,,,,,,,,,,,,,False
CHFJPY,0.0,0,0.0,0.0,0.0,0.0,0,0.0,2026-04-09T16:57:35.012053,,,True,,,,,,,,,,,,,,,
CHFJPY,0.0,0,0.0,0.0,0.0,0.0,0,0.0,2026-04-09T16:57:39.025570,,,False,,,,,,,,,,,,,,,
CHFJPY,0.0,0,0.0,0.0,0.0,0.0,0,0.0,2026-04-09T16:57:43.036659,,,,,,,3,,,,,,,,,,,
CHFJPY,0.0,0,0.0,0.0,0.0,0.0,0,0.0,2026-04-09T16:57:47.047689,,,,,,,5,,,,,,,,,,,
CHFJPY,0.0,0,0.0,0.0,0.0,0.0,0,0.0,2026-04-09T16:57:51.058420,,,,,,,8,,,,,,,,,,,
CHFJPY,0.0,0,0.0,0.0,0.0,0.0,0,0.0,2026-04-09T16:57:55.072630,,,,,,,,,,,,,,,3,,,
CHFJPY,0.0,0,0.0,0.0,0.0,0.0,0,0.0,2026-04-09T16:57:59.082794,,,,,,,,,,,,,,,5,,,
CHFJPY,0.0,0,0.0,0.0,0.0,0.0,0,0.0,2026-04-09T16:58:03.096006,,,,,,,,,,,,,,,10,,,
CHFJPY,0.0,0,0.0,0.0,0.0,0.0,0,0.0,2026-04-09T16:58:07.104520,,,,,,,,,,10,,,,,,,,
CHFJPY,0.0,0,0.0,0.0,0.0,0.0,0,0.0,2026-04-09T16:58:11.117545,,,,,,,,,,15,,,,,,,,
CHFJPY,0.0,0,0.0,0.0,0.0,0.0,0,0.0,2026-04-09T16:58:15.129917,,,,,,,,,,20,,,,,,,,
CHFJPY,0.0,0,0.0,0.0,0.0,0.0,0,0.0,2026-04-09T16:58:19.139651,,,,,,,,,25,,,,,,,,,
CHFJPY,0.0,0,0.0,0.0,0.0,0.0,0,0.0,2026-04-09T16:58:23.152329,,,,,,,,,35,,,,,,,,,
CHFJPY,0.0,0,0.0,0.0,0.0,0.0,0,0.0,2026-04-09T16:58:27.161288,,,,,,,,,50,,,,,,,,,
CHFJPY,0.0,0,0.0,0.0,0.0,0.0,0,0.0,2026-04-09T16:58:31.173780,,,,,,,,,,,,,30,,,,,
CHFJPY,0.0,0,0.0,0.0,0.0,0.0,0,0.0,2026-04-09T16:58:35.185357,,,,,,,,,,,,,50,,,,,
CHFJPY,0.0,0,0.0,0.0,0.0,0.0,0,0.0,2026-04-09T16:58:39.196166,,,,,,,,,,,,,70,,,,,
CHFJPY,0.0,0,0.0,0.0,0.0,0.0,0,0.0,2026-04-09T16:58:43.221217,,,,,,,,,,,,10,,,,,,
CHFJPY,0.0,0,0.0,0.0,0.0,0.0,0,0.0,2026-04-09T16:58:47.236425,,,,,,,,,,,,20,,,,,,
CHFJPY,0.0,0,0.0,0.0,0.0,0.0,0,0.0,2026-04-09T16:58:51.250700,,,,,,,,,,,,30,,,,,,
CHFJPY,0.0,0,0.0,0.0,0.0,0.0,0,0.0,2026-04-09T16:58:55.265857,,,,,,,,,,,1,,,,,,,
CHFJPY,0.0,0,0.0,0.0,0.0,0.0,0,0.0,2026-04-09T16:58:59.278101,,,,,,,,,,,2,,,,,,,
CHFJPY,0.0,0,0.0,0.0,0.0,0.0,0,0.0,2026-04-09T16:59:03.286154,,,,,,,,,,,3,,,,,,,
EURGBP,0.0,0,0.0,0.0,0.0,0.0,0,0.0,2026-04-09T16:59:41.576090,,,,,,,,,,,,,,,,dynamic,,
EURGBP,0.0,0,0.0,0.0,0.0,0.0,0,0.0,2026-04-09T16:59:45.587261,,,,,,,,,,,,,,,,fixed_2.5,,
EURGBP,0.0,0,0.0,0.0,0.0,0.0,0,0.0,2026-04-09T16:59:49.593657,,,,,,,,,,,,,,,,fixed_4.0,,
EURGBP,0.0,0,0.0,0.0,0.0,0.0,0,0.0,2026-04-09T16:59:53.599769,,True,,,,,,,,,,,,,,,,
EURGBP,0.0,0,0.0,0.0,0.0,0.0,0,0.0,2026-04-09T16:59:57.612404,,False,,,,,,,,,,,,,,,,
EURGBP,0.0,0,0.0,0.0,0.0,0.0,0,0.0,2026-04-09T17:00:01.624267,50,,,,,,,,,,,,,,,,,
EURGBP,0.0,0,0.0,0.0,0.0,0.0,0,0.0,2026-04-09T17:00:05.639735,60,,,,,,,,,,,,,,,,,
EURGBP,0.0,0,0.0,0.0,0.0,0.0,0,0.0,2026-04-09T17:00:09.647227,70,,,,,,,,,,,,,,,,,
EURGBP,0.0,0,0.0,0.0,0.0,0.0,0,0.0,2026-04-09T17:00:13.671776,,,,,,,,,,,,,,5,,,,
EURGBP,0.0,0,0.0,0.0,0.0,0.0,0,0.0,2026-04-09T17:00:17.691177,,,,,,,,,,,,,,10,,,,
EURGBP,0.0,0,0.0,0.0,0.0,0.0,0,0.0,2026-04-09T17:00:21.706587,,,,,,,,,,,,,,15,,,,
EURGBP,0.0,0,0.0,0.0,0.0,0.0,0,0.0,2026-04-09T17:00:25.725322,,,,10,,,,,,,,,,,,,,
EURGBP,0.0,0,0.0,0.0,0.0,0.0,0,0.0,2026-04-09T17:00:29.740947,,,,20,,,,,,,,,,,,,,
EURGBP,0.0,0,0.0,0.0,0.0,0.0,0,0.0,2026-04-09T17:00:33.752886,,,,30,,,,,,,,,,,,,,
EURGBP,0.0,0,0.0,0.0,0.0,0.0,0,0.0,2026-04-09T17:00:37.768838,,,,,,,,24,,,,,,,,,,
EURGBP,0.0,0,0.0,0.0,0.0,0.0,0,0.0,2026-04-09T17:00:41.786064,,,,,,,,48,,,,,,,,,,
EURGBP,0.0,0,0.0,0.0,0.0,0.0,0,0.0,2026-04-09T17:00:45.797021,,,,,,,,72,,,,,,,,,,
EURGBP,0.0,0,0.0,0.0,0.0,0.0,0,0.0,2026-04-09T17:00:49.807755,,,,,,,,,,,,,,,,,0.5,
EURGBP,0.0,0,0.0,0.0,0.0,0.0,0,0.0,2026-04-09T17:00:53.817973,,,,,,,,,,,,,,,,,1.0,
EURGBP,0.0,0,0.0,0.0,0.0,0.0,0,0.0,2026-04-09T17:00:57.828559,,,,,,,,,,,,,,,,,2.0,
EURGBP,0.0,0,0.0,0.0,0.0,0.0,0,0.0,2026-04-09T17:01:01.840266,,,,,,,,,,,,,,,,,,True
EURGBP,0.0,0,0.0,0.0,0.0,0.0,0,0.0,2026-04-09T17:01:05.855290,,,,,,,,,,,,,,,,,,False
EURGBP,0.0,0,0.0,0.0,0.0,0.0,0,0.0,2026-04-09T17:01:09.876902,,,True,,,,,,,,,,,,,,,
EURGBP,0.0,0,0.0,0.0,0.0,0.0,0,0.0,2026-04-09T17:01:13.888757,,,False,,,,,,,,,,,,,,,
EURGBP,0.0,0,0.0,0.0,0.0,0.0,0,0.0,2026-04-09T17:01:17.902424,,,,,,,3,,,,,,,,,,,
EURGBP,0.0,0,0.0,0.0,0.0,0.0,0,0.0,2026-04-09T17:01:21.917400,,,,,,,5,,,,,,,,,,,
EURGBP,0.0,0,0.0,0.0,0.0,0.0,0,0.0,2026-04-09T17:01:25.929822,,,,,,,8,,,,,,,,,,,
EURGBP,0.0,0,0.0,0.0,0.0,0.0,0,0.0,2026-04-09T17:01:29.942503,,,,,,,,,,,,,,,3,,,
EURGBP,0.0,0,0.0,0.0,0.0,0.0,0,0.0,2026-04-09T17:01:33.952573,,,,,,,,,,,,,,,5,,,
EURGBP,0.0,0,0.0,0.0,0.0,0.0,0,0.0,2026-04-09T17:01:37.958526,,,,,,,,,,,,,,,10,,,
EURGBP,0.0,0,0.0,0.0,0.0,0.0,0,0.0,2026-04-09T17:01:41.969695,,,,,,,,,,10,,,,,,,,
EURGBP,0.0,0,0.0,0.0,0.0,0.0,0,0.0,2026-04-09T17:01:45.987871,,,,,,,,,,15,,,,,,,,
EURGBP,0.0,0,0.0,0.0,0.0,0.0,0,0.0,2026-04-09T17:01:50.008830,,,,,,,,,,20,,,,,,,,
EURGBP,0.0,0,0.0,0.0,0.0,0.0,0,0.0,2026-04-09T17:01:54.024389,,,,,,,,,25,,,,,,,,,
EURGBP,0.0,0,0.0,0.0,0.0,0.0,0,0.0,2026-04-09T17:01:58.041442,,,,,,,,,35,,,,,,,,,
EURGBP,0.0,0,0.0,0.0,0.0,0.0,0,0.0,2026-04-09T17:02:02.057049,,,,,,,,,50,,,,,,,,,
EURGBP,0.0,0,0.0,0.0,0.0,0.0,0,0.0,2026-04-09T17:02:06.067848,,,,,,,,,,,,,30,,,,,
EURGBP,0.0,0,0.0,0.0,0.0,0.0,0,0.0,2026-04-09T17:02:10.078710,,,,,,,,,,,,,50,,,,,
EURGBP,0.0,0,0.0,0.0,0.0,0.0,0,0.0,2026-04-09T17:02:14.091173,,,,,,,,,,,,,70,,,,,
EURGBP,0.0,0,0.0,0.0,0.0,0.0,0,0.0,2026-04-09T17:02:18.102200,,,,,,,,,,,,10,,,,,,
EURGBP,0.0,0,0.0,0.0,0.0,0.0,0,0.0,2026-04-09T17:02:22.110589,,,,,,,,,,,,20,,,,,,
EURGBP,0.0,0,0.0,0.0,0.0,0.0,0,0.0,2026-04-09T17:02:26.122844,,,,,,,,,,,,30,,,,,,
EURGBP,0.0,0,0.0,0.0,0.0,0.0,0,0.0,2026-04-09T17:02:30.136253,,,,,,,,,,,1,,,,,,,
EURGBP,0.0,0,0.0,0.0,0.0,0.0,0,0.0,2026-04-09T17:02:34.149025,,,,,,,,,,,2,,,,,,,
EURGBP,0.0,0,0.0,0.0,0.0,0.0,0,0.0,2026-04-09T17:02:38.161443,,,,,,,,,,,3,,,,,,,
GBPAUD,0.0,0,0.0,0.0,0.0,0.0,0,0.0,2026-04-09T17:03:16.546074,,,,,,,,,,,,,,,,dynamic,,
GBPAUD,0.0,0,0.0,0.0,0.0,0.0,0,0.0,2026-04-09T17:03:20.561628,,,,,,,,,,,,,,,,fixed_2.5,,
GBPAUD,0.0,0,0.0,0.0,0.0,0.0,0,0.0,2026-04-09T17:03:24.568398,,,,,,,,,,,,,,,,fixed_4.0,,
GBPAUD,0.0,0,0.0,0.0,0.0,0.0,0,0.0,2026-04-09T17:03:28.578750,,True,,,,,,,,,,,,,,,,
GBPAUD,0.0,0,0.0,0.0,0.0,0.0,0,0.0,2026-04-09T17:03:32.589214,,False,,,,,,,,,,,,,,,,
GBPAUD,0.0,0,0.0,0.0,0.0,0.0,0,0.0,2026-04-09T17:03:36.600333,50,,,,,,,,,,,,,,,,,
GBPAUD,0.0,0,0.0,0.0,0.0,0.0,0,0.0,2026-04-09T17:03:40.610757,60,,,,,,,,,,,,,,,,,
GBPAUD,0.0,0,0.0,0.0,0.0,0.0,0,0.0,2026-04-09T17:03:44.621944,70,,,,,,,,,,,,,,,,,
GBPAUD,0.0,0,0.0,0.0,0.0,0.0,0,0.0,2026-04-09T17:03:48.636322,,,,,,,,,,,,,,5,,,,
GBPAUD,0.0,0,0.0,0.0,0.0,0.0,0,0.0,2026-04-09T17:03:52.645951,,,,,,,,,,,,,,10,,,,
GBPAUD,0.0,0,0.0,0.0,0.0,0.0,0,0.0,2026-04-09T17:03:56.660275,,,,,,,,,,,,,,15,,,,
GBPAUD,0.0,0,0.0,0.0,0.0,0.0,0,0.0,2026-04-09T17:04:00.673222,,,,10,,,,,,,,,,,,,,
GBPAUD,0.0,0,0.0,0.0,0.0,0.0,0,0.0,2026-04-09T17:04:04.686220,,,,20,,,,,,,,,,,,,,
GBPAUD,0.0,0,0.0,0.0,0.0,0.0,0,0.0,2026-04-09T17:04:08.700077,,,,30,,,,,,,,,,,,,,
GBPAUD,0.0,0,0.0,0.0,0.0,0.0,0,0.0,2026-04-09T17:04:12.711487,,,,,,,,24,,,,,,,,,,
GBPAUD,0.0,0,0.0,0.0,0.0,0.0,0,0.0,2026-04-09T17:04:16.735252,,,,,,,,48,,,,,,,,,,
GBPAUD,0.0,0,0.0,0.0,0.0,0.0,0,0.0,2026-04-09T17:04:20.749898,,,,,,,,72,,,,,,,,,,
GBPAUD,0.0,0,0.0,0.0,0.0,0.0,0,0.0,2026-04-09T17:04:24.768996,,,,,,,,,,,,,,,,,0.5,
GBPAUD,0.0,0,0.0,0.0,0.0,0.0,0,0.0,2026-04-09T17:04:28.782454,,,,,,,,,,,,,,,,,1.0,
GBPAUD,0.0,0,0.0,0.0,0.0,0.0,0,0.0,2026-04-09T17:04:32.797721,,,,,,,,,,,,,,,,,2.0,
GBPAUD,0.0,0,0.0,0.0,0.0,0.0,0,0.0,2026-04-09T17:04:36.812080,,,,,,,,,,,,,,,,,,True
GBPAUD,0.0,0,0.0,0.0,0.0,0.0,0,0.0,2026-04-09T17:04:40.817920,,,,,,,,,,,,,,,,,,False
GBPAUD,0.0,0,0.0,0.0,0.0,0.0,0,0.0,2026-04-09T17:04:44.829150,,,True,,,,,,,,,,,,,,,
GBPAUD,0.0,0,0.0,0.0,0.0,0.0,0,0.0,2026-04-09T17:04:48.844358,,,False,,,,,,,,,,,,,,,
GBPAUD,0.0,0,0.0,0.0,0.0,0.0,0,0.0,2026-04-09T17:04:52.857000,,,,,,,3,,,,,,,,,,,
GBPAUD,0.0,0,0.0,0.0,0.0,0.0,0,0.0,2026-04-09T17:04:56.874895,,,,,,,5,,,,,,,,,,,
GBPAUD,0.0,0,0.0,0.0,0.0,0.0,0,0.0,2026-04-09T17:05:00.896071,,,,,,,8,,,,,,,,,,,
GBPAUD,0.0,0,0.0,0.0,0.0,0.0,0,0.0,2026-04-09T17:05:04.906258,,,,,,,,,,,,,,,3,,,
GBPAUD,0.0,0,0.0,0.0,0.0,0.0,0,0.0,2026-04-09T17:05:08.915443,,,,,,,,,,,,,,,5,,,
GBPAUD,0.0,0,0.0,0.0,0.0,0.0,0,0.0,2026-04-09T17:05:12.920580,,,,,,,,,,,,,,,10,,,
GBPAUD,0.0,0,0.0,0.0,0.0,0.0,0,0.0,2026-04-09T17:05:16.928643,,,,,,,,,,10,,,,,,,,
GBPAUD,0.0,0,0.0,0.0,0.0,0.0,0,0.0,2026-04-09T17:05:20.939274,,,,,,,,,,15,,,,,,,,
GBPAUD,0.0,0,0.0,0.0,0.0,0.0,0,0.0,2026-04-09T17:05:24.946880,,,,,,,,,,20,,,,,,,,
GBPAUD,0.0,0,0.0,0.0,0.0,0.0,0,0.0,2026-04-09T17:05:28.961748,,,,,,,,,25,,,,,,,,,
GBPAUD,0.0,0,0.0,0.0,0.0,0.0,0,0.0,2026-04-09T17:05:32.969100,,,,,,,,,35,,,,,,,,,
GBPAUD,0.0,0,0.0,0.0,0.0,0.0,0,0.0,2026-04-09T17:05:36.975002,,,,,,,,,50,,,,,,,,,
GBPAUD,0.0,0,0.0,0.0,0.0,0.0,0,0.0,2026-04-09T17:05:40.980417,,,,,,,,,,,,,30,,,,,
GBPAUD,0.0,0,0.0,0.0,0.0,0.0,0,0.0,2026-04-09T17:05:44.986808,,,,,,,,,,,,,50,,,,,
GBPAUD,0.0,0,0.0,0.0,0.0,0.0,0,0.0,2026-04-09T17:05:48.996966,,,,,,,,,,,,,70,,,,,
GBPAUD,0.0,0,0.0,0.0,0.0,0.0,0,0.0,2026-04-09T17:05:53.010289,,,,,,,,,,,,10,,,,,,
GBPAUD,0.0,0,0.0,0.0,0.0,0.0,0,0.0,2026-04-09T17:05:57.017807,,,,,,,,,,,,20,,,,,,
GBPAUD,0.0,0,0.0,0.0,0.0,0.0,0,0.0,2026-04-09T17:06:01.035335,,,,,,,,,,,,30,,,,,,
GBPAUD,0.0,0,0.0,0.0,0.0,0.0,0,0.0,2026-04-09T17:06:05.044466,,,,,,,,,,,1,,,,,,,
GBPAUD,0.0,0,0.0,0.0,0.0,0.0,0,0.0,2026-04-09T17:06:09.054537,,,,,,,,,,,2,,,,,,,
GBPAUD,0.0,0,0.0,0.0,0.0,0.0,0,0.0,2026-04-09T17:06:13.071178,,,,,,,,,,,3,,,,,,,
GBPCAD,0.0,0,0.0,0.0,0.0,0.0,0,0.0,2026-04-09T17:06:51.364053,,,,,,,,,,,,,,,,dynamic,,
GBPCAD,0.0,0,0.0,0.0,0.0,0.0,0,0.0,2026-04-09T17:06:55.369756,,,,,,,,,,,,,,,,fixed_2.5,,
GBPCAD,0.0,0,0.0,0.0,0.0,0.0,0,0.0,2026-04-09T17:06:59.378656,,,,,,,,,,,,,,,,fixed_4.0,,
GBPCAD,0.0,0,0.0,0.0,0.0,0.0,0,0.0,2026-04-09T17:07:03.388958,,True,,,,,,,,,,,,,,,,
GBPCAD,0.0,0,0.0,0.0,0.0,0.0,0,0.0,2026-04-09T17:07:07.395071,,False,,,,,,,,,,,,,,,,
GBPCAD,0.0,0,0.0,0.0,0.0,0.0,0,0.0,2026-04-09T17:07:11.405252,50,,,,,,,,,,,,,,,,,
GBPCAD,0.0,0,0.0,0.0,0.0,0.0,0,0.0,2026-04-09T17:07:15.416803,60,,,,,,,,,,,,,,,,,
GBPCAD,0.0,0,0.0,0.0,0.0,0.0,0,0.0,2026-04-09T17:07:19.424457,70,,,,,,,,,,,,,,,,,
GBPCAD,0.0,0,0.0,0.0,0.0,0.0,0,0.0,2026-04-09T17:07:23.430909,,,,,,,,,,,,,,5,,,,
GBPCAD,0.0,0,0.0,0.0,0.0,0.0,0,0.0,2026-04-09T17:07:27.436654,,,,,,,,,,,,,,10,,,,
GBPCAD,0.0,0,0.0,0.0,0.0,0.0,0,0.0,2026-04-09T17:07:31.441694,,,,,,,,,,,,,,15,,,,
GBPCAD,0.0,0,0.0,0.0,0.0,0.0,0,0.0,2026-04-09T17:07:35.455826,,,,10,,,,,,,,,,,,,,
GBPCAD,0.0,0,0.0,0.0,0.0,0.0,0,0.0,2026-04-09T17:07:39.471868,,,,20,,,,,,,,,,,,,,
GBPCAD,0.0,0,0.0,0.0,0.0,0.0,0,0.0,2026-04-09T17:07:43.478220,,,,30,,,,,,,,,,,,,,
GBPCAD,0.0,0,0.0,0.0,0.0,0.0,0,0.0,2026-04-09T17:07:47.492161,,,,,,,,24,,,,,,,,,,
GBPCAD,0.0,0,0.0,0.0,0.0,0.0,0,0.0,2026-04-09T17:07:51.500921,,,,,,,,48,,,,,,,,,,
GBPCAD,0.0,0,0.0,0.0,0.0,0.0,0,0.0,2026-04-09T17:07:55.519266,,,,,,,,72,,,,,,,,,,
GBPCAD,0.0,0,0.0,0.0,0.0,0.0,0,0.0,2026-04-09T17:07:59.534426,,,,,,,,,,,,,,,,,0.5,
GBPCAD,0.0,0,0.0,0.0,0.0,0.0,0,0.0,2026-04-09T17:08:03.546784,,,,,,,,,,,,,,,,,1.0,
GBPCAD,0.0,0,0.0,0.0,0.0,0.0,0,0.0,2026-04-09T17:08:07.558943,,,,,,,,,,,,,,,,,2.0,
GBPCAD,0.0,0,0.0,0.0,0.0,0.0,0,0.0,2026-04-09T17:08:11.568259,,,,,,,,,,,,,,,,,,True
GBPCAD,0.0,0,0.0,0.0,0.0,0.0,0,0.0,2026-04-09T17:08:15.578738,,,,,,,,,,,,,,,,,,False
GBPCAD,0.0,0,0.0,0.0,0.0,0.0,0,0.0,2026-04-09T17:08:19.593975,,,True,,,,,,,,,,,,,,,
GBPCAD,0.0,0,0.0,0.0,0.0,0.0,0,0.0,2026-04-09T17:08:23.610652,,,False,,,,,,,,,,,,,,,
GBPCAD,0.0,0,0.0,0.0,0.0,0.0,0,0.0,2026-04-09T17:08:27.626829,,,,,,,3,,,,,,,,,,,
GBPCAD,0.0,0,0.0,0.0,0.0,0.0,0,0.0,2026-04-09T17:08:31.639658,,,,,,,5,,,,,,,,,,,
GBPCAD,0.0,0,0.0,0.0,0.0,0.0,0,0.0,2026-04-09T17:08:35.655627,,,,,,,8,,,,,,,,,,,
GBPCAD,0.0,0,0.0,0.0,0.0,0.0,0,0.0,2026-04-09T17:08:39.664546,,,,,,,,,,,,,,,3,,,
GBPCAD,0.0,0,0.0,0.0,0.0,0.0,0,0.0,2026-04-09T17:08:43.675720,,,,,,,,,,,,,,,5,,,
GBPCAD,0.0,0,0.0,0.0,0.0,0.0,0,0.0,2026-04-09T17:08:47.690618,,,,,,,,,,,,,,,10,,,
GBPCAD,0.0,0,0.0,0.0,0.0,0.0,0,0.0,2026-04-09T17:08:51.702562,,,,,,,,,,10,,,,,,,,
GBPCAD,0.0,0,0.0,0.0,0.0,0.0,0,0.0,2026-04-09T17:08:55.715424,,,,,,,,,,15,,,,,,,,
GBPCAD,0.0,0,0.0,0.0,0.0,0.0,0,0.0,2026-04-09T17:08:59.729075,,,,,,,,,,20,,,,,,,,
GBPCAD,0.0,0,0.0,0.0,0.0,0.0,0,0.0,2026-04-09T17:09:03.737988,,,,,,,,,25,,,,,,,,,
GBPCAD,0.0,0,0.0,0.0,0.0,0.0,0,0.0,2026-04-09T17:09:07.746450,,,,,,,,,35,,,,,,,,,
GBPCAD,0.0,0,0.0,0.0,0.0,0.0,0,0.0,2026-04-09T17:09:11.760153,,,,,,,,,50,,,,,,,,,
GBPCAD,0.0,0,0.0,0.0,0.0,0.0,0,0.0,2026-04-09T17:09:15.772525,,,,,,,,,,,,,30,,,,,
GBPCAD,0.0,0,0.0,0.0,0.0,0.0,0,0.0,2026-04-09T17:09:19.779987,,,,,,,,,,,,,50,,,,,
GBPCAD,0.0,0,0.0,0.0,0.0,0.0,0,0.0,2026-04-09T17:09:23.792339,,,,,,,,,,,,,70,,,,,
GBPCAD,0.0,0,0.0,0.0,0.0,0.0,0,0.0,2026-04-09T17:09:27.799738,,,,,,,,,,,,10,,,,,,
GBPCAD,0.0,0,0.0,0.0,0.0,0.0,0,0.0,2026-04-09T17:09:31.807789,,,,,,,,,,,,20,,,,,,
GBPCAD,0.0,0,0.0,0.0,0.0,0.0,0,0.0,2026-04-09T17:09:35.836923,,,,,,,,,,,,30,,,,,,
GBPCAD,0.0,0,0.0,0.0,0.0,0.0,0,0.0,2026-04-09T17:09:39.846464,,,,,,,,,,,1,,,,,,,
GBPCAD,0.0,0,0.0,0.0,0.0,0.0,0,0.0,2026-04-09T17:09:43.858031,,,,,,,,,,,2,,,,,,,
GBPCAD,0.0,0,0.0,0.0,0.0,0.0,0,0.0,2026-04-09T17:09:47.872114,,,,,,,,,,,3,,,,,,,
GBPCHF,0.0,0,0.0,0.0,0.0,0.0,0,0.0,2026-04-09T17:10:26.185481,,,,,,,,,,,,,,,,dynamic,,
GBPCHF,0.0,0,0.0,0.0,0.0,0.0,0,0.0,2026-04-09T17:10:30.199493,,,,,,,,,,,,,,,,fixed_2.5,,
GBPCHF,0.0,0,0.0,0.0,0.0,0.0,0,0.0,2026-04-09T17:10:34.213555,,,,,,,,,,,,,,,,fixed_4.0,,
GBPCHF,0.0,0,0.0,0.0,0.0,0.0,0,0.0,2026-04-09T17:10:38.228792,,True,,,,,,,,,,,,,,,,
GBPCHF,0.0,0,0.0,0.0,0.0,0.0,0,0.0,2026-04-09T17:10:42.239563,,False,,,,,,,,,,,,,,,,
GBPCHF,0.0,0,0.0,0.0,0.0,0.0,0,0.0,2026-04-09T17:10:46.249046,50,,,,,,,,,,,,,,,,,
GBPCHF,0.0,0,0.0,0.0,0.0,0.0,0,0.0,2026-04-09T17:10:50.263917,60,,,,,,,,,,,,,,,,,
GBPCHF,0.0,0,0.0,0.0,0.0,0.0,0,0.0,2026-04-09T17:10:54.277319,70,,,,,,,,,,,,,,,,,
GBPCHF,0.0,0,0.0,0.0,0.0,0.0,0,0.0,2026-04-09T17:10:58.292101,,,,,,,,,,,,,,5,,,,
GBPCHF,0.0,0,0.0,0.0,0.0,0.0,0,0.0,2026-04-09T17:11:02.307161,,,,,,,,,,,,,,10,,,,
GBPCHF,0.0,0,0.0,0.0,0.0,0.0,0,0.0,2026-04-09T17:11:06.321185,,,,,,,,,,,,,,15,,,,
GBPCHF,0.0,0,0.0,0.0,0.0,0.0,0,0.0,2026-04-09T17:11:10.334138,,,,10,,,,,,,,,,,,,,
GBPCHF,0.0,0,0.0,0.0,0.0,0.0,0,0.0,2026-04-09T17:11:14.346438,,,,20,,,,,,,,,,,,,,
GBPCHF,0.0,0,0.0,0.0,0.0,0.0,0,0.0,2026-04-09T17:11:18.357728,,,,30,,,,,,,,,,,,,,
GBPCHF,0.0,0,0.0,0.0,0.0,0.0,0,0.0,2026-04-09T17:11:22.375814,,,,,,,,24,,,,,,,,,,
GBPCHF,0.0,0,0.0,0.0,0.0,0.0,0,0.0,2026-04-09T17:11:26.388978,,,,,,,,48,,,,,,,,,,
GBPCHF,0.0,0,0.0,0.0,0.0,0.0,0,0.0,2026-04-09T17:11:30.408772,,,,,,,,72,,,,,,,,,,
GBPCHF,0.0,0,0.0,0.0,0.0,0.0,0,0.0,2026-04-09T17:11:34.425266,,,,,,,,,,,,,,,,,0.5,
GBPCHF,0.0,0,0.0,0.0,0.0,0.0,0,0.0,2026-04-09T17:11:38.438406,,,,,,,,,,,,,,,,,1.0,
GBPCHF,0.0,0,0.0,0.0,0.0,0.0,0,0.0,2026-04-09T17:11:42.463370,,,,,,,,,,,,,,,,,2.0,
GBPCHF,0.0,0,0.0,0.0,0.0,0.0,0,0.0,2026-04-09T17:11:46.477699,,,,,,,,,,,,,,,,,,True
GBPCHF,0.0,0,0.0,0.0,0.0,0.0,0,0.0,2026-04-09T17:11:50.496886,,,,,,,,,,,,,,,,,,False
GBPCHF,0.0,0,0.0,0.0,0.0,0.0,0,0.0,2026-04-09T17:11:54.510707,,,True,,,,,,,,,,,,,,,
GBPCHF,0.0,0,0.0,0.0,0.0,0.0,0,0.0,2026-04-09T17:11:58.523356,,,False,,,,,,,,,,,,,,,
GBPCHF,0.0,0,0.0,0.0,0.0,0.0,0,0.0,2026-04-09T17:12:02.538989,,,,,,,3,,,,,,,,,,,
GBPCHF,0.0,0,0.0,0.0,0.0,0.0,0,0.0,2026-04-09T17:12:06.562247,,,,,,,5,,,,,,,,,,,
GBPCHF,0.0,0,0.0,0.0,0.0,0.0,0,0.0,2026-04-09T17:12:10.575492,,,,,,,8,,,,,,,,,,,
GBPCHF,0.0,0,0.0,0.0,0.0,0.0,0,0.0,2026-04-09T17:12:14.590490,,,,,,,,,,,,,,,3,,,
GBPCHF,0.0,0,0.0,0.0,0.0,0.0,0,0.0,2026-04-09T17:12:18.604342,,,,,,,,,,,,,,,5,,,
GBPCHF,0.0,0,0.0,0.0,0.0,0.0,0,0.0,2026-04-09T17:12:22.618802,,,,,,,,,,,,,,,10,,,
GBPCHF,0.0,0,0.0,0.0,0.0,0.0,0,0.0,2026-04-09T17:12:26.633761,,,,,,,,,,10,,,,,,,,
GBPCHF,0.0,0,0.0,0.0,0.0,0.0,0,0.0,2026-04-09T17:12:30.645755,,,,,,,,,,15,,,,,,,,
GBPCHF,0.0,0,0.0,0.0,0.0,0.0,0,0.0,2026-04-09T17:12:34.657985,,,,,,,,,,20,,,,,,,,
GBPCHF,0.0,0,0.0,0.0,0.0,0.0,0,0.0,2026-04-09T17:12:38.669862,,,,,,,,,25,,,,,,,,,
GBPCHF,0.0,0,0.0,0.0,0.0,0.0,0,0.0,2026-04-09T17:12:42.681683,,,,,,,,,35,,,,,,,,,
GBPCHF,0.0,0,0.0,0.0,0.0,0.0,0,0.0,2026-04-09T17:12:46.694398,,,,,,,,,50,,,,,,,,,
GBPCHF,0.0,0,0.0,0.0,0.0,0.0,0,0.0,2026-04-09T17:12:50.704324,,,,,,,,,,,,,30,,,,,
GBPCHF,0.0,0,0.0,0.0,0.0,0.0,0,0.0,2026-04-09T17:12:54.715581,,,,,,,,,,,,,50,,,,,
GBPCHF,0.0,0,0.0,0.0,0.0,0.0,0,0.0,2026-04-09T17:12:58.725725,,,,,,,,,,,,,70,,,,,
GBPCHF,0.0,0,0.0,0.0,0.0,0.0,0,0.0,2026-04-09T17:13:02.741462,,,,,,,,,,,,10,,,,,,
GBPCHF,0.0,0,0.0,0.0,0.0,0.0,0,0.0,2026-04-09T17:13:06.757092,,,,,,,,,,,,20,,,,,,
GBPCHF,0.0,0,0.0,0.0,0.0,0.0,0,0.0,2026-04-09T17:13:10.775134,,,,,,,,,,,,30,,,,,,
GBPCHF,0.0,0,0.0,0.0,0.0,0.0,0,0.0,2026-04-09T17:13:14.790798,,,,,,,,,,,1,,,,,,,
GBPCHF,0.0,0,0.0,0.0,0.0,0.0,0,0.0,2026-04-09T17:13:18.813054,,,,,,,,,,,2,,,,,,,
GBPCHF,0.0,0,0.0,0.0,0.0,0.0,0,0.0,2026-04-09T17:13:22.829228,,,,,,,,,,,3,,,,,,,
GBPNZD,0.0,0,0.0,0.0,0.0,0.0,0,0.0,2026-04-09T17:14:01.215880,,,,,,,,,,,,,,,,dynamic,,
GBPNZD,0.0,0,0.0,0.0,0.0,0.0,0,0.0,2026-04-09T17:14:05.228710,,,,,,,,,,,,,,,,fixed_2.5,,
GBPNZD,0.0,0,0.0,0.0,0.0,0.0,0,0.0,2026-04-09T17:14:09.238925,,,,,,,,,,,,,,,,fixed_4.0,,
GBPNZD,0.0,0,0.0,0.0,0.0,0.0,0,0.0,2026-04-09T17:14:13.246627,,True,,,,,,,,,,,,,,,,
GBPNZD,0.0,0,0.0,0.0,0.0,0.0,0,0.0,2026-04-09T17:14:17.260054,,False,,,,,,,,,,,,,,,,
GBPNZD,0.0,0,0.0,0.0,0.0,0.0,0,0.0,2026-04-09T17:14:21.274935,50,,,,,,,,,,,,,,,,,
GBPNZD,0.0,0,0.0,0.0,0.0,0.0,0,0.0,2026-04-09T17:14:25.287048,60,,,,,,,,,,,,,,,,,
GBPNZD,0.0,0,0.0,0.0,0.0,0.0,0,0.0,2026-04-09T17:14:29.301698,70,,,,,,,,,,,,,,,,,
GBPNZD,0.0,0,0.0,0.0,0.0,0.0,0,0.0,2026-04-09T17:14:33.313701,,,,,,,,,,,,,,5,,,,
GBPNZD,0.0,0,0.0,0.0,0.0,0.0,0,0.0,2026-04-09T17:14:37.328859,,,,,,,,,,,,,,10,,,,
GBPNZD,0.0,0,0.0,0.0,0.0,0.0,0,0.0,2026-04-09T17:14:41.344086,,,,,,,,,,,,,,15,,,,
GBPNZD,0.0,0,0.0,0.0,0.0,0.0,0,0.0,2026-04-09T17:14:45.359633,,,,10,,,,,,,,,,,,,,
GBPNZD,0.0,0,0.0,0.0,0.0,0.0,0,0.0,2026-04-09T17:14:49.374942,,,,20,,,,,,,,,,,,,,
GBPNZD,0.0,0,0.0,0.0,0.0,0.0,0,0.0,2026-04-09T17:14:53.398164,,,,30,,,,,,,,,,,,,,
GBPNZD,0.0,0,0.0,0.0,0.0,0.0,0,0.0,2026-04-09T17:14:57.413678,,,,,,,,24,,,,,,,,,,
GBPNZD,0.0,0,0.0,0.0,0.0,0.0,0,0.0,2026-04-09T17:15:01.428301,,,,,,,,48,,,,,,,,,,
GBPNZD,0.0,0,0.0,0.0,0.0,0.0,0,0.0,2026-04-09T17:15:05.442670,,,,,,,,72,,,,,,,,,,
GBPNZD,0.0,0,0.0,0.0,0.0,0.0,0,0.0,2026-04-09T17:15:09.459184,,,,,,,,,,,,,,,,,0.5,
GBPNZD,0.0,0,0.0,0.0,0.0,0.0,0,0.0,2026-04-09T17:15:13.475609,,,,,,,,,,,,,,,,,1.0,
GBPNZD,0.0,0,0.0,0.0,0.0,0.0,0,0.0,2026-04-09T17:15:17.491744,,,,,,,,,,,,,,,,,2.0,
GBPNZD,0.0,0,0.0,0.0,0.0,0.0,0,0.0,2026-04-09T17:15:21.509504,,,,,,,,,,,,,,,,,,True
GBPNZD,0.0,0,0.0,0.0,0.0,0.0,0,0.0,2026-04-09T17:15:25.524670,,,,,,,,,,,,,,,,,,False
GBPNZD,0.0,0,0.0,0.0,0.0,0.0,0,0.0,2026-04-09T17:15:29.543565,,,True,,,,,,,,,,,,,,,
GBPNZD,0.0,0,0.0,0.0,0.0,0.0,0,0.0,2026-04-09T17:15:33.556898,,,False,,,,,,,,,,,,,,,
GBPNZD,0.0,0,0.0,0.0,0.0,0.0,0,0.0,2026-04-09T17:15:37.572926,,,,,,,3,,,,,,,,,,,
GBPNZD,0.0,0,0.0,0.0,0.0,0.0,0,0.0,2026-04-09T17:15:41.590522,,,,,,,5,,,,,,,,,,,
GBPNZD,0.0,0,0.0,0.0,0.0,0.0,0,0.0,2026-04-09T17:15:45.606506,,,,,,,8,,,,,,,,,,,
GBPNZD,0.0,0,0.0,0.0,0.0,0.0,0,0.0,2026-04-09T17:15:49.621099,,,,,,,,,,,,,,,3,,,
GBPNZD,0.0,0,0.0,0.0,0.0,0.0,0,0.0,2026-04-09T17:15:53.635163,,,,,,,,,,,,,,,5,,,
GBPNZD,0.0,0,0.0,0.0,0.0,0.0,0,0.0,2026-04-09T17:15:57.653865,,,,,,,,,,,,,,,10,,,
GBPNZD,0.0,0,0.0,0.0,0.0,0.0,0,0.0,2026-04-09T17:16:01.670948,,,,,,,,,,10,,,,,,,,
GBPNZD,0.0,0,0.0,0.0,0.0,0.0,0,0.0,2026-04-09T17:16:05.685546,,,,,,,,,,15,,,,,,,,
GBPNZD,0.0,0,0.0,0.0,0.0,0.0,0,0.0,2026-04-09T17:16:09.699272,,,,,,,,,,20,,,,,,,,
GBPNZD,0.0,0,0.0,0.0,0.0,0.0,0,0.0,2026-04-09T17:16:13.716899,,,,,,,,,25,,,,,,,,,
GBPNZD,0.0,0,0.0,0.0,0.0,0.0,0,0.0,2026-04-09T17:16:17.731626,,,,,,,,,35,,,,,,,,,
GBPNZD,0.0,0,0.0,0.0,0.0,0.0,0,0.0,2026-04-09T17:16:21.746705,,,,,,,,,50,,,,,,,,,
GBPNZD,0.0,0,0.0,0.0,0.0,0.0,0,0.0,2026-04-09T17:16:25.765672,,,,,,,,,,,,,30,,,,,
GBPNZD,0.0,0,0.0,0.0,0.0,0.0,0,0.0,2026-04-09T17:16:29.779969,,,,,,,,,,,,,50,,,,,
GBPNZD,0.0,0,0.0,0.0,0.0,0.0,0,0.0,2026-04-09T17:16:33.794749,,,,,,,,,,,,,70,,,,,
GBPNZD,0.0,0,0.0,0.0,0.0,0.0,0,0.0,2026-04-09T17:16:37.807738,,,,,,,,,,,,10,,,,,,
GBPNZD,0.0,0,0.0,0.0,0.0,0.0,0,0.0,2026-04-09T17:16:41.819708,,,,,,,,,,,,20,,,,,,
GBPNZD,0.0,0,0.0,0.0,0.0,0.0,0,0.0,2026-04-09T17:16:45.827258,,,,,,,,,,,,30,,,,,,
GBPNZD,0.0,0,0.0,0.0,0.0,0.0,0,0.0,2026-04-09T17:16:49.835271,,,,,,,,,,,1,,,,,,,
GBPNZD,0.0,0,0.0,0.0,0.0,0.0,0,0.0,2026-04-09T17:16:53.851350,,,,,,,,,,,2,,,,,,,
GBPNZD,0.0,0,0.0,0.0,0.0,0.0,0,0.0,2026-04-09T17:16:57.865238,,,,,,,,,,,3,,,,,,,
EURAUD,0.0,0,0.0,0.0,0.0,0.0,0,0.0,2026-04-09T17:17:36.096325,,,,,,,,,,,,,,,,dynamic,,
EURAUD,0.0,0,0.0,0.0,0.0,0.0,0,0.0,2026-04-09T17:17:40.104310,,,,,,,,,,,,,,,,fixed_2.5,,
EURAUD,0.0,0,0.0,0.0,0.0,0.0,0,0.0,2026-04-09T17:17:44.112455,,,,,,,,,,,,,,,,fixed_4.0,,
EURAUD,0.0,0,0.0,0.0,0.0,0.0,0,0.0,2026-04-09T17:17:48.119154,,True,,,,,,,,,,,,,,,,
EURAUD,0.0,0,0.0,0.0,0.0,0.0,0,0.0,2026-04-09T17:17:52.123587,,False,,,,,,,,,,,,,,,,
EURAUD,0.0,0,0.0,0.0,0.0,0.0,0,0.0,2026-04-09T17:17:56.130998,50,,,,,,,,,,,,,,,,,
EURAUD,0.0,0,0.0,0.0,0.0,0.0,0,0.0,2026-04-09T17:18:00.137720,60,,,,,,,,,,,,,,,,,
EURAUD,0.0,0,0.0,0.0,0.0,0.0,0,0.0,2026-04-09T17:18:04.143949,70,,,,,,,,,,,,,,,,,
EURAUD,0.0,0,0.0,0.0,0.0,0.0,0,0.0,2026-04-09T17:18:08.153222,,,,,,,,,,,,,,5,,,,
EURAUD,0.0,0,0.0,0.0,0.0,0.0,0,0.0,2026-04-09T17:18:12.160186,,,,,,,,,,,,,,10,,,,
EURAUD,0.0,0,0.0,0.0,0.0,0.0,0,0.0,2026-04-09T17:18:16.166650,,,,,,,,,,,,,,15,,,,
EURAUD,0.0,0,0.0,0.0,0.0,0.0,0,0.0,2026-04-09T17:18:20.173730,,,,10,,,,,,,,,,,,,,
EURAUD,0.0,0,0.0,0.0,0.0,0.0,0,0.0,2026-04-09T17:18:24.179520,,,,20,,,,,,,,,,,,,,
EURAUD,0.0,0,0.0,0.0,0.0,0.0,0,0.0,2026-04-09T17:18:28.184244,,,,30,,,,,,,,,,,,,,
EURAUD,0.0,0,0.0,0.0,0.0,0.0,0,0.0,2026-04-09T17:18:32.194038,,,,,,,,24,,,,,,,,,,
EURAUD,0.0,0,0.0,0.0,0.0,0.0,0,0.0,2026-04-09T17:18:36.202650,,,,,,,,48,,,,,,,,,,
EURAUD,0.0,0,0.0,0.0,0.0,0.0,0,0.0,2026-04-09T17:18:40.207626,,,,,,,,72,,,,,,,,,,
EURAUD,0.0,0,0.0,0.0,0.0,0.0,0,0.0,2026-04-09T17:18:44.213127,,,,,,,,,,,,,,,,,0.5,
EURAUD,0.0,0,0.0,0.0,0.0,0.0,0,0.0,2026-04-09T17:18:48.218533,,,,,,,,,,,,,,,,,1.0,
EURAUD,0.0,0,0.0,0.0,0.0,0.0,0,0.0,2026-04-09T17:18:52.224294,,,,,,,,,,,,,,,,,2.0,
EURAUD,0.0,0,0.0,0.0,0.0,0.0,0,0.0,2026-04-09T17:18:56.271602,,,,,,,,,,,,,,,,,,True
EURAUD,0.0,0,0.0,0.0,0.0,0.0,0,0.0,2026-04-09T17:19:00.282539,,,,,,,,,,,,,,,,,,False
EURAUD,0.0,0,0.0,0.0,0.0,0.0,0,0.0,2026-04-09T17:19:04.290366,,,True,,,,,,,,,,,,,,,
EURAUD,0.0,0,0.0,0.0,0.0,0.0,0,0.0,2026-04-09T17:19:08.295068,,,False,,,,,,,,,,,,,,,
EURAUD,0.0,0,0.0,0.0,0.0,0.0,0,0.0,2026-04-09T17:19:12.302364,,,,,,,3,,,,,,,,,,,
EURAUD,0.0,0,0.0,0.0,0.0,0.0,0,0.0,2026-04-09T17:19:16.307650,,,,,,,5,,,,,,,,,,,
EURAUD,0.0,0,0.0,0.0,0.0,0.0,0,0.0,2026-04-09T17:19:20.313285,,,,,,,8,,,,,,,,,,,
EURAUD,0.0,0,0.0,0.0,0.0,0.0,0,0.0,2026-04-09T17:19:24.318881,,,,,,,,,,,,,,,3,,,
EURAUD,0.0,0,0.0,0.0,0.0,0.0,0,0.0,2026-04-09T17:19:28.324216,,,,,,,,,,,,,,,5,,,
EURAUD,0.0,0,0.0,0.0,0.0,0.0,0,0.0,2026-04-09T17:19:32.330684,,,,,,,,,,,,,,,10,,,
EURAUD,0.0,0,0.0,0.0,0.0,0.0,0,0.0,2026-04-09T17:19:36.337862,,,,,,,,,,10,,,,,,,,
EURAUD,0.0,0,0.0,0.0,0.0,0.0,0,0.0,2026-04-09T17:19:40.344166,,,,,,,,,,15,,,,,,,,
EURAUD,0.0,0,0.0,0.0,0.0,0.0,0,0.0,2026-04-09T17:19:44.349664,,,,,,,,,,20,,,,,,,,
EURAUD,0.0,0,0.0,0.0,0.0,0.0,0,0.0,2026-04-09T17:19:48.356144,,,,,,,,,25,,,,,,,,,
EURAUD,0.0,0,0.0,0.0,0.0,0.0,0,0.0,2026-04-09T17:19:52.363722,,,,,,,,,35,,,,,,,,,
EURAUD,0.0,0,0.0,0.0,0.0,0.0,0,0.0,2026-04-09T17:19:56.368658,,,,,,,,,50,,,,,,,,,
EURAUD,0.0,0,0.0,0.0,0.0,0.0,0,0.0,2026-04-09T17:20:00.374179,,,,,,,,,,,,,30,,,,,
EURAUD,0.0,0,0.0,0.0,0.0,0.0,0,0.0,2026-04-09T17:20:04.382687,,,,,,,,,,,,,50,,,,,
EURAUD,0.0,0,0.0,0.0,0.0,0.0,0,0.0,2026-04-09T17:20:08.388221,,,,,,,,,,,,,70,,,,,
EURAUD,0.0,0,0.0,0.0,0.0,0.0,0,0.0,2026-04-09T17:20:12.394021,,,,,,,,,,,,10,,,,,,
EURAUD,0.0,0,0.0,0.0,0.0,0.0,0,0.0,2026-04-09T17:20:16.399014,,,,,,,,,,,,20,,,,,,
EURAUD,0.0,0,0.0,0.0,0.0,0.0,0,0.0,2026-04-09T17:20:20.406164,,,,,,,,,,,,30,,,,,,
EURAUD,0.0,0,0.0,0.0,0.0,0.0,0,0.0,2026-04-09T17:20:24.411354,,,,,,,,,,,1,,,,,,,
EURAUD,0.0,0,0.0,0.0,0.0,0.0,0,0.0,2026-04-09T17:20:28.417286,,,,,,,,,,,2,,,,,,,
EURAUD,0.0,0,0.0,0.0,0.0,0.0,0,0.0,2026-04-09T17:20:32.421873,,,,,,,,,,,3,,,,,,,
EURCAD,0.0,0,0.0,0.0,0.0,0.0,0,0.0,2026-04-09T17:21:10.576947,,,,,,,,,,,,,,,,dynamic,,
EURCAD,0.0,0,0.0,0.0,0.0,0.0,0,0.0,2026-04-09T17:21:14.584395,,,,,,,,,,,,,,,,fixed_2.5,,
EURCAD,0.0,0,0.0,0.0,0.0,0.0,0,0.0,2026-04-09T17:21:18.590307,,,,,,,,,,,,,,,,fixed_4.0,,
EURCAD,0.0,0,0.0,0.0,0.0,0.0,0,0.0,2026-04-09T17:21:22.596295,,True,,,,,,,,,,,,,,,,
EURCAD,0.0,0,0.0,0.0,0.0,0.0,0,0.0,2026-04-09T17:21:26.603236,,False,,,,,,,,,,,,,,,,
EURCAD,0.0,0,0.0,0.0,0.0,0.0,0,0.0,2026-04-09T17:21:30.608749,50,,,,,,,,,,,,,,,,,
EURCAD,0.0,0,0.0,0.0,0.0,0.0,0,0.0,2026-04-09T17:21:34.614847,60,,,,,,,,,,,,,,,,,
EURCAD,0.0,0,0.0,0.0,0.0,0.0,0,0.0,2026-04-09T17:21:38.626736,70,,,,,,,,,,,,,,,,,
EURCAD,0.0,0,0.0,0.0,0.0,0.0,0,0.0,2026-04-09T17:21:42.633103,,,,,,,,,,,,,,5,,,,
EURCAD,0.0,0,0.0,0.0,0.0,0.0,0,0.0,2026-04-09T17:21:46.639190,,,,,,,,,,,,,,10,,,,
EURCAD,0.0,0,0.0,0.0,0.0,0.0,0,0.0,2026-04-09T17:21:50.645043,,,,,,,,,,,,,,15,,,,
EURCAD,0.0,0,0.0,0.0,0.0,0.0,0,0.0,2026-04-09T17:21:54.649642,,,,10,,,,,,,,,,,,,,
EURCAD,0.0,0,0.0,0.0,0.0,0.0,0,0.0,2026-04-09T17:21:58.654716,,,,20,,,,,,,,,,,,,,
EURCAD,0.0,0,0.0,0.0,0.0,0.0,0,0.0,2026-04-09T17:22:02.659198,,,,30,,,,,,,,,,,,,,
EURCAD,0.0,0,0.0,0.0,0.0,0.0,0,0.0,2026-04-09T17:22:06.665505,,,,,,,,24,,,,,,,,,,
EURCAD,0.0,0,0.0,0.0,0.0,0.0,0,0.0,2026-04-09T17:22:10.670668,,,,,,,,48,,,,,,,,,,
EURCAD,0.0,0,0.0,0.0,0.0,0.0,0,0.0,2026-04-09T17:22:14.675172,,,,,,,,72,,,,,,,,,,
EURCAD,0.0,0,0.0,0.0,0.0,0.0,0,0.0,2026-04-09T17:22:18.680194,,,,,,,,,,,,,,,,,0.5,
EURCAD,0.0,0,0.0,0.0,0.0,0.0,0,0.0,2026-04-09T17:22:22.685485,,,,,,,,,,,,,,,,,1.0,
EURCAD,0.0,0,0.0,0.0,0.0,0.0,0,0.0,2026-04-09T17:22:26.690301,,,,,,,,,,,,,,,,,2.0,
EURCAD,0.0,0,0.0,0.0,0.0,0.0,0,0.0,2026-04-09T17:22:30.698837,,,,,,,,,,,,,,,,,,True
EURCAD,0.0,0,0.0,0.0,0.0,0.0,0,0.0,2026-04-09T17:22:34.705214,,,,,,,,,,,,,,,,,,False
EURCAD,0.0,0,0.0,0.0,0.0,0.0,0,0.0,2026-04-09T17:22:38.709899,,,True,,,,,,,,,,,,,,,
EURCAD,0.0,0,0.0,0.0,0.0,0.0,0,0.0,2026-04-09T17:22:42.719056,,,False,,,,,,,,,,,,,,,
EURCAD,0.0,0,0.0,0.0,0.0,0.0,0,0.0,2026-04-09T17:22:46.729283,,,,,,,3,,,,,,,,,,,
EURCAD,0.0,0,0.0,0.0,0.0,0.0,0,0.0,2026-04-09T17:22:50.742148,,,,,,,5,,,,,,,,,,,
EURCAD,0.0,0,0.0,0.0,0.0,0.0,0,0.0,2026-04-09T17:22:54.752481,,,,,,,8,,,,,,,,,,,
EURCAD,0.0,0,0.0,0.0,0.0,0.0,0,0.0,2026-04-09T17:22:58.768697,,,,,,,,,,,,,,,3,,,
EURCAD,0.0,0,0.0,0.0,0.0,0.0,0,0.0,2026-04-09T17:23:02.785111,,,,,,,,,,,,,,,5,,,
EURCAD,0.0,0,0.0,0.0,0.0,0.0,0,0.0,2026-04-09T17:23:06.799669,,,,,,,,,,,,,,,10,,,
EURCAD,0.0,0,0.0,0.0,0.0,0.0,0,0.0,2026-04-09T17:23:10.813223,,,,,,,,,,10,,,,,,,,
EURCAD,0.0,0,0.0,0.0,0.0,0.0,0,0.0,2026-04-09T17:23:14.821970,,,,,,,,,,15,,,,,,,,
EURCAD,0.0,0,0.0,0.0,0.0,0.0,0,0.0,2026-04-09T17:23:18.842203,,,,,,,,,,20,,,,,,,,
EURCAD,0.0,0,0.0,0.0,0.0,0.0,0,0.0,2026-04-09T17:23:22.859623,,,,,,,,,25,,,,,,,,,
EURCAD,0.0,0,0.0,0.0,0.0,0.0,0,0.0,2026-04-09T17:23:26.867490,,,,,,,,,35,,,,,,,,,
EURCAD,0.0,0,0.0,0.0,0.0,0.0,0,0.0,2026-04-09T17:23:30.873611,,,,,,,,,50,,,,,,,,,
EURCAD,0.0,0,0.0,0.0,0.0,0.0,0,0.0,2026-04-09T17:23:34.878833,,,,,,,,,,,,,30,,,,,
EURCAD,0.0,0,0.0,0.0,0.0,0.0,0,0.0,2026-04-09T17:23:38.884573,,,,,,,,,,,,,50,,,,,
EURCAD,0.0,0,0.0,0.0,0.0,0.0,0,0.0,2026-04-09T17:23:42.890153,,,,,,,,,,,,,70,,,,,
EURCAD,0.0,0,0.0,0.0,0.0,0.0,0,0.0,2026-04-09T17:23:46.895971,,,,,,,,,,,,10,,,,,,
EURCAD,0.0,0,0.0,0.0,0.0,0.0,0,0.0,2026-04-09T17:23:50.901182,,,,,,,,,,,,20,,,,,,
EURCAD,0.0,0,0.0,0.0,0.0,0.0,0,0.0,2026-04-09T17:23:54.911783,,,,,,,,,,,,30,,,,,,
EURCAD,0.0,0,0.0,0.0,0.0,0.0,0,0.0,2026-04-09T17:23:58.926481,,,,,,,,,,,1,,,,,,,
EURCAD,0.0,0,0.0,0.0,0.0,0.0,0,0.0,2026-04-09T17:24:02.934155,,,,,,,,,,,2,,,,,,,
EURCAD,0.0,0,0.0,0.0,0.0,0.0,0,0.0,2026-04-09T17:24:06.939604,,,,,,,,,,,3,,,,,,,
EURCHF,0.0,0,0.0,0.0,0.0,0.0,0,0.0,2026-04-09T17:24:45.103389,,,,,,,,,,,,,,,,dynamic,,
EURCHF,0.0,0,0.0,0.0,0.0,0.0,0,0.0,2026-04-09T17:24:49.108228,,,,,,,,,,,,,,,,fixed_2.5,,
EURCHF,0.0,0,0.0,0.0,0.0,0.0,0,0.0,2026-04-09T17:24:53.114231,,,,,,,,,,,,,,,,fixed_4.0,,
EURCHF,0.0,0,0.0,0.0,0.0,0.0,0,0.0,2026-04-09T17:24:57.119846,,True,,,,,,,,,,,,,,,,
EURCHF,0.0,0,0.0,0.0,0.0,0.0,0,0.0,2026-04-09T17:25:01.129232,,False,,,,,,,,,,,,,,,,
EURCHF,0.0,0,0.0,0.0,0.0,0.0,0,0.0,2026-04-09T17:25:05.135394,50,,,,,,,,,,,,,,,,,
EURCHF,0.0,0,0.0,0.0,0.0,0.0,0,0.0,2026-04-09T17:25:09.142667,60,,,,,,,,,,,,,,,,,
EURCHF,0.0,0,0.0,0.0,0.0,0.0,0,0.0,2026-04-09T17:25:13.147891,70,,,,,,,,,,,,,,,,,
EURCHF,0.0,0,0.0,0.0,0.0,0.0,0,0.0,2026-04-09T17:25:17.151637,,,,,,,,,,,,,,5,,,,
EURCHF,0.0,0,0.0,0.0,0.0,0.0,0,0.0,2026-04-09T17:25:21.157313,,,,,,,,,,,,,,10,,,,
EURCHF,0.0,0,0.0,0.0,0.0,0.0,0,0.0,2026-04-09T17:25:25.162880,,,,,,,,,,,,,,15,,,,
EURCHF,0.0,0,0.0,0.0,0.0,0.0,0,0.0,2026-04-09T17:25:29.169745,,,,10,,,,,,,,,,,,,,
EURCHF,0.0,0,0.0,0.0,0.0,0.0,0,0.0,2026-04-09T17:25:33.175246,,,,20,,,,,,,,,,,,,,
EURCHF,0.0,0,0.0,0.0,0.0,0.0,0,0.0,2026-04-09T17:25:37.182682,,,,30,,,,,,,,,,,,,,
EURCHF,0.0,0,0.0,0.0,0.0,0.0,0,0.0,2026-04-09T17:25:41.200935,,,,,,,,24,,,,,,,,,,
EURCHF,0.0,0,0.0,0.0,0.0,0.0,0,0.0,2026-04-09T17:25:45.212321,,,,,,,,48,,,,,,,,,,
EURCHF,0.0,0,0.0,0.0,0.0,0.0,0,0.0,2026-04-09T17:25:49.224827,,,,,,,,72,,,,,,,,,,
EURCHF,0.0,0,0.0,0.0,0.0,0.0,0,0.0,2026-04-09T17:25:53.231044,,,,,,,,,,,,,,,,,0.5,
EURCHF,0.0,0,0.0,0.0,0.0,0.0,0,0.0,2026-04-09T17:25:57.236014,,,,,,,,,,,,,,,,,1.0,
EURCHF,0.0,0,0.0,0.0,0.0,0.0,0,0.0,2026-04-09T17:26:01.242537,,,,,,,,,,,,,,,,,2.0,
EURCHF,0.0,0,0.0,0.0,0.0,0.0,0,0.0,2026-04-09T17:26:05.247895,,,,,,,,,,,,,,,,,,True
EURCHF,0.0,0,0.0,0.0,0.0,0.0,0,0.0,2026-04-09T17:26:09.254221,,,,,,,,,,,,,,,,,,False
EURCHF,0.0,0,0.0,0.0,0.0,0.0,0,0.0,2026-04-09T17:26:13.260051,,,True,,,,,,,,,,,,,,,
EURCHF,0.0,0,0.0,0.0,0.0,0.0,0,0.0,2026-04-09T17:26:17.268347,,,False,,,,,,,,,,,,,,,
EURCHF,0.0,0,0.0,0.0,0.0,0.0,0,0.0,2026-04-09T17:26:21.277329,,,,,,,3,,,,,,,,,,,
EURCHF,0.0,0,0.0,0.0,0.0,0.0,0,0.0,2026-04-09T17:26:25.289560,,,,,,,5,,,,,,,,,,,
EURCHF,0.0,0,0.0,0.0,0.0,0.0,0,0.0,2026-04-09T17:26:29.295621,,,,,,,8,,,,,,,,,,,
EURCHF,0.0,0,0.0,0.0,0.0,0.0,0,0.0,2026-04-09T17:26:33.300979,,,,,,,,,,,,,,,3,,,
EURCHF,0.0,0,0.0,0.0,0.0,0.0,0,0.0,2026-04-09T17:26:37.305798,,,,,,,,,,,,,,,5,,,
EURCHF,0.0,0,0.0,0.0,0.0,0.0,0,0.0,2026-04-09T17:26:41.310308,,,,,,,,,,,,,,,10,,,
EURCHF,0.0,0,0.0,0.0,0.0,0.0,0,0.0,2026-04-09T17:26:45.316937,,,,,,,,,,10,,,,,,,,
EURCHF,0.0,0,0.0,0.0,0.0,0.0,0,0.0,2026-04-09T17:26:49.322520,,,,,,,,,,15,,,,,,,,
EURCHF,0.0,0,0.0,0.0,0.0,0.0,0,0.0,2026-04-09T17:26:53.328275,,,,,,,,,,20,,,,,,,,
EURCHF,0.0,0,0.0,0.0,0.0,0.0,0,0.0,2026-04-09T17:26:57.333668,,,,,,,,,25,,,,,,,,,
EURCHF,0.0,0,0.0,0.0,0.0,0.0,0,0.0,2026-04-09T17:27:01.338312,,,,,,,,,35,,,,,,,,,
EURCHF,0.0,0,0.0,0.0,0.0,0.0,0,0.0,2026-04-09T17:27:05.343008,,,,,,,,,50,,,,,,,,,
EURCHF,0.0,0,0.0,0.0,0.0,0.0,0,0.0,2026-04-09T17:27:09.349469,,,,,,,,,,,,,30,,,,,
EURCHF,0.0,0,0.0,0.0,0.0,0.0,0,0.0,2026-04-09T17:27:13.353259,,,,,,,,,,,,,50,,,,,
EURCHF,0.0,0,0.0,0.0,0.0,0.0,0,0.0,2026-04-09T17:27:17.361113,,,,,,,,,,,,,70,,,,,
EURCHF,0.0,0,0.0,0.0,0.0,0.0,0,0.0,2026-04-09T17:27:21.367840,,,,,,,,,,,,10,,,,,,
EURCHF,0.0,0,0.0,0.0,0.0,0.0,0,0.0,2026-04-09T17:27:25.373274,,,,,,,,,,,,20,,,,,,
EURCHF,0.0,0,0.0,0.0,0.0,0.0,0,0.0,2026-04-09T17:27:29.380866,,,,,,,,,,,,30,,,,,,
EURCHF,0.0,0,0.0,0.0,0.0,0.0,0,0.0,2026-04-09T17:27:33.385427,,,,,,,,,,,1,,,,,,,
EURCHF,0.0,0,0.0,0.0,0.0,0.0,0,0.0,2026-04-09T17:27:37.390898,,,,,,,,,,,2,,,,,,,
EURCHF,0.0,0,0.0,0.0,0.0,0.0,0,0.0,2026-04-09T17:27:41.397595,,,,,,,,,,,3,,,,,,,
EURNZD,0.0,0,0.0,0.0,0.0,0.0,0,0.0,2026-04-09T17:28:19.659155,,,,,,,,,,,,,,,,dynamic,,
EURNZD,0.0,0,0.0,0.0,0.0,0.0,0,0.0,2026-04-09T17:28:23.669101,,,,,,,,,,,,,,,,fixed_2.5,,
EURNZD,0.0,0,0.0,0.0,0.0,0.0,0,0.0,2026-04-09T17:28:27.687294,,,,,,,,,,,,,,,,fixed_4.0,,
EURNZD,0.0,0,0.0,0.0,0.0,0.0,0,0.0,2026-04-09T17:28:31.701883,,True,,,,,,,,,,,,,,,,
EURNZD,0.0,0,0.0,0.0,0.0,0.0,0,0.0,2026-04-09T17:28:35.720525,,False,,,,,,,,,,,,,,,,
EURNZD,0.0,0,0.0,0.0,0.0,0.0,0,0.0,2026-04-09T17:28:39.737593,50,,,,,,,,,,,,,,,,,
EURNZD,0.0,0,0.0,0.0,0.0,0.0,0,0.0,2026-04-09T17:28:43.752591,60,,,,,,,,,,,,,,,,,
EURNZD,0.0,0,0.0,0.0,0.0,0.0,0,0.0,2026-04-09T17:28:47.764473,70,,,,,,,,,,,,,,,,,
EURNZD,0.0,0,0.0,0.0,0.0,0.0,0,0.0,2026-04-09T17:28:51.777801,,,,,,,,,,,,,,5,,,,
EURNZD,0.0,0,0.0,0.0,0.0,0.0,0,0.0,2026-04-09T17:28:55.792014,,,,,,,,,,,,,,10,,,,
EURNZD,0.0,0,0.0,0.0,0.0,0.0,0,0.0,2026-04-09T17:28:59.803454,,,,,,,,,,,,,,15,,,,
EURNZD,0.0,0,0.0,0.0,0.0,0.0,0,0.0,2026-04-09T17:29:03.811489,,,,10,,,,,,,,,,,,,,
EURNZD,0.0,0,0.0,0.0,0.0,0.0,0,0.0,2026-04-09T17:29:07.817282,,,,20,,,,,,,,,,,,,,
EURNZD,0.0,0,0.0,0.0,0.0,0.0,0,0.0,2026-04-09T17:29:11.821788,,,,30,,,,,,,,,,,,,,
EURNZD,0.0,0,0.0,0.0,0.0,0.0,0,0.0,2026-04-09T17:29:15.827183,,,,,,,,24,,,,,,,,,,
EURNZD,0.0,0,0.0,0.0,0.0,0.0,0,0.0,2026-04-09T17:29:19.835828,,,,,,,,48,,,,,,,,,,
EURNZD,0.0,0,0.0,0.0,0.0,0.0,0,0.0,2026-04-09T17:29:23.846179,,,,,,,,72,,,,,,,,,,
EURNZD,0.0,0,0.0,0.0,0.0,0.0,0,0.0,2026-04-09T17:29:27.851963,,,,,,,,,,,,,,,,,0.5,
EURNZD,0.0,0,0.0,0.0,0.0,0.0,0,0.0,2026-04-09T17:29:31.855931,,,,,,,,,,,,,,,,,1.0,
EURNZD,0.0,0,0.0,0.0,0.0,0.0,0,0.0,2026-04-09T17:29:35.864827,,,,,,,,,,,,,,,,,2.0,
EURNZD,0.0,0,0.0,0.0,0.0,0.0,0,0.0,2026-04-09T17:29:39.879539,,,,,,,,,,,,,,,,,,True
EURNZD,0.0,0,0.0,0.0,0.0,0.0,0,0.0,2026-04-09T17:29:43.887956,,,,,,,,,,,,,,,,,,False
EURNZD,0.0,0,0.0,0.0,0.0,0.0,0,0.0,2026-04-09T17:29:47.896493,,,True,,,,,,,,,,,,,,,
EURNZD,0.0,0,0.0,0.0,0.0,0.0,0,0.0,2026-04-09T17:29:51.906167,,,False,,,,,,,,,,,,,,,
EURNZD,0.0,0,0.0,0.0,0.0,0.0,0,0.0,2026-04-09T17:29:55.915488,,,,,,,3,,,,,,,,,,,
EURNZD,0.0,0,0.0,0.0,0.0,0.0,0,0.0,2026-04-09T17:29:59.920828,,,,,,,5,,,,,,,,,,,
EURNZD,0.0,0,0.0,0.0,0.0,0.0,0,0.0,2026-04-09T17:30:03.928127,,,,,,,8,,,,,,,,,,,
EURNZD,0.0,0,0.0,0.0,0.0,0.0,0,0.0,2026-04-09T17:30:07.935547,,,,,,,,,,,,,,,3,,,
EURNZD,0.0,0,0.0,0.0,0.0,0.0,0,0.0,2026-04-09T17:30:11.941316,,,,,,,,,,,,,,,5,,,
EURNZD,0.0,0,0.0,0.0,0.0,0.0,0,0.0,2026-04-09T17:30:15.948429,,,,,,,,,,,,,,,10,,,
EURNZD,0.0,0,0.0,0.0,0.0,0.0,0,0.0,2026-04-09T17:30:19.955755,,,,,,,,,,10,,,,,,,,
EURNZD,0.0,0,0.0,0.0,0.0,0.0,0,0.0,2026-04-09T17:30:23.963292,,,,,,,,,,15,,,,,,,,
EURNZD,0.0,0,0.0,0.0,0.0,0.0,0,0.0,2026-04-09T17:30:27.970486,,,,,,,,,,20,,,,,,,,
EURNZD,0.0,0,0.0,0.0,0.0,0.0,0,0.0,2026-04-09T17:30:32.030631,,,,,,,,,25,,,,,,,,,
EURNZD,0.0,0,0.0,0.0,0.0,0.0,0,0.0,2026-04-09T17:30:36.049594,,,,,,,,,35,,,,,,,,,
EURNZD,0.0,0,0.0,0.0,0.0,0.0,0,0.0,2026-04-09T17:30:40.055407,,,,,,,,,50,,,,,,,,,
EURNZD,0.0,0,0.0,0.0,0.0,0.0,0,0.0,2026-04-09T17:30:44.062216,,,,,,,,,,,,,30,,,,,
EURNZD,0.0,0,0.0,0.0,0.0,0.0,0,0.0,2026-04-09T17:30:48.072240,,,,,,,,,,,,,50,,,,,
EURNZD,0.0,0,0.0,0.0,0.0,0.0,0,0.0,2026-04-09T17:30:52.078552,,,,,,,,,,,,,70,,,,,
EURNZD,0.0,0,0.0,0.0,0.0,0.0,0,0.0,2026-04-09T17:30:56.086712,,,,,,,,,,,,10,,,,,,
EURNZD,0.0,0,0.0,0.0,0.0,0.0,0,0.0,2026-04-09T17:31:00.094939,,,,,,,,,,,,20,,,,,,
EURNZD,0.0,0,0.0,0.0,0.0,0.0,0,0.0,2026-04-09T17:31:04.099715,,,,,,,,,,,,30,,,,,,
EURNZD,0.0,0,0.0,0.0,0.0,0.0,0,0.0,2026-04-09T17:31:08.107087,,,,,,,,,,,1,,,,,,,
EURNZD,0.0,0,0.0,0.0,0.0,0.0,0,0.0,2026-04-09T17:31:12.114014,,,,,,,,,,,2,,,,,,,
EURNZD,0.0,0,0.0,0.0,0.0,0.0,0,0.0,2026-04-09T17:31:16.122194,,,,,,,,,,,3,,,,,,,
AUDNZD,0.0,0,0.0,0.0,0.0,0.0,0,0.0,2026-04-09T17:31:54.340089,,,,,,,,,,,,,,,,dynamic,,
AUDNZD,0.0,0,0.0,0.0,0.0,0.0,0,0.0,2026-04-09T17:31:58.347632,,,,,,,,,,,,,,,,fixed_2.5,,
AUDNZD,0.0,0,0.0,0.0,0.0,0.0,0,0.0,2026-04-09T17:32:02.357147,,,,,,,,,,,,,,,,fixed_4.0,,
AUDNZD,0.0,0,0.0,0.0,0.0,0.0,0,0.0,2026-04-09T17:32:06.363412,,True,,,,,,,,,,,,,,,,
AUDNZD,0.0,0,0.0,0.0,0.0,0.0,0,0.0,2026-04-09T17:32:10.372687,,False,,,,,,,,,,,,,,,,
AUDNZD,0.0,0,0.0,0.0,0.0,0.0,0,0.0,2026-04-09T17:32:14.379179,50,,,,,,,,,,,,,,,,,
AUDNZD,0.0,0,0.0,0.0,0.0,0.0,0,0.0,2026-04-09T17:32:18.385710,60,,,,,,,,,,,,,,,,,
AUDNZD,0.0,0,0.0,0.0,0.0,0.0,0,0.0,2026-04-09T17:32:22.400424,70,,,,,,,,,,,,,,,,,
AUDNZD,0.0,0,0.0,0.0,0.0,0.0,0,0.0,2026-04-09T17:32:26.411476,,,,,,,,,,,,,,5,,,,
AUDNZD,0.0,0,0.0,0.0,0.0,0.0,0,0.0,2026-04-09T17:32:30.428982,,,,,,,,,,,,,,10,,,,
AUDNZD,0.0,0,0.0,0.0,0.0,0.0,0,0.0,2026-04-09T17:32:34.443527,,,,,,,,,,,,,,15,,,,
AUDNZD,0.0,0,0.0,0.0,0.0,0.0,0,0.0,2026-04-09T17:32:38.458709,,,,10,,,,,,,,,,,,,,
AUDNZD,0.0,0,0.0,0.0,0.0,0.0,0,0.0,2026-04-09T17:32:42.473738,,,,20,,,,,,,,,,,,,,
AUDNZD,0.0,0,0.0,0.0,0.0,0.0,0,0.0,2026-04-09T17:32:46.488397,,,,30,,,,,,,,,,,,,,
AUDNZD,0.0,0,0.0,0.0,0.0,0.0,0,0.0,2026-04-09T17:32:50.506477,,,,,,,,24,,,,,,,,,,
AUDNZD,0.0,0,0.0,0.0,0.0,0.0,0,0.0,2026-04-09T17:32:54.523545,,,,,,,,48,,,,,,,,,,
AUDNZD,0.0,0,0.0,0.0,0.0,0.0,0,0.0,2026-04-09T17:32:58.537611,,,,,,,,72,,,,,,,,,,
AUDNZD,0.0,0,0.0,0.0,0.0,0.0,0,0.0,2026-04-09T17:33:02.554978,,,,,,,,,,,,,,,,,0.5,
AUDNZD,0.0,0,0.0,0.0,0.0,0.0,0,0.0,2026-04-09T17:33:06.578700,,,,,,,,,,,,,,,,,1.0,
AUDNZD,0.0,0,0.0,0.0,0.0,0.0,0,0.0,2026-04-09T17:33:10.594821,,,,,,,,,,,,,,,,,2.0,
AUDNZD,0.0,0,0.0,0.0,0.0,0.0,0,0.0,2026-04-09T17:33:14.607667,,,,,,,,,,,,,,,,,,True
AUDNZD,0.0,0,0.0,0.0,0.0,0.0,0,0.0,2026-04-09T17:33:18.624148,,,,,,,,,,,,,,,,,,False
AUDNZD,0.0,0,0.0,0.0,0.0,0.0,0,0.0,2026-04-09T17:33:22.653511,,,True,,,,,,,,,,,,,,,
AUDNZD,0.0,0,0.0,0.0,0.0,0.0,0,0.0,2026-04-09T17:33:26.667572,,,False,,,,,,,,,,,,,,,
AUDNZD,0.0,0,0.0,0.0,0.0,0.0,0,0.0,2026-04-09T17:33:30.684693,,,,,,,3,,,,,,,,,,,
AUDNZD,0.0,0,0.0,0.0,0.0,0.0,0,0.0,2026-04-09T17:33:34.701058,,,,,,,5,,,,,,,,,,,
AUDNZD,0.0,0,0.0,0.0,0.0,0.0,0,0.0,2026-04-09T17:33:38.715909,,,,,,,8,,,,,,,,,,,
AUDNZD,0.0,0,0.0,0.0,0.0,0.0,0,0.0,2026-04-09T17:33:42.726324,,,,,,,,,,,,,,,3,,,
AUDNZD,0.0,0,0.0,0.0,0.0,0.0,0,0.0,2026-04-09T17:33:46.740509,,,,,,,,,,,,,,,5,,,
AUDNZD,0.0,0,0.0,0.0,0.0,0.0,0,0.0,2026-04-09T17:33:50.758086,,,,,,,,,,,,,,,10,,,
AUDNZD,0.0,0,0.0,0.0,0.0,0.0,0,0.0,2026-04-09T17:33:54.769708,,,,,,,,,,10,,,,,,,,
AUDNZD,0.0,0,0.0,0.0,0.0,0.0,0,0.0,2026-04-09T17:33:58.783774,,,,,,,,,,15,,,,,,,,
AUDNZD,0.0,0,0.0,0.0,0.0,0.0,0,0.0,2026-04-09T17:34:02.799406,,,,,,,,,,20,,,,,,,,
AUDNZD,0.0,0,0.0,0.0,0.0,0.0,0,0.0,2026-04-09T17:34:06.810243,,,,,,,,,25,,,,,,,,,
AUDNZD,0.0,0,0.0,0.0,0.0,0.0,0,0.0,2026-04-09T17:34:10.820889,,,,,,,,,35,,,,,,,,,
AUDNZD,0.0,0,0.0,0.0,0.0,0.0,0,0.0,2026-04-09T17:34:14.831587,,,,,,,,,50,,,,,,,,,
AUDNZD,0.0,0,0.0,0.0,0.0,0.0,0,0.0,2026-04-09T17:34:18.846964,,,,,,,,,,,,,30,,,,,
AUDNZD,0.0,0,0.0,0.0,0.0,0.0,0,0.0,2026-04-09T17:34:22.859115,,,,,,,,,,,,,50,,,,,
AUDNZD,0.0,0,0.0,0.0,0.0,0.0,0,0.0,2026-04-09T17:34:26.875882,,,,,,,,,,,,,70,,,,,
AUDNZD,0.0,0,0.0,0.0,0.0,0.0,0,0.0,2026-04-09T17:34:30.891692,,,,,,,,,,,,10,,,,,,
AUDNZD,0.0,0,0.0,0.0,0.0,0.0,0,0.0,2026-04-09T17:34:34.903401,,,,,,,,,,,,20,,,,,,
AUDNZD,0.0,0,0.0,0.0,0.0,0.0,0,0.0,2026-04-09T17:34:38.917437,,,,,,,,,,,,30,,,,,,
AUDNZD,0.0,0,0.0,0.0,0.0,0.0,0,0.0,2026-04-09T17:34:42.937168,,,,,,,,,,,1,,,,,,,
AUDNZD,0.0,0,0.0,0.0,0.0,0.0,0,0.0,2026-04-09T17:34:46.947139,,,,,,,,,,,2,,,,,,,
AUDNZD,0.0,0,0.0,0.0,0.0,0.0,0,0.0,2026-04-09T17:34:50.956961,,,,,,,,,,,3,,,,,,,
AUDCAD,0.0,0,0.0,0.0,0.0,0.0,0,0.0,2026-04-09T17:35:29.247756,,,,,,,,,,,,,,,,dynamic,,
AUDCAD,0.0,0,0.0,0.0,0.0,0.0,0,0.0,2026-04-09T17:35:33.254744,,,,,,,,,,,,,,,,fixed_2.5,,
AUDCAD,0.0,0,0.0,0.0,0.0,0.0,0,0.0,2026-04-09T17:35:37.260032,,,,,,,,,,,,,,,,fixed_4.0,,
AUDCAD,0.0,0,0.0,0.0,0.0,0.0,0,0.0,2026-04-09T17:35:41.271447,,True,,,,,,,,,,,,,,,,
AUDCAD,0.0,0,0.0,0.0,0.0,0.0,0,0.0,2026-04-09T17:35:45.287070,,False,,,,,,,,,,,,,,,,
AUDCAD,0.0,0,0.0,0.0,0.0,0.0,0,0.0,2026-04-09T17:35:49.300911,50,,,,,,,,,,,,,,,,,
AUDCAD,0.0,0,0.0,0.0,0.0,0.0,0,0.0,2026-04-09T17:35:53.313170,60,,,,,,,,,,,,,,,,,
AUDCAD,0.0,0,0.0,0.0,0.0,0.0,0,0.0,2026-04-09T17:35:57.328413,70,,,,,,,,,,,,,,,,,
AUDCAD,0.0,0,0.0,0.0,0.0,0.0,0,0.0,2026-04-09T17:36:01.340693,,,,,,,,,,,,,,5,,,,
AUDCAD,0.0,0,0.0,0.0,0.0,0.0,0,0.0,2026-04-09T17:36:05.351396,,,,,,,,,,,,,,10,,,,
AUDCAD,0.0,0,0.0,0.0,0.0,0.0,0,0.0,2026-04-09T17:36:09.357981,,,,,,,,,,,,,,15,,,,
AUDCAD,0.0,0,0.0,0.0,0.0,0.0,0,0.0,2026-04-09T17:36:13.364330,,,,10,,,,,,,,,,,,,,
AUDCAD,0.0,0,0.0,0.0,0.0,0.0,0,0.0,2026-04-09T17:36:17.371887,,,,20,,,,,,,,,,,,,,
AUDCAD,0.0,0,0.0,0.0,0.0,0.0,0,0.0,2026-04-09T17:36:21.384532,,,,30,,,,,,,,,,,,,,
AUDCAD,0.0,0,0.0,0.0,0.0,0.0,0,0.0,2026-04-09T17:36:25.396438,,,,,,,,24,,,,,,,,,,
AUDCAD,0.0,0,0.0,0.0,0.0,0.0,0,0.0,2026-04-09T17:36:29.406810,,,,,,,,48,,,,,,,,,,
AUDCAD,0.0,0,0.0,0.0,0.0,0.0,0,0.0,2026-04-09T17:36:33.419423,,,,,,,,72,,,,,,,,,,
AUDCAD,0.0,0,0.0,0.0,0.0,0.0,0,0.0,2026-04-09T17:36:37.431110,,,,,,,,,,,,,,,,,0.5,
AUDCAD,0.0,0,0.0,0.0,0.0,0.0,0,0.0,2026-04-09T17:36:41.443649,,,,,,,,,,,,,,,,,1.0,
AUDCAD,0.0,0,0.0,0.0,0.0,0.0,0,0.0,2026-04-09T17:36:45.455057,,,,,,,,,,,,,,,,,2.0,
AUDCAD,0.0,0,0.0,0.0,0.0,0.0,0,0.0,2026-04-09T17:36:49.466963,,,,,,,,,,,,,,,,,,True
AUDCAD,0.0,0,0.0,0.0,0.0,0.0,0,0.0,2026-04-09T17:36:53.477924,,,,,,,,,,,,,,,,,,False
AUDCAD,0.0,0,0.0,0.0,0.0,0.0,0,0.0,2026-04-09T17:36:57.486748,,,True,,,,,,,,,,,,,,,
AUDCAD,0.0,0,0.0,0.0,0.0,0.0,0,0.0,2026-04-09T17:37:01.498988,,,False,,,,,,,,,,,,,,,
AUDCAD,0.0,0,0.0,0.0,0.0,0.0,0,0.0,2026-04-09T17:37:05.510079,,,,,,,3,,,,,,,,,,,
AUDCAD,0.0,0,0.0,0.0,0.0,0.0,0,0.0,2026-04-09T17:37:09.521419,,,,,,,5,,,,,,,,,,,
AUDCAD,0.0,0,0.0,0.0,0.0,0.0,0,0.0,2026-04-09T17:37:13.533286,,,,,,,8,,,,,,,,,,,
AUDCAD,0.0,0,0.0,0.0,0.0,0.0,0,0.0,2026-04-09T17:37:17.543882,,,,,,,,,,,,,,,3,,,
AUDCAD,0.0,0,0.0,0.0,0.0,0.0,0,0.0,2026-04-09T17:37:21.554802,,,,,,,,,,,,,,,5,,,
AUDCAD,0.0,0,0.0,0.0,0.0,0.0,0,0.0,2026-04-09T17:37:25.567346,,,,,,,,,,,,,,,10,,,
AUDCAD,0.0,0,0.0,0.0,0.0,0.0,0,0.0,2026-04-09T17:37:29.581375,,,,,,,,,,10,,,,,,,,
AUDCAD,0.0,0,0.0,0.0,0.0,0.0,0,0.0,2026-04-09T17:37:33.592151,,,,,,,,,,15,,,,,,,,
AUDCAD,0.0,0,0.0,0.0,0.0,0.0,0,0.0,2026-04-09T17:37:37.601949,,,,,,,,,,20,,,,,,,,
AUDCAD,0.0,0,0.0,0.0,0.0,0.0,0,0.0,2026-04-09T17:37:41.613526,,,,,,,,,25,,,,,,,,,
AUDCAD,0.0,0,0.0,0.0,0.0,0.0,0,0.0,2026-04-09T17:37:45.624593,,,,,,,,,35,,,,,,,,,
AUDCAD,0.0,0,0.0,0.0,0.0,0.0,0,0.0,2026-04-09T17:37:49.637151,,,,,,,,,50,,,,,,,,,
AUDCAD,0.0,0,0.0,0.0,0.0,0.0,0,0.0,2026-04-09T17:37:53.647332,,,,,,,,,,,,,30,,,,,
AUDCAD,0.0,0,0.0,0.0,0.0,0.0,0,0.0,2026-04-09T17:37:57.657780,,,,,,,,,,,,,50,,,,,
AUDCAD,0.0,0,0.0,0.0,0.0,0.0,0,0.0,2026-04-09T17:38:01.664743,,,,,,,,,,,,,70,,,,,
AUDCAD,0.0,0,0.0,0.0,0.0,0.0,0,0.0,2026-04-09T17:38:05.673533,,,,,,,,,,,,10,,,,,,
AUDCAD,0.0,0,0.0,0.0,0.0,0.0,0,0.0,2026-04-09T17:38:09.686337,,,,,,,,,,,,20,,,,,,
AUDCAD,0.0,0,0.0,0.0,0.0,0.0,0,0.0,2026-04-09T17:38:13.694541,,,,,,,,,,,,30,,,,,,
AUDCAD,0.0,0,0.0,0.0,0.0,0.0,0,0.0,2026-04-09T17:38:17.707043,,,,,,,,,,,1,,,,,,,
AUDCAD,0.0,0,0.0,0.0,0.0,0.0,0,0.0,2026-04-09T17:38:21.717375,,,,,,,,,,,2,,,,,,,
AUDCAD,0.0,0,0.0,0.0,0.0,0.0,0,0.0,2026-04-09T17:38:25.730452,,,,,,,,,,,3,,,,,,,
AUDCHF,0.0,0,0.0,0.0,0.0,0.0,0,0.0,2026-04-09T17:39:03.993010,,,,,,,,,,,,,,,,dynamic,,
AUDCHF,0.0,0,0.0,0.0,0.0,0.0,0,0.0,2026-04-09T17:39:08.002191,,,,,,,,,,,,,,,,fixed_2.5,,
AUDCHF,0.0,0,0.0,0.0,0.0,0.0,0,0.0,2026-04-09T17:39:12.008978,,,,,,,,,,,,,,,,fixed_4.0,,
AUDCHF,0.0,0,0.0,0.0,0.0,0.0,0,0.0,2026-04-09T17:39:16.020970,,True,,,,,,,,,,,,,,,,
AUDCHF,0.0,0,0.0,0.0,0.0,0.0,0,0.0,2026-04-09T17:39:20.028895,,False,,,,,,,,,,,,,,,,
AUDCHF,0.0,0,0.0,0.0,0.0,0.0,0,0.0,2026-04-09T17:39:24.038569,50,,,,,,,,,,,,,,,,,
AUDCHF,0.0,0,0.0,0.0,0.0,0.0,0,0.0,2026-04-09T17:39:28.045774,60,,,,,,,,,,,,,,,,,
AUDCHF,0.0,0,0.0,0.0,0.0,0.0,0,0.0,2026-04-09T17:39:32.056016,70,,,,,,,,,,,,,,,,,
AUDCHF,0.0,0,0.0,0.0,0.0,0.0,0,0.0,2026-04-09T17:39:36.064706,,,,,,,,,,,,,,5,,,,
AUDCHF,0.0,0,0.0,0.0,0.0,0.0,0,0.0,2026-04-09T17:39:40.079804,,,,,,,,,,,,,,10,,,,
AUDCHF,0.0,0,0.0,0.0,0.0,0.0,0,0.0,2026-04-09T17:39:44.095898,,,,,,,,,,,,,,15,,,,
AUDCHF,0.0,0,0.0,0.0,0.0,0.0,0,0.0,2026-04-09T17:39:48.108896,,,,10,,,,,,,,,,,,,,
AUDCHF,0.0,0,0.0,0.0,0.0,0.0,0,0.0,2026-04-09T17:39:52.121976,,,,20,,,,,,,,,,,,,,
AUDCHF,0.0,0,0.0,0.0,0.0,0.0,0,0.0,2026-04-09T17:39:56.133345,,,,30,,,,,,,,,,,,,,
AUDCHF,0.0,0,0.0,0.0,0.0,0.0,0,0.0,2026-04-09T17:40:00.147685,,,,,,,,24,,,,,,,,,,
AUDCHF,0.0,0,0.0,0.0,0.0,0.0,0,0.0,2026-04-09T17:40:04.154933,,,,,,,,48,,,,,,,,,,
AUDCHF,0.0,0,0.0,0.0,0.0,0.0,0,0.0,2026-04-09T17:40:08.166269,,,,,,,,72,,,,,,,,,,
AUDCHF,0.0,0,0.0,0.0,0.0,0.0,0,0.0,2026-04-09T17:40:12.179622,,,,,,,,,,,,,,,,,0.5,
AUDCHF,0.0,0,0.0,0.0,0.0,0.0,0,0.0,2026-04-09T17:40:16.193689,,,,,,,,,,,,,,,,,1.0,
AUDCHF,0.0,0,0.0,0.0,0.0,0.0,0,0.0,2026-04-09T17:40:20.207472,,,,,,,,,,,,,,,,,2.0,
AUDCHF,0.0,0,0.0,0.0,0.0,0.0,0,0.0,2026-04-09T17:40:24.217680,,,,,,,,,,,,,,,,,,True
AUDCHF,0.0,0,0.0,0.0,0.0,0.0,0,0.0,2026-04-09T17:40:28.225444,,,,,,,,,,,,,,,,,,False
AUDCHF,0.0,0,0.0,0.0,0.0,0.0,0,0.0,2026-04-09T17:40:32.231105,,,True,,,,,,,,,,,,,,,
AUDCHF,0.0,0,0.0,0.0,0.0,0.0,0,0.0,2026-04-09T17:40:36.245607,,,False,,,,,,,,,,,,,,,
AUDCHF,0.0,0,0.0,0.0,0.0,0.0,0,0.0,2026-04-09T17:40:40.258776,,,,,,,3,,,,,,,,,,,
AUDCHF,0.0,0,0.0,0.0,0.0,0.0,0,0.0,2026-04-09T17:40:44.269326,,,,,,,5,,,,,,,,,,,
AUDCHF,0.0,0,0.0,0.0,0.0,0.0,0,0.0,2026-04-09T17:40:48.282470,,,,,,,8,,,,,,,,,,,
AUDCHF,0.0,0,0.0,0.0,0.0,0.0,0,0.0,2026-04-09T17:40:52.295087,,,,,,,,,,,,,,,3,,,
AUDCHF,0.0,0,0.0,0.0,0.0,0.0,0,0.0,2026-04-09T17:40:56.304444,,,,,,,,,,,,,,,5,,,
AUDCHF,0.0,0,0.0,0.0,0.0,0.0,0,0.0,2026-04-09T17:41:00.315768,,,,,,,,,,,,,,,10,,,
AUDCHF,0.0,0,0.0,0.0,0.0,0.0,0,0.0,2026-04-09T17:41:04.322742,,,,,,,,,,10,,,,,,,,
AUDCHF,0.0,0,0.0,0.0,0.0,0.0,0,0.0,2026-04-09T17:41:08.333782,,,,,,,,,,15,,,,,,,,
AUDCHF,0.0,0,0.0,0.0,0.0,0.0,0,0.0,2026-04-09T17:41:12.345265,,,,,,,,,,20,,,,,,,,
AUDCHF,0.0,0,0.0,0.0,0.0,0.0,0,0.0,2026-04-09T17:41:16.352387,,,,,,,,,25,,,,,,,,,
AUDCHF,0.0,0,0.0,0.0,0.0,0.0,0,0.0,2026-04-09T17:41:20.368358,,,,,,,,,35,,,,,,,,,
AUDCHF,0.0,0,0.0,0.0,0.0,0.0,0,0.0,2026-04-09T17:41:24.375864,,,,,,,,,50,,,,,,,,,
AUDCHF,0.0,0,0.0,0.0,0.0,0.0,0,0.0,2026-04-09T17:41:28.384646,,,,,,,,,,,,,30,,,,,
AUDCHF,0.0,0,0.0,0.0,0.0,0.0,0,0.0,2026-04-09T17:41:32.392722,,,,,,,,,,,,,50,,,,,
AUDCHF,0.0,0,0.0,0.0,0.0,0.0,0,0.0,2026-04-09T17:41:36.403215,,,,,,,,,,,,,70,,,,,
AUDCHF,0.0,0,0.0,0.0,0.0,0.0,0,0.0,2026-04-09T17:41:40.408244,,,,,,,,,,,,10,,,,,,
AUDCHF,0.0,0,0.0,0.0,0.0,0.0,0,0.0,2026-04-09T17:41:44.416419,,,,,,,,,,,,20,,,,,,
AUDCHF,0.0,0,0.0,0.0,0.0,0.0,0,0.0,2026-04-09T17:41:48.427917,,,,,,,,,,,,30,,,,,,
AUDCHF,0.0,0,0.0,0.0,0.0,0.0,0,0.0,2026-04-09T17:41:52.434075,,,,,,,,,,,1,,,,,,,
AUDCHF,0.0,0,0.0,0.0,0.0,0.0,0,0.0,2026-04-09T17:41:56.439987,,,,,,,,,,,2,,,,,,,
AUDCHF,0.0,0,0.0,0.0,0.0,0.0,0,0.0,2026-04-09T17:42:00.447410,,,,,,,,,,,3,,,,,,,
CADCHF,0.0,0,0.0,0.0,0.0,0.0,0,0.0,2026-04-09T17:42:38.731856,,,,,,,,,,,,,,,,dynamic,,
CADCHF,0.0,0,0.0,0.0,0.0,0.0,0,0.0,2026-04-09T17:42:42.740852,,,,,,,,,,,,,,,,fixed_2.5,,
CADCHF,0.0,0,0.0,0.0,0.0,0.0,0,0.0,2026-04-09T17:42:46.746613,,,,,,,,,,,,,,,,fixed_4.0,,
CADCHF,0.0,0,0.0,0.0,0.0,0.0,0,0.0,2026-04-09T17:42:50.752731,,True,,,,,,,,,,,,,,,,
CADCHF,0.0,0,0.0,0.0,0.0,0.0,0,0.0,2026-04-09T17:42:54.757907,,False,,,,,,,,,,,,,,,,
CADCHF,0.0,0,0.0,0.0,0.0,0.0,0,0.0,2026-04-09T17:42:58.765262,50,,,,,,,,,,,,,,,,,
CADCHF,0.0,0,0.0,0.0,0.0,0.0,0,0.0,2026-04-09T17:43:02.771036,60,,,,,,,,,,,,,,,,,
CADCHF,0.0,0,0.0,0.0,0.0,0.0,0,0.0,2026-04-09T17:43:06.779010,70,,,,,,,,,,,,,,,,,
CADCHF,0.0,0,0.0,0.0,0.0,0.0,0,0.0,2026-04-09T17:43:10.786117,,,,,,,,,,,,,,5,,,,
CADCHF,0.0,0,0.0,0.0,0.0,0.0,0,0.0,2026-04-09T17:43:14.791988,,,,,,,,,,,,,,10,,,,
CADCHF,0.0,0,0.0,0.0,0.0,0.0,0,0.0,2026-04-09T17:43:18.798572,,,,,,,,,,,,,,15,,,,
CADCHF,0.0,0,0.0,0.0,0.0,0.0,0,0.0,2026-04-09T17:43:22.806229,,,,10,,,,,,,,,,,,,,
CADCHF,0.0,0,0.0,0.0,0.0,0.0,0,0.0,2026-04-09T17:43:26.812003,,,,20,,,,,,,,,,,,,,
CADCHF,0.0,0,0.0,0.0,0.0,0.0,0,0.0,2026-04-09T17:43:30.818625,,,,30,,,,,,,,,,,,,,
CADCHF,0.0,0,0.0,0.0,0.0,0.0,0,0.0,2026-04-09T17:43:34.824681,,,,,,,,24,,,,,,,,,,
CADCHF,0.0,0,0.0,0.0,0.0,0.0,0,0.0,2026-04-09T17:43:38.830649,,,,,,,,48,,,,,,,,,,
CADCHF,0.0,0,0.0,0.0,0.0,0.0,0,0.0,2026-04-09T17:43:42.839555,,,,,,,,72,,,,,,,,,,
CADCHF,0.0,0,0.0,0.0,0.0,0.0,0,0.0,2026-04-09T17:43:46.846479,,,,,,,,,,,,,,,,,0.5,
CADCHF,0.0,0,0.0,0.0,0.0,0.0,0,0.0,2026-04-09T17:43:50.862005,,,,,,,,,,,,,,,,,1.0,
CADCHF,0.0,0,0.0,0.0,0.0,0.0,0,0.0,2026-04-09T17:43:54.877368,,,,,,,,,,,,,,,,,2.0,
CADCHF,0.0,0,0.0,0.0,0.0,0.0,0,0.0,2026-04-09T17:43:58.883874,,,,,,,,,,,,,,,,,,True
CADCHF,0.0,0,0.0,0.0,0.0,0.0,0,0.0,2026-04-09T17:44:02.894352,,,,,,,,,,,,,,,,,,False
CADCHF,0.0,0,0.0,0.0,0.0,0.0,0,0.0,2026-04-09T17:44:06.899306,,,True,,,,,,,,,,,,,,,
CADCHF,0.0,0,0.0,0.0,0.0,0.0,0,0.0,2026-04-09T17:44:10.909842,,,False,,,,,,,,,,,,,,,
CADCHF,0.0,0,0.0,0.0,0.0,0.0,0,0.0,2026-04-09T17:44:14.920577,,,,,,,3,,,,,,,,,,,
CADCHF,0.0,0,0.0,0.0,0.0,0.0,0,0.0,2026-04-09T17:44:18.932247,,,,,,,5,,,,,,,,,,,
CADCHF,0.0,0,0.0,0.0,0.0,0.0,0,0.0,2026-04-09T17:44:22.947494,,,,,,,8,,,,,,,,,,,
CADCHF,0.0,0,0.0,0.0,0.0,0.0,0,0.0,2026-04-09T17:44:26.958489,,,,,,,,,,,,,,,3,,,
CADCHF,0.0,0,0.0,0.0,0.0,0.0,0,0.0,2026-04-09T17:44:30.970417,,,,,,,,,,,,,,,5,,,
CADCHF,0.0,0,0.0,0.0,0.0,0.0,0,0.0,2026-04-09T17:44:34.979839,,,,,,,,,,,,,,,10,,,
CADCHF,0.0,0,0.0,0.0,0.0,0.0,0,0.0,2026-04-09T17:44:38.991131,,,,,,,,,,10,,,,,,,,
CADCHF,0.0,0,0.0,0.0,0.0,0.0,0,0.0,2026-04-09T17:44:43.004998,,,,,,,,,,15,,,,,,,,
CADCHF,0.0,0,0.0,0.0,0.0,0.0,0,0.0,2026-04-09T17:44:47.019260,,,,,,,,,,20,,,,,,,,
CADCHF,0.0,0,0.0,0.0,0.0,0.0,0,0.0,2026-04-09T17:44:51.030378,,,,,,,,,25,,,,,,,,,
CADCHF,0.0,0,0.0,0.0,0.0,0.0,0,0.0,2026-04-09T17:44:55.041263,,,,,,,,,35,,,,,,,,,
CADCHF,0.0,0,0.0,0.0,0.0,0.0,0,0.0,2026-04-09T17:44:59.054205,,,,,,,,,50,,,,,,,,,
CADCHF,0.0,0,0.0,0.0,0.0,0.0,0,0.0,2026-04-09T17:45:03.066241,,,,,,,,,,,,,30,,,,,
CADCHF,0.0,0,0.0,0.0,0.0,0.0,0,0.0,2026-04-09T17:45:07.073382,,,,,,,,,,,,,50,,,,,
CADCHF,0.0,0,0.0,0.0,0.0,0.0,0,0.0,2026-04-09T17:45:11.078732,,,,,,,,,,,,,70,,,,,
CADCHF,0.0,0,0.0,0.0,0.0,0.0,0,0.0,2026-04-09T17:45:15.084739,,,,,,,,,,,,10,,,,,,
CADCHF,0.0,0,0.0,0.0,0.0,0.0,0,0.0,2026-04-09T17:45:19.094790,,,,,,,,,,,,20,,,,,,
CADCHF,0.0,0,0.0,0.0,0.0,0.0,0,0.0,2026-04-09T17:45:23.102400,,,,,,,,,,,,30,,,,,,
CADCHF,0.0,0,0.0,0.0,0.0,0.0,0,0.0,2026-04-09T17:45:27.107458,,,,,,,,,,,1,,,,,,,
CADCHF,0.0,0,0.0,0.0,0.0,0.0,0,0.0,2026-04-09T17:45:31.115326,,,,,,,,,,,2,,,,,,,
CADCHF,0.0,0,0.0,0.0,0.0,0.0,0,0.0,2026-04-09T17:45:35.122884,,,,,,,,,,,3,,,,,,,
NZDCAD,0.0,0,0.0,0.0,0.0,0.0,0,0.0,2026-04-09T17:46:13.532131,,,,,,,,,,,,,,,,dynamic,,
NZDCAD,0.0,0,0.0,0.0,0.0,0.0,0,0.0,2026-04-09T17:46:17.545806,,,,,,,,,,,,,,,,fixed_2.5,,
NZDCAD,0.0,0,0.0,0.0,0.0,0.0,0,0.0,2026-04-09T17:46:21.558138,,,,,,,,,,,,,,,,fixed_4.0,,
NZDCAD,0.0,0,0.0,0.0,0.0,0.0,0,0.0,2026-04-09T17:46:25.568364,,True,,,,,,,,,,,,,,,,
NZDCAD,0.0,0,0.0,0.0,0.0,0.0,0,0.0,2026-04-09T17:46:29.585218,,False,,,,,,,,,,,,,,,,
NZDCAD,0.0,0,0.0,0.0,0.0,0.0,0,0.0,2026-04-09T17:46:33.597731,50,,,,,,,,,,,,,,,,,
NZDCAD,0.0,0,0.0,0.0,0.0,0.0,0,0.0,2026-04-09T17:46:37.607495,60,,,,,,,,,,,,,,,,,
NZDCAD,0.0,0,0.0,0.0,0.0,0.0,0,0.0,2026-04-09T17:46:41.621914,70,,,,,,,,,,,,,,,,,
NZDCAD,0.0,0,0.0,0.0,0.0,0.0,0,0.0,2026-04-09T17:46:45.639877,,,,,,,,,,,,,,5,,,,
NZDCAD,0.0,0,0.0,0.0,0.0,0.0,0,0.0,2026-04-09T17:46:49.655230,,,,,,,,,,,,,,10,,,,
NZDCAD,0.0,0,0.0,0.0,0.0,0.0,0,0.0,2026-04-09T17:46:53.665218,,,,,,,,,,,,,,15,,,,
NZDCAD,0.0,0,0.0,0.0,0.0,0.0,0,0.0,2026-04-09T17:46:57.706096,,,,10,,,,,,,,,,,,,,
NZDCAD,0.0,0,0.0,0.0,0.0,0.0,0,0.0,2026-04-09T17:47:01.715070,,,,20,,,,,,,,,,,,,,
NZDCAD,0.0,0,0.0,0.0,0.0,0.0,0,0.0,2026-04-09T17:47:05.724117,,,,30,,,,,,,,,,,,,,
NZDCAD,0.0,0,0.0,0.0,0.0,0.0,0,0.0,2026-04-09T17:47:09.732877,,,,,,,,24,,,,,,,,,,
NZDCAD,0.0,0,0.0,0.0,0.0,0.0,0,0.0,2026-04-09T17:47:13.750251,,,,,,,,48,,,,,,,,,,
NZDCAD,0.0,0,0.0,0.0,0.0,0.0,0,0.0,2026-04-09T17:47:17.767502,,,,,,,,72,,,,,,,,,,
NZDCAD,0.0,0,0.0,0.0,0.0,0.0,0,0.0,2026-04-09T17:47:21.779023,,,,,,,,,,,,,,,,,0.5,
NZDCAD,0.0,0,0.0,0.0,0.0,0.0,0,0.0,2026-04-09T17:47:25.796772,,,,,,,,,,,,,,,,,1.0,
NZDCAD,0.0,0,0.0,0.0,0.0,0.0,0,0.0,2026-04-09T17:47:29.811043,,,,,,,,,,,,,,,,,2.0,
NZDCAD,0.0,0,0.0,0.0,0.0,0.0,0,0.0,2026-04-09T17:47:33.827503,,,,,,,,,,,,,,,,,,True
NZDCAD,0.0,0,0.0,0.0,0.0,0.0,0,0.0,2026-04-09T17:47:37.834960,,,,,,,,,,,,,,,,,,False
NZDCAD,0.0,0,0.0,0.0,0.0,0.0,0,0.0,2026-04-09T17:47:41.849909,,,True,,,,,,,,,,,,,,,
NZDCAD,0.0,0,0.0,0.0,0.0,0.0,0,0.0,2026-04-09T17:47:45.864233,,,False,,,,,,,,,,,,,,,
NZDCAD,0.0,0,0.0,0.0,0.0,0.0,0,0.0,2026-04-09T17:47:49.877650,,,,,,,3,,,,,,,,,,,
NZDCAD,0.0,0,0.0,0.0,0.0,0.0,0,0.0,2026-04-09T17:47:53.887331,,,,,,,5,,,,,,,,,,,
NZDCAD,0.0,0,0.0,0.0,0.0,0.0,0,0.0,2026-04-09T17:47:57.895415,,,,,,,8,,,,,,,,,,,
NZDCAD,0.0,0,0.0,0.0,0.0,0.0,0,0.0,2026-04-09T17:48:01.907246,,,,,,,,,,,,,,,3,,,
NZDCAD,0.0,0,0.0,0.0,0.0,0.0,0,0.0,2026-04-09T17:48:05.919452,,,,,,,,,,,,,,,5,,,
NZDCAD,0.0,0,0.0,0.0,0.0,0.0,0,0.0,2026-04-09T17:48:09.933464,,,,,,,,,,,,,,,10,,,
NZDCAD,0.0,0,0.0,0.0,0.0,0.0,0,0.0,2026-04-09T17:48:13.949339,,,,,,,,,,10,,,,,,,,
NZDCAD,0.0,0,0.0,0.0,0.0,0.0,0,0.0,2026-04-09T17:48:17.956732,,,,,,,,,,15,,,,,,,,
NZDCAD,0.0,0,0.0,0.0,0.0,0.0,0,0.0,2026-04-09T17:48:21.975976,,,,,,,,,,20,,,,,,,,
NZDCAD,0.0,0,0.0,0.0,0.0,0.0,0,0.0,2026-04-09T17:48:25.983042,,,,,,,,,25,,,,,,,,,
NZDCAD,0.0,0,0.0,0.0,0.0,0.0,0,0.0,2026-04-09T17:48:29.996990,,,,,,,,,35,,,,,,,,,
NZDCAD,0.0,0,0.0,0.0,0.0,0.0,0,0.0,2026-04-09T17:48:34.007251,,,,,,,,,50,,,,,,,,,
NZDCAD,0.0,0,0.0,0.0,0.0,0.0,0,0.0,2026-04-09T17:48:38.018111,,,,,,,,,,,,,30,,,,,
NZDCAD,0.0,0,0.0,0.0,0.0,0.0,0,0.0,2026-04-09T17:48:42.032992,,,,,,,,,,,,,50,,,,,
NZDCAD,0.0,0,0.0,0.0,0.0,0.0,0,0.0,2026-04-09T17:48:46.050899,,,,,,,,,,,,,70,,,,,
NZDCAD,0.0,0,0.0,0.0,0.0,0.0,0,0.0,2026-04-09T17:48:50.065335,,,,,,,,,,,,10,,,,,,
NZDCAD,0.0,0,0.0,0.0,0.0,0.0,0,0.0,2026-04-09T17:48:54.079938,,,,,,,,,,,,20,,,,,,
NZDCAD,0.0,0,0.0,0.0,0.0,0.0,0,0.0,2026-04-09T17:48:58.092352,,,,,,,,,,,,30,,,,,,
NZDCAD,0.0,0,0.0,0.0,0.0,0.0,0,0.0,2026-04-09T17:49:02.102309,,,,,,,,,,,1,,,,,,,
NZDCAD,0.0,0,0.0,0.0,0.0,0.0,0,0.0,2026-04-09T17:49:06.112989,,,,,,,,,,,2,,,,,,,
NZDCAD,0.0,0,0.0,0.0,0.0,0.0,0,0.0,2026-04-09T17:49:10.126485,,,,,,,,,,,3,,,,,,,
NZDCHF,0.0,0,0.0,0.0,0.0,0.0,0,0.0,2026-04-09T17:49:48.501075,,,,,,,,,,,,,,,,dynamic,,
NZDCHF,0.0,0,0.0,0.0,0.0,0.0,0,0.0,2026-04-09T17:49:52.517652,,,,,,,,,,,,,,,,fixed_2.5,,
NZDCHF,0.0,0,0.0,0.0,0.0,0.0,0,0.0,2026-04-09T17:49:56.526001,,,,,,,,,,,,,,,,fixed_4.0,,
NZDCHF,0.0,0,0.0,0.0,0.0,0.0,0,0.0,2026-04-09T17:50:00.530844,,True,,,,,,,,,,,,,,,,
NZDCHF,0.0,0,0.0,0.0,0.0,0.0,0,0.0,2026-04-09T17:50:04.541194,,False,,,,,,,,,,,,,,,,
NZDCHF,0.0,0,0.0,0.0,0.0,0.0,0,0.0,2026-04-09T17:50:08.546186,50,,,,,,,,,,,,,,,,,
NZDCHF,0.0,0,0.0,0.0,0.0,0.0,0,0.0,2026-04-09T17:50:12.551835,60,,,,,,,,,,,,,,,,,
NZDCHF,0.0,0,0.0,0.0,0.0,0.0,0,0.0,2026-04-09T17:50:16.560258,70,,,,,,,,,,,,,,,,,
NZDCHF,0.0,0,0.0,0.0,0.0,0.0,0,0.0,2026-04-09T17:50:20.569171,,,,,,,,,,,,,,5,,,,
NZDCHF,0.0,0,0.0,0.0,0.0,0.0,0,0.0,2026-04-09T17:50:24.577385,,,,,,,,,,,,,,10,,,,
NZDCHF,0.0,0,0.0,0.0,0.0,0.0,0,0.0,2026-04-09T17:50:28.589849,,,,,,,,,,,,,,15,,,,
NZDCHF,0.0,0,0.0,0.0,0.0,0.0,0,0.0,2026-04-09T17:50:32.600686,,,,10,,,,,,,,,,,,,,
NZDCHF,0.0,0,0.0,0.0,0.0,0.0,0,0.0,2026-04-09T17:50:36.609405,,,,20,,,,,,,,,,,,,,
NZDCHF,0.0,0,0.0,0.0,0.0,0.0,0,0.0,2026-04-09T17:50:40.729797,,,,30,,,,,,,,,,,,,,
NZDCHF,0.0,0,0.0,0.0,0.0,0.0,0,0.0,2026-04-09T17:50:44.737786,,,,,,,,24,,,,,,,,,,
NZDCHF,0.0,0,0.0,0.0,0.0,0.0,0,0.0,2026-04-09T17:50:48.750450,,,,,,,,48,,,,,,,,,,
NZDCHF,0.0,0,0.0,0.0,0.0,0.0,0,0.0,2026-04-09T17:50:52.762403,,,,,,,,72,,,,,,,,,,
NZDCHF,0.0,0,0.0,0.0,0.0,0.0,0,0.0,2026-04-09T17:50:56.775247,,,,,,,,,,,,,,,,,0.5,
NZDCHF,0.0,0,0.0,0.0,0.0,0.0,0,0.0,2026-04-09T17:51:00.781991,,,,,,,,,,,,,,,,,1.0,
NZDCHF,0.0,0,0.0,0.0,0.0,0.0,0,0.0,2026-04-09T17:51:04.788493,,,,,,,,,,,,,,,,,2.0,
NZDCHF,0.0,0,0.0,0.0,0.0,0.0,0,0.0,2026-04-09T17:51:08.795451,,,,,,,,,,,,,,,,,,True
NZDCHF,0.0,0,0.0,0.0,0.0,0.0,0,0.0,2026-04-09T17:51:12.802556,,,,,,,,,,,,,,,,,,False
NZDCHF,0.0,0,0.0,0.0,0.0,0.0,0,0.0,2026-04-09T17:51:16.808860,,,True,,,,,,,,,,,,,,,
NZDCHF,0.0,0,0.0,0.0,0.0,0.0,0,0.0,2026-04-09T17:51:20.815919,,,False,,,,,,,,,,,,,,,
NZDCHF,0.0,0,0.0,0.0,0.0,0.0,0,0.0,2026-04-09T17:51:24.822032,,,,,,,3,,,,,,,,,,,
NZDCHF,0.0,0,0.0,0.0,0.0,0.0,0,0.0,2026-04-09T17:51:28.828977,,,,,,,5,,,,,,,,,,,
NZDCHF,0.0,0,0.0,0.0,0.0,0.0,0,0.0,2026-04-09T17:51:32.834826,,,,,,,8,,,,,,,,,,,
NZDCHF,0.0,0,0.0,0.0,0.0,0.0,0,0.0,2026-04-09T17:51:36.849053,,,,,,,,,,,,,,,3,,,
NZDCHF,0.0,0,0.0,0.0,0.0,0.0,0,0.0,2026-04-09T17:51:40.862017,,,,,,,,,,,,,,,5,,,
NZDCHF,0.0,0,0.0,0.0,0.0,0.0,0,0.0,2026-04-09T17:51:44.883879,,,,,,,,,,,,,,,10,,,
NZDCHF,0.0,0,0.0,0.0,0.0,0.0,0,0.0,2026-04-09T17:51:48.895268,,,,,,,,,,10,,,,,,,,
NZDCHF,0.0,0,0.0,0.0,0.0,0.0,0,0.0,2026-04-09T17:51:52.910826,,,,,,,,,,15,,,,,,,,
NZDCHF,0.0,0,0.0,0.0,0.0,0.0,0,0.0,2026-04-09T17:51:56.922741,,,,,,,,,,20,,,,,,,,
NZDCHF,0.0,0,0.0,0.0,0.0,0.0,0,0.0,2026-04-09T17:52:00.937489,,,,,,,,,25,,,,,,,,,
NZDCHF,0.0,0,0.0,0.0,0.0,0.0,0,0.0,2026-04-09T17:52:04.949269,,,,,,,,,35,,,,,,,,,
NZDCHF,0.0,0,0.0,0.0,0.0,0.0,0,0.0,2026-04-09T17:52:08.961389,,,,,,,,,50,,,,,,,,,
NZDCHF,0.0,0,0.0,0.0,0.0,0.0,0,0.0,2026-04-09T17:52:12.975365,,,,,,,,,,,,,30,,,,,
NZDCHF,0.0,0,0.0,0.0,0.0,0.0,0,0.0,2026-04-09T17:52:16.993362,,,,,,,,,,,,,50,,,,,
NZDCHF,0.0,0,0.0,0.0,0.0,0.0,0,0.0,2026-04-09T17:52:21.007779,,,,,,,,,,,,,70,,,,,
NZDCHF,0.0,0,0.0,0.0,0.0,0.0,0,0.0,2026-04-09T17:52:25.013860,,,,,,,,,,,,10,,,,,,
NZDCHF,0.0,0,0.0,0.0,0.0,0.0,0,0.0,2026-04-09T17:52:29.025815,,,,,,,,,,,,20,,,,,,
NZDCHF,0.0,0,0.0,0.0,0.0,0.0,0,0.0,2026-04-09T17:52:33.039881,,,,,,,,,,,,30,,,,,,
NZDCHF,0.0,0,0.0,0.0,0.0,0.0,0,0.0,2026-04-09T17:52:37.052944,,,,,,,,,,,1,,,,,,,
NZDCHF,0.0,0,0.0,0.0,0.0,0.0,0,0.0,2026-04-09T17:52:41.063947,,,,,,,,,,,2,,,,,,,
NZDCHF,0.0,0,0.0,0.0,0.0,0.0,0,0.0,2026-04-09T17:52:45.072063,,,,,,,,,,,3,,,,,,,
XAUUSD,0.0,0,0.0,0.0,0.0,0.0,0,0.0,2026-04-09T17:53:23.288747,,,,,,,,,,,,,,,,dynamic,,
XAUUSD,0.0,0,0.0,0.0,0.0,0.0,0,0.0,2026-04-09T17:53:27.297966,,,,,,,,,,,,,,,,fixed_2.5,,
XAUUSD,0.0,0,0.0,0.0,0.0,0.0,0,0.0,2026-04-09T17:53:31.304726,,,,,,,,,,,,,,,,fixed_4.0,,
XAUUSD,0.0,0,0.0,0.0,0.0,0.0,0,0.0,2026-04-09T17:53:35.309411,,True,,,,,,,,,,,,,,,,
XAUUSD,0.0,0,0.0,0.0,0.0,0.0,0,0.0,2026-04-09T17:53:39.324845,,False,,,,,,,,,,,,,,,,
XAUUSD,0.0,0,0.0,0.0,0.0,0.0,0,0.0,2026-04-09T17:53:43.389842,50,,,,,,,,,,,,,,,,,
XAUUSD,0.0,0,0.0,0.0,0.0,0.0,0,0.0,2026-04-09T17:53:47.396389,60,,,,,,,,,,,,,,,,,
XAUUSD,0.0,0,0.0,0.0,0.0,0.0,0,0.0,2026-04-09T17:53:51.405254,70,,,,,,,,,,,,,,,,,
XAUUSD,0.0,0,0.0,0.0,0.0,0.0,0,0.0,2026-04-09T17:53:55.411335,,,,,,,,,,,,,,5,,,,
XAUUSD,0.0,0,0.0,0.0,0.0,0.0,0,0.0,2026-04-09T17:53:59.417382,,,,,,,,,,,,,,10,,,,
XAUUSD,0.0,0,0.0,0.0,0.0,0.0,0,0.0,2026-04-09T17:54:03.423487,,,,,,,,,,,,,,15,,,,
XAUUSD,0.0,0,0.0,0.0,0.0,0.0,0,0.0,2026-04-09T17:54:07.429366,,,,,80,,,,,,,,,,,,,
XAUUSD,0.0,0,0.0,0.0,0.0,0.0,0,0.0,2026-04-09T17:54:11.434946,,,,,120,,,,,,,,,,,,,
XAUUSD,0.0,0,0.0,0.0,0.0,0.0,0,0.0,2026-04-09T17:54:15.441692,,,,,200,,,,,,,,,,,,,
XAUUSD,0.0,0,0.0,0.0,0.0,0.0,0,0.0,2026-04-09T17:54:19.446942,,,,,,,,24,,,,,,,,,,
XAUUSD,0.0,0,0.0,0.0,0.0,0.0,0,0.0,2026-04-09T17:54:23.455091,,,,,,,,48,,,,,,,,,,
XAUUSD,0.0,0,0.0,0.0,0.0,0.0,0,0.0,2026-04-09T17:54:27.460887,,,,,,,,72,,,,,,,,,,
XAUUSD,0.0,0,0.0,0.0,0.0,0.0,0,0.0,2026-04-09T17:54:31.470228,,,,,,,,,,,,,,,,,0.5,
XAUUSD,0.0,0,0.0,0.0,0.0,0.0,0,0.0,2026-04-09T17:54:35.478814,,,,,,,,,,,,,,,,,1.0,
XAUUSD,0.0,0,0.0,0.0,0.0,0.0,0,0.0,2026-04-09T17:54:39.487270,,,,,,,,,,,,,,,,,2.0,
XAUUSD,0.0,0,0.0,0.0,0.0,0.0,0,0.0,2026-04-09T17:54:43.492462,,,,,,,,,,,,,,,,,,True
XAUUSD,0.0,0,0.0,0.0,0.0,0.0,0,0.0,2026-04-09T17:54:47.498029,,,,,,,,,,,,,,,,,,False
XAUUSD,0.0,0,0.0,0.0,0.0,0.0,0,0.0,2026-04-09T17:54:51.502699,,,True,,,,,,,,,,,,,,,
XAUUSD,0.0,0,0.0,0.0,0.0,0.0,0,0.0,2026-04-09T17:54:55.510448,,,False,,,,,,,,,,,,,,,
XAUUSD,0.0,0,0.0,0.0,0.0,0.0,0,0.0,2026-04-09T17:54:59.515410,,,,,,,3,,,,,,,,,,,
XAUUSD,0.0,0,0.0,0.0,0.0,0.0,0,0.0,2026-04-09T17:55:03.521340,,,,,,,5,,,,,,,,,,,
XAUUSD,0.0,0,0.0,0.0,0.0,0.0,0,0.0,2026-04-09T17:55:07.533702,,,,,,,8,,,,,,,,,,,
XAUUSD,0.0,0,0.0,0.0,0.0,0.0,0,0.0,2026-04-09T17:55:11.538598,,,,,,,,,,,,,,,3,,,
XAUUSD,0.0,0,0.0,0.0,0.0,0.0,0,0.0,2026-04-09T17:55:15.547572,,,,,,,,,,,,,,,5,,,
XAUUSD,0.0,0,0.0,0.0,0.0,0.0,0,0.0,2026-04-09T17:55:19.552835,,,,,,,,,,,,,,,10,,,
XAUUSD,0.0,0,0.0,0.0,0.0,0.0,0,0.0,2026-04-09T17:55:23.559532,,,,,,,,,,10,,,,,,,,
XAUUSD,0.0,0,0.0,0.0,0.0,0.0,0,0.0,2026-04-09T17:55:27.565176,,,,,,,,,,15,,,,,,,,
XAUUSD,0.0,0,0.0,0.0,0.0,0.0,0,0.0,2026-04-09T17:55:31.570635,,,,,,,,,,20,,,,,,,,
XAUUSD,0.0,0,0.0,0.0,0.0,0.0,0,0.0,2026-04-09T17:55:35.575489,,,,,,,,,25,,,,,,,,,
XAUUSD,0.0,0,0.0,0.0,0.0,0.0,0,0.0,2026-04-09T17:55:39.590648,,,,,,,,,35,,,,,,,,,
XAUUSD,0.0,0,0.0,0.0,0.0,0.0,0,0.0,2026-04-09T17:55:43.596362,,,,,,,,,50,,,,,,,,,
XAUUSD,0.0,0,0.0,0.0,0.0,0.0,0,0.0,2026-04-09T17:55:47.601913,,,,,,,,,,,,,30,,,,,
XAUUSD,0.0,0,0.0,0.0,0.0,0.0,0,0.0,2026-04-09T17:55:51.611102,,,,,,,,,,,,,50,,,,,
XAUUSD,0.0,0,0.0,0.0,0.0,0.0,0,0.0,2026-04-09T17:55:55.617630,,,,,,,,,,,,,70,,,,,
XAUUSD,0.0,0,0.0,0.0,0.0,0.0,0,0.0,2026-04-09T17:55:59.623843,,,,,,,,,,,,10,,,,,,
XAUUSD,0.0,0,0.0,0.0,0.0,0.0,0,0.0,2026-04-09T17:56:03.629488,,,,,,,,,,,,20,,,,,,
XAUUSD,0.0,0,0.0,0.0,0.0,0.0,0,0.0,2026-04-09T17:56:07.634766,,,,,,,,,,,,30,,,,,,
XAUUSD,0.0,0,0.0,0.0,0.0,0.0,0,0.0,2026-04-09T17:56:11.639658,,,,,,,,,,,1,,,,,,,
XAUUSD,0.0,0,0.0,0.0,0.0,0.0,0,0.0,2026-04-09T17:56:15.645375,,,,,,,,,,,2,,,,,,,
XAUUSD,0.0,0,0.0,0.0,0.0,0.0,0,0.0,2026-04-09T17:56:19.655625,,,,,,,,,,,3,,,,,,,
XAGUSD,0.0,0,0.0,0.0,0.0,0.0,0,0.0,2026-04-09T17:56:57.889778,,,,,,,,,,,,,,,,dynamic,,
XAGUSD,0.0,0,0.0,0.0,0.0,0.0,0,0.0,2026-04-09T17:57:01.897849,,,,,,,,,,,,,,,,fixed_2.5,,
XAGUSD,0.0,0,0.0,0.0,0.0,0.0,0,0.0,2026-04-09T17:57:05.906015,,,,,,,,,,,,,,,,fixed_4.0,,
XAGUSD,0.0,0,0.0,0.0,0.0,0.0,0,0.0,2026-04-09T17:57:09.909895,,True,,,,,,,,,,,,,,,,
XAGUSD,0.0,0,0.0,0.0,0.0,0.0,0,0.0,2026-04-09T17:57:13.916937,,False,,,,,,,,,,,,,,,,
XAGUSD,0.0,0,0.0,0.0,0.0,0.0,0,0.0,2026-04-09T17:57:17.921917,50,,,,,,,,,,,,,,,,,
XAGUSD,0.0,0,0.0,0.0,0.0,0.0,0,0.0,2026-04-09T17:57:21.927586,60,,,,,,,,,,,,,,,,,
XAGUSD,0.0,0,0.0,0.0,0.0,0.0,0,0.0,2026-04-09T17:57:25.943566,70,,,,,,,,,,,,,,,,,
XAGUSD,0.0,0,0.0,0.0,0.0,0.0,0,0.0,2026-04-09T17:57:30.339198,,,,,,,,,,,,,,5,,,,
XAGUSD,0.0,0,0.0,0.0,0.0,0.0,0,0.0,2026-04-09T17:57:34.349201,,,,,,,,,,,,,,10,,,,
XAGUSD,0.0,0,0.0,0.0,0.0,0.0,0,0.0,2026-04-09T17:57:38.354490,,,,,,,,,,,,,,15,,,,
XAGUSD,0.0,0,0.0,0.0,0.0,0.0,0,0.0,2026-04-09T17:57:42.359250,,,,10,,,,,,,,,,,,,,
XAGUSD,0.0,0,0.0,0.0,0.0,0.0,0,0.0,2026-04-09T17:57:46.364434,,,,20,,,,,,,,,,,,,,
XAGUSD,0.0,0,0.0,0.0,0.0,0.0,0,0.0,2026-04-09T17:57:50.376457,,,,30,,,,,,,,,,,,,,
XAGUSD,0.0,0,0.0,0.0,0.0,0.0,0,0.0,2026-04-09T17:57:54.397992,,,,,,,,24,,,,,,,,,,
XAGUSD,0.0,0,0.0,0.0,0.0,0.0,0,0.0,2026-04-09T17:57:58.410489,,,,,,,,48,,,,,,,,,,
XAGUSD,0.0,0,0.0,0.0,0.0,0.0,0,0.0,2026-04-09T17:58:02.426581,,,,,,,,72,,,,,,,,,,
XAGUSD,0.0,0,0.0,0.0,0.0,0.0,0,0.0,2026-04-09T17:58:06.475322,,,,,,,,,,,,,,,,,0.5,
XAGUSD,0.0,0,0.0,0.0,0.0,0.0,0,0.0,2026-04-09T17:58:10.485652,,,,,,,,,,,,,,,,,1.0,
XAGUSD,0.0,0,0.0,0.0,0.0,0.0,0,0.0,2026-04-09T17:58:14.492407,,,,,,,,,,,,,,,,,2.0,
XAGUSD,0.0,0,0.0,0.0,0.0,0.0,0,0.0,2026-04-09T17:58:18.498507,,,,,,,,,,,,,,,,,,True
XAGUSD,0.0,0,0.0,0.0,0.0,0.0,0,0.0,2026-04-09T17:58:22.510458,,,,,,,,,,,,,,,,,,False
XAGUSD,0.0,0,0.0,0.0,0.0,0.0,0,0.0,2026-04-09T17:58:26.586808,,,True,,,,,,,,,,,,,,,
XAGUSD,0.0,0,0.0,0.0,0.0,0.0,0,0.0,2026-04-09T17:58:30.761176,,,False,,,,,,,,,,,,,,,
XAGUSD,0.0,0,0.0,0.0,0.0,0.0,0,0.0,2026-04-09T17:58:34.766875,,,,,,,3,,,,,,,,,,,
XAGUSD,0.0,0,0.0,0.0,0.0,0.0,0,0.0,2026-04-09T17:58:38.772252,,,,,,,5,,,,,,,,,,,
XAGUSD,0.0,0,0.0,0.0,0.0,0.0,0,0.0,2026-04-09T17:58:42.785301,,,,,,,8,,,,,,,,,,,
XAGUSD,0.0,0,0.0,0.0,0.0,0.0,0,0.0,2026-04-09T17:58:46.805698,,,,,,,,,,,,,,,3,,,
XAGUSD,0.0,0,0.0,0.0,0.0,0.0,0,0.0,2026-04-09T17:58:50.820758,,,,,,,,,,,,,,,5,,,
XAGUSD,0.0,0,0.0,0.0,0.0,0.0,0,0.0,2026-04-09T17:58:54.826837,,,,,,,,,,,,,,,10,,,
XAGUSD,0.0,0,0.0,0.0,0.0,0.0,0,0.0,2026-04-09T17:58:58.841829,,,,,,,,,,10,,,,,,,,
XAGUSD,0.0,0,0.0,0.0,0.0,0.0,0,0.0,2026-04-09T17:59:02.859947,,,,,,,,,,15,,,,,,,,
XAGUSD,0.0,0,0.0,0.0,0.0,0.0,0,0.0,2026-04-09T17:59:06.883914,,,,,,,,,,20,,,,,,,,
XAGUSD,0.0,0,0.0,0.0,0.0,0.0,0,0.0,2026-04-09T17:59:10.889639,,,,,,,,,25,,,,,,,,,
XAGUSD,0.0,0,0.0,0.0,0.0,0.0,0,0.0,2026-04-09T17:59:14.903970,,,,,,,,,35,,,,,,,,,
XAGUSD,0.0,0,0.0,0.0,0.0,0.0,0,0.0,2026-04-09T17:59:18.910245,,,,,,,,,50,,,,,,,,,
XAGUSD,0.0,0,0.0,0.0,0.0,0.0,0,0.0,2026-04-09T17:59:22.915640,,,,,,,,,,,,,30,,,,,
XAGUSD,0.0,0,0.0,0.0,0.0,0.0,0,0.0,2026-04-09T17:59:26.928742,,,,,,,,,,,,,50,,,,,
XAGUSD,0.0,0,0.0,0.0,0.0,0.0,0,0.0,2026-04-09T17:59:30.937588,,,,,,,,,,,,,70,,,,,
XAGUSD,0.0,0,0.0,0.0,0.0,0.0,0,0.0,2026-04-09T17:59:34.960946,,,,,,,,,,,,10,,,,,,
XAGUSD,0.0,0,0.0,0.0,0.0,0.0,0,0.0,2026-04-09T17:59:38.966643,,,,,,,,,,,,20,,,,,,
XAGUSD,0.0,0,0.0,0.0,0.0,0.0,0,0.0,2026-04-09T17:59:42.980935,,,,,,,,,,,,30,,,,,,
XAGUSD,0.0,0,0.0,0.0,0.0,0.0,0,0.0,2026-04-09T17:59:46.994142,,,,,,,,,,,1,,,,,,,
XAGUSD,0.0,0,0.0,0.0,0.0,0.0,0,0.0,2026-04-09T17:59:51.013107,,,,,,,,,,,2,,,,,,,
XAGUSD,0.0,0,0.0,0.0,0.0,0.0,0,0.0,2026-04-09T17:59:55.092588,,,,,,,,,,,3,,,,,,,
NAS100,0.0,0,0.0,0.0,0.0,0.0,0,0.0,2026-04-09T18:00:33.511623,,,,,,,,,,,,,,,,dynamic,,
NAS100,0.0,0,0.0,0.0,0.0,0.0,0,0.0,2026-04-09T18:00:37.517884,,,,,,,,,,,,,,,,fixed_2.5,,
NAS100,0.0,0,0.0,0.0,0.0,0.0,0,0.0,2026-04-09T18:00:41.526076,,,,,,,,,,,,,,,,fixed_4.0,,
NAS100,0.0,0,0.0,0.0,0.0,0.0,0,0.0,2026-04-09T18:00:45.530281,,True,,,,,,,,,,,,,,,,
NAS100,0.0,0,0.0,0.0,0.0,0.0,0,0.0,2026-04-09T18:00:49.535827,,False,,,,,,,,,,,,,,,,
NAS100,0.0,0,0.0,0.0,0.0,0.0,0,0.0,2026-04-09T18:00:53.545185,50,,,,,,,,,,,,,,,,,
NAS100,0.0,0,0.0,0.0,0.0,0.0,0,0.0,2026-04-09T18:00:57.549694,60,,,,,,,,,,,,,,,,,
NAS100,0.0,0,0.0,0.0,0.0,0.0,0,0.0,2026-04-09T18:01:01.554903,70,,,,,,,,,,,,,,,,,
NAS100,0.0,0,0.0,0.0,0.0,0.0,0,0.0,2026-04-09T18:01:05.584741,,,,,,,,,,,,,,5,,,,
NAS100,0.0,0,0.0,0.0,0.0,0.0,0,0.0,2026-04-09T18:01:09.589918,,,,,,,,,,,,,,10,,,,
NAS100,0.0,0,0.0,0.0,0.0,0.0,0,0.0,2026-04-09T18:01:13.594756,,,,,,,,,,,,,,15,,,,
NAS100,0.0,0,0.0,0.0,0.0,0.0,0,0.0,2026-04-09T18:01:17.605883,,,,,,300,,,,,,,,,,,,
NAS100,0.0,0,0.0,0.0,0.0,0.0,0,0.0,2026-04-09T18:01:21.613048,,,,,,500,,,,,,,,,,,,
NAS100,0.0,0,0.0,0.0,0.0,0.0,0,0.0,2026-04-09T18:01:25.618570,,,,,,700,,,,,,,,,,,,
NAS100,0.0,0,0.0,0.0,0.0,0.0,0,0.0,2026-04-09T18:01:29.623220,,,,,,,,24,,,,,,,,,,
NAS100,0.0,0,0.0,0.0,0.0,0.0,0,0.0,2026-04-09T18:01:33.630307,,,,,,,,48,,,,,,,,,,
NAS100,0.0,0,0.0,0.0,0.0,0.0,0,0.0,2026-04-09T18:01:37.636591,,,,,,,,72,,,,,,,,,,
NAS100,0.0,0,0.0,0.0,0.0,0.0,0,0.0,2026-04-09T18:01:41.649626,,,,,,,,,,,,,,,,,0.5,
NAS100,0.0,0,0.0,0.0,0.0,0.0,0,0.0,2026-04-09T18:01:45.661641,,,,,,,,,,,,,,,,,1.0,
NAS100,0.0,0,0.0,0.0,0.0,0.0,0,0.0,2026-04-09T18:01:49.669440,,,,,,,,,,,,,,,,,2.0,
NAS100,0.0,0,0.0,0.0,0.0,0.0,0,0.0,2026-04-09T18:01:53.676573,,,,,,,,,,,,,,,,,,True
NAS100,0.0,0,0.0,0.0,0.0,0.0,0,0.0,2026-04-09T18:01:57.683444,,,,,,,,,,,,,,,,,,False
NAS100,0.0,0,0.0,0.0,0.0,0.0,0,0.0,2026-04-09T18:02:01.689467,,,True,,,,,,,,,,,,,,,
NAS100,0.0,0,0.0,0.0,0.0,0.0,0,0.0,2026-04-09T18:02:05.694745,,,False,,,,,,,,,,,,,,,
NAS100,0.0,0,0.0,0.0,0.0,0.0,0,0.0,2026-04-09T18:02:09.761683,,,,,,,3,,,,,,,,,,,
NAS100,0.0,0,0.0,0.0,0.0,0.0,0,0.0,2026-04-09T18:02:13.770438,,,,,,,5,,,,,,,,,,,
NAS100,0.0,0,0.0,0.0,0.0,0.0,0,0.0,2026-04-09T18:02:17.776639,,,,,,,8,,,,,,,,,,,
NAS100,0.0,0,0.0,0.0,0.0,0.0,0,0.0,2026-04-09T18:02:21.786499,,,,,,,,,,,,,,,3,,,
NAS100,0.0,0,0.0,0.0,0.0,0.0,0,0.0,2026-04-09T18:02:25.795203,,,,,,,,,,,,,,,5,,,
NAS100,0.0,0,0.0,0.0,0.0,0.0,0,0.0,2026-04-09T18:02:29.802247,,,,,,,,,,,,,,,10,,,
NAS100,0.0,0,0.0,0.0,0.0,0.0,0,0.0,2026-04-09T18:02:33.813337,,,,,,,,,,10,,,,,,,,
NAS100,0.0,0,0.0,0.0,0.0,0.0,0,0.0,2026-04-09T18:02:37.820966,,,,,,,,,,15,,,,,,,,
NAS100,0.0,0,0.0,0.0,0.0,0.0,0,0.0,2026-04-09T18:02:41.841933,,,,,,,,,,20,,,,,,,,
NAS100,0.0,0,0.0,0.0,0.0,0.0,0,0.0,2026-04-09T18:02:45.847161,,,,,,,,,25,,,,,,,,,
NAS100,0.0,0,0.0,0.0,0.0,0.0,0,0.0,2026-04-09T18:02:49.852270,,,,,,,,,35,,,,,,,,,
NAS100,0.0,0,0.0,0.0,0.0,0.0,0,0.0,2026-04-09T18:02:53.857008,,,,,,,,,50,,,,,,,,,
NAS100,0.0,0,0.0,0.0,0.0,0.0,0,0.0,2026-04-09T18:02:57.863473,,,,,,,,,,,,,30,,,,,
NAS100,0.0,0,0.0,0.0,0.0,0.0,0,0.0,2026-04-09T18:03:01.869375,,,,,,,,,,,,,50,,,,,
NAS100,0.0,0,0.0,0.0,0.0,0.0,0,0.0,2026-04-09T18:03:05.873620,,,,,,,,,,,,,70,,,,,
NAS100,0.0,0,0.0,0.0,0.0,0.0,0,0.0,2026-04-09T18:03:10.028658,,,,,,,,,,,,10,,,,,,
NAS100,0.0,0,0.0,0.0,0.0,0.0,0,0.0,2026-04-09T18:03:14.036083,,,,,,,,,,,,20,,,,,,
NAS100,0.0,0,0.0,0.0,0.0,0.0,0,0.0,2026-04-09T18:03:18.113359,,,,,,,,,,,,30,,,,,,
NAS100,0.0,0,0.0,0.0,0.0,0.0,0,0.0,2026-04-09T18:03:22.119925,,,,,,,,,,,1,,,,,,,
NAS100,0.0,0,0.0,0.0,0.0,0.0,0,0.0,2026-04-09T18:03:26.124859,,,,,,,,,,,2,,,,,,,
NAS100,0.0,0,0.0,0.0,0.0,0.0,0,0.0,2026-04-09T18:03:30.131213,,,,,,,,,,,3,,,,,,,
US30,0.0,0,0.0,0.0,0.0,0.0,0,0.0,2026-04-09T18:04:08.391403,,,,,,,,,,,,,,,,dynamic,,
US30,0.0,0,0.0,0.0,0.0,0.0,0,0.0,2026-04-09T18:04:12.397423,,,,,,,,,,,,,,,,fixed_2.5,,
US30,0.0,0,0.0,0.0,0.0,0.0,0,0.0,2026-04-09T18:04:16.402465,,,,,,,,,,,,,,,,fixed_4.0,,
US30,0.0,0,0.0,0.0,0.0,0.0,0,0.0,2026-04-09T18:04:20.407379,,True,,,,,,,,,,,,,,,,
US30,0.0,0,0.0,0.0,0.0,0.0,0,0.0,2026-04-09T18:04:24.414642,,False,,,,,,,,,,,,,,,,
US30,0.0,0,0.0,0.0,0.0,0.0,0,0.0,2026-04-09T18:04:28.419925,50,,,,,,,,,,,,,,,,,
US30,0.0,0,0.0,0.0,0.0,0.0,0,0.0,2026-04-09T18:04:32.424918,60,,,,,,,,,,,,,,,,,
US30,0.0,0,0.0,0.0,0.0,0.0,0,0.0,2026-04-09T18:04:36.431431,70,,,,,,,,,,,,,,,,,
US30,0.0,0,0.0,0.0,0.0,0.0,0,0.0,2026-04-09T18:04:40.438873,,,,,,,,,,,,,,5,,,,
US30,0.0,0,0.0,0.0,0.0,0.0,0,0.0,2026-04-09T18:04:44.443726,,,,,,,,,,,,,,10,,,,
US30,0.0,0,0.0,0.0,0.0,0.0,0,0.0,2026-04-09T18:04:48.449416,,,,,,,,,,,,,,15,,,,
US30,0.0,0,0.0,0.0,0.0,0.0,0,0.0,2026-04-09T18:04:52.455420,,,,,,300,,,,,,,,,,,,
US30,0.0,0,0.0,0.0,0.0,0.0,0,0.0,2026-04-09T18:04:56.460772,,,,,,500,,,,,,,,,,,,
US30,0.0,0,0.0,0.0,0.0,0.0,0,0.0,2026-04-09T18:05:00.467204,,,,,,700,,,,,,,,,,,,
US30,0.0,0,0.0,0.0,0.0,0.0,0,0.0,2026-04-09T18:05:04.473233,,,,,,,,24,,,,,,,,,,
US30,0.0,0,0.0,0.0,0.0,0.0,0,0.0,2026-04-09T18:05:08.480580,,,,,,,,48,,,,,,,,,,
US30,0.0,0,0.0,0.0,0.0,0.0,0,0.0,2026-04-09T18:05:12.486593,,,,,,,,72,,,,,,,,,,
US30,0.0,0,0.0,0.0,0.0,0.0,0,0.0,2026-04-09T18:05:16.492974,,,,,,,,,,,,,,,,,0.5,
US30,0.0,0,0.0,0.0,0.0,0.0,0,0.0,2026-04-09T18:05:20.501250,,,,,,,,,,,,,,,,,1.0,
US30,0.0,0,0.0,0.0,0.0,0.0,0,0.0,2026-04-09T18:05:24.522069,,,,,,,,,,,,,,,,,2.0,
US30,0.0,0,0.0,0.0,0.0,0.0,0,0.0,2026-04-09T18:05:28.531164,,,,,,,,,,,,,,,,,,True
US30,0.0,0,0.0,0.0,0.0,0.0,0,0.0,2026-04-09T18:05:32.536910,,,,,,,,,,,,,,,,,,False
US30,0.0,0,0.0,0.0,0.0,0.0,0,0.0,2026-04-09T18:05:36.542699,,,True,,,,,,,,,,,,,,,
US30,0.0,0,0.0,0.0,0.0,0.0,0,0.0,2026-04-09T18:05:40.549648,,,False,,,,,,,,,,,,,,,
US30,0.0,0,0.0,0.0,0.0,0.0,0,0.0,2026-04-09T18:05:44.554687,,,,,,,3,,,,,,,,,,,
US30,0.0,0,0.0,0.0,0.0,0.0,0,0.0,2026-04-09T18:05:48.563383,,,,,,,5,,,,,,,,,,,
US30,0.0,0,0.0,0.0,0.0,0.0,0,0.0,2026-04-09T18:05:52.568328,,,,,,,8,,,,,,,,,,,
US30,0.0,0,0.0,0.0,0.0,0.0,0,0.0,2026-04-09T18:05:56.575061,,,,,,,,,,,,,,,3,,,
US30,0.0,0,0.0,0.0,0.0,0.0,0,0.0,2026-04-09T18:06:00.580119,,,,,,,,,,,,,,,5,,,
US30,0.0,0,0.0,0.0,0.0,0.0,0,0.0,2026-04-09T18:06:04.585875,,,,,,,,,,,,,,,10,,,
US30,0.0,0,0.0,0.0,0.0,0.0,0,0.0,2026-04-09T18:06:08.593205,,,,,,,,,,10,,,,,,,,
US30,0.0,0,0.0,0.0,0.0,0.0,0,0.0,2026-04-09T18:06:12.597833,,,,,,,,,,15,,,,,,,,
US30,0.0,0,0.0,0.0,0.0,0.0,0,0.0,2026-04-09T18:06:16.602556,,,,,,,,,,20,,,,,,,,
US30,0.0,0,0.0,0.0,0.0,0.0,0,0.0,2026-04-09T18:06:20.608479,,,,,,,,,25,,,,,,,,,
US30,0.0,0,0.0,0.0,0.0,0.0,0,0.0,2026-04-09T18:06:24.613043,,,,,,,,,35,,,,,,,,,
US30,0.0,0,0.0,0.0,0.0,0.0,0,0.0,2026-04-09T18:06:28.619319,,,,,,,,,50,,,,,,,,,
US30,0.0,0,0.0,0.0,0.0,0.0,0,0.0,2026-04-09T18:06:32.625184,,,,,,,,,,,,,30,,,,,
US30,0.0,0,0.0,0.0,0.0,0.0,0,0.0,2026-04-09T18:06:36.630904,,,,,,,,,,,,,50,,,,,
US30,0.0,0,0.0,0.0,0.0,0.0,0,0.0,2026-04-09T18:06:40.637143,,,,,,,,,,,,,70,,,,,
US30,0.0,0,0.0,0.0,0.0,0.0,0,0.0,2026-04-09T18:06:44.664173,,,,,,,,,,,,10,,,,,,
US30,0.0,0,0.0,0.0,0.0,0.0,0,0.0,2026-04-09T18:06:48.672010,,,,,,,,,,,,20,,,,,,
US30,0.0,0,0.0,0.0,0.0,0.0,0,0.0,2026-04-09T18:06:52.690794,,,,,,,,,,,,30,,,,,,
US30,0.0,0,0.0,0.0,0.0,0.0,0,0.0,2026-04-09T18:06:56.702065,,,,,,,,,,,1,,,,,,,
US30,0.0,0,0.0,0.0,0.0,0.0,0,0.0,2026-04-09T18:07:00.708813,,,,,,,,,,,2,,,,,,,
US30,0.0,0,0.0,0.0,0.0,0.0,0,0.0,2026-04-09T18:07:04.715563,,,,,,,,,,,3,,,,,,,
US500,0.0,0,0.0,0.0,0.0,0.0,0,0.0,2026-04-09T18:07:43.005772,,,,,,,,,,,,,,,,dynamic,,
US500,0.0,0,0.0,0.0,0.0,0.0,0,0.0,2026-04-09T18:07:47.023029,,,,,,,,,,,,,,,,fixed_2.5,,
US500,0.0,0,0.0,0.0,0.0,0.0,0,0.0,2026-04-09T18:07:51.036502,,,,,,,,,,,,,,,,fixed_4.0,,
US500,0.0,0,0.0,0.0,0.0,0.0,0,0.0,2026-04-09T18:07:55.052777,,True,,,,,,,,,,,,,,,,
US500,0.0,0,0.0,0.0,0.0,0.0,0,0.0,2026-04-09T18:07:59.067877,,False,,,,,,,,,,,,,,,,
US500,0.0,0,0.0,0.0,0.0,0.0,0,0.0,2026-04-09T18:08:03.082624,50,,,,,,,,,,,,,,,,,
US500,0.0,0,0.0,0.0,0.0,0.0,0,0.0,2026-04-09T18:08:07.101685,60,,,,,,,,,,,,,,,,,
US500,0.0,0,0.0,0.0,0.0,0.0,0,0.0,2026-04-09T18:08:11.111995,70,,,,,,,,,,,,,,,,,
US500,0.0,0,0.0,0.0,0.0,0.0,0,0.0,2026-04-09T18:08:15.124389,,,,,,,,,,,,,,5,,,,
US500,0.0,0,0.0,0.0,0.0,0.0,0,0.0,2026-04-09T18:08:19.141428,,,,,,,,,,,,,,10,,,,
US500,0.0,0,0.0,0.0,0.0,0.0,0,0.0,2026-04-09T18:08:23.148423,,,,,,,,,,,,,,15,,,,
US500,0.0,0,0.0,0.0,0.0,0.0,0,0.0,2026-04-09T18:08:27.164534,,,,,,300,,,,,,,,,,,,
US500,0.0,0,0.0,0.0,0.0,0.0,0,0.0,2026-04-09T18:08:31.178522,,,,,,500,,,,,,,,,,,,
US500,0.0,0,0.0,0.0,0.0,0.0,0,0.0,2026-04-09T18:08:35.195320,,,,,,700,,,,,,,,,,,,
US500,0.0,0,0.0,0.0,0.0,0.0,0,0.0,2026-04-09T18:08:39.212146,,,,,,,,24,,,,,,,,,,
US500,0.0,0,0.0,0.0,0.0,0.0,0,0.0,2026-04-09T18:08:43.229788,,,,,,,,48,,,,,,,,,,
US500,0.0,0,0.0,0.0,0.0,0.0,0,0.0,2026-04-09T18:08:47.244911,,,,,,,,72,,,,,,,,,,
US500,0.0,0,0.0,0.0,0.0,0.0,0,0.0,2026-04-09T18:08:51.260340,,,,,,,,,,,,,,,,,0.5,
US500,0.0,0,0.0,0.0,0.0,0.0,0,0.0,2026-04-09T18:08:55.279675,,,,,,,,,,,,,,,,,1.0,
US500,0.0,0,0.0,0.0,0.0,0.0,0,0.0,2026-04-09T18:08:59.296545,,,,,,,,,,,,,,,,,2.0,
US500,0.0,0,0.0,0.0,0.0,0.0,0,0.0,2026-04-09T18:09:03.313811,,,,,,,,,,,,,,,,,,True
US500,0.0,0,0.0,0.0,0.0,0.0,0,0.0,2026-04-09T18:09:07.327869,,,,,,,,,,,,,,,,,,False
US500,0.0,0,0.0,0.0,0.0,0.0,0,0.0,2026-04-09T18:09:11.340597,,,True,,,,,,,,,,,,,,,
US500,0.0,0,0.0,0.0,0.0,0.0,0,0.0,2026-04-09T18:09:15.356108,,,False,,,,,,,,,,,,,,,
US500,0.0,0,0.0,0.0,0.0,0.0,0,0.0,2026-04-09T18:09:19.372329,,,,,,,3,,,,,,,,,,,
US500,0.0,0,0.0,0.0,0.0,0.0,0,0.0,2026-04-09T18:09:23.384816,,,,,,,5,,,,,,,,,,,
US500,0.0,0,0.0,0.0,0.0,0.0,0,0.0,2026-04-09T18:09:27.397066,,,,,,,8,,,,,,,,,,,
US500,0.0,0,0.0,0.0,0.0,0.0,0,0.0,2026-04-09T18:09:31.409720,,,,,,,,,,,,,,,3,,,
US500,0.0,0,0.0,0.0,0.0,0.0,0,0.0,2026-04-09T18:09:35.420490,,,,,,,,,,,,,,,5,,,
US500,0.0,0,0.0,0.0,0.0,0.0,0,0.0,2026-04-09T18:09:39.435619,,,,,,,,,,,,,,,10,,,
US500,0.0,0,0.0,0.0,0.0,0.0,0,0.0,2026-04-09T18:09:43.449894,,,,,,,,,,10,,,,,,,,
US500,0.0,0,0.0,0.0,0.0,0.0,0,0.0,2026-04-09T18:09:47.467214,,,,,,,,,,15,,,,,,,,
US500,0.0,0,0.0,0.0,0.0,0.0,0,0.0,2026-04-09T18:09:51.482656,,,,,,,,,,20,,,,,,,,
US500,0.0,0,0.0,0.0,0.0,0.0,0,0.0,2026-04-09T18:09:55.502244,,,,,,,,,25,,,,,,,,,
US500,0.0,0,0.0,0.0,0.0,0.0,0,0.0,2026-04-09T18:09:59.515740,,,,,,,,,35,,,,,,,,,
US500,0.0,0,0.0,0.0,0.0,0.0,0,0.0,2026-04-09T18:10:03.534666,,,,,,,,,50,,,,,,,,,
US500,0.0,0,0.0,0.0,0.0,0.0,0,0.0,2026-04-09T18:10:07.552585,,,,,,,,,,,,,30,,,,,
US500,0.0,0,0.0,0.0,0.0,0.0,0,0.0,2026-04-09T18:10:11.567565,,,,,,,,,,,,,50,,,,,
US500,0.0,0,0.0,0.0,0.0,0.0,0,0.0,2026-04-09T18:10:15.587039,,,,,,,,,,,,,70,,,,,
US500,0.0,0,0.0,0.0,0.0,0.0,0,0.0,2026-04-09T18:10:19.601855,,,,,,,,,,,,10,,,,,,
US500,0.0,0,0.0,0.0,0.0,0.0,0,0.0,2026-04-09T18:10:23.619646,,,,,,,,,,,,20,,,,,,
US500,0.0,0,0.0,0.0,0.0,0.0,0,0.0,2026-04-09T18:10:27.632587,,,,,,,,,,,,30,,,,,,
US500,0.0,0,0.0,0.0,0.0,0.0,0,0.0,2026-04-09T18:10:31.649556,,,,,,,,,,,1,,,,,,,
US500,0.0,0,0.0,0.0,0.0,0.0,0,0.0,2026-04-09T18:10:35.676032,,,,,,,,,,,2,,,,,,,
US500,0.0,0,0.0,0.0,0.0,0.0,0,0.0,2026-04-09T18:10:39.692592,,,,,,,,,,,3,,,,,,,
