review_status,final_tier,rule_id,rule_type,critical_extracted,confidence,pine_coverage_extracted,normalized_rule,source_file,timestamp,final_pine_coverage,notes
needs_review,,liq_753,liquidity_rule,True,high,ambiguous,enough to form valid liquidity. Right? This right here makes a high. If we then drop and take out the lows and only have.,The Trading Strategy That Changed My Life - RD Concepts Full Guide.txt,28:33,,
needs_review,,liq_768,liquidity_rule,True,high,ambiguous,"it's still fairly recent that we just took out liquidity, I'll still take the position. So really the only bad.",The Trading Strategy That Changed My Life - RD Concepts Full Guide.txt,37:10,,
needs_review,,liq_743,liquidity_rule,True,high,ambiguous,"obviously moving downwards form that liquidity. When it's only one candle,.",The Trading Strategy That Changed My Life - RD Concepts Full Guide.txt,26:14,,
needs_review,,liq_499,liquidity_rule,True,high,ambiguous,105:45 liquidity that was the only thing but we.,Live backtesting - UK100 new pair found - gold and nas100 are trash!.txt,,,
needs_review,,liq_076,liquidity_rule,True,high,ambiguous,takeprofit at liquidity. [ __ ] is always.,89% Winrate Day Trading Backtesting Session.txt,05:04,,
needs_review,,liq_247,liquidity_rule,True,high,ambiguous,liquidity must take out its own high you.,FULL course for LIQUIDITY supply and demand best NEW trading strategy 2025.txt,05:08,,
needs_review,,liq_398,liquidity_rule,True,high,ambiguous,completely invalid because the liquidity.,Liquidity Supply & Demand Scalping Strategy FULL COURSE (Updated 2025).txt,07:03,,
needs_review,,liq_399,liquidity_rule,True,high,ambiguous,"never take sals. Thirdly, liquidity must.",Liquidity Supply & Demand Scalping Strategy FULL COURSE (Updated 2025).txt,08:38,,
needs_review,,liq_443,liquidity_rule,True,high,ambiguous,there was any liquidity. I'd always look.,Live Trade Breakdown - 7.5% on GbpJpy (Realistic Strategy).txt,11:32,,
needs_review,,liq_508,liquidity_rule,True,high,ambiguous,it didn't so that's invalid liquidity so.,Live trading GBPJPY - easy 15 using supply & demand + liquidity trading strategy (5m timeframe).txt,07:41,,
needs_review,,liq_024,liquidity_rule,True,high,ambiguous,"as always. Liquidity gets created, come.",+8RR in 2 Days Using Liquidity Supply & Demand (5m Strategy).txt,09:33,,
needs_review,,liq_097,liquidity_rule,True,high,ambiguous,"liquidity, then we never broke this low.",89% Winrate Day Trading Backtesting Session.txt,17:03,,
needs_review,,liq_246,liquidity_rule,True,high,ambiguous,liquidity must take out its own high so.,FULL course for LIQUIDITY supply and demand best NEW trading strategy 2025.txt,03:46,,
needs_review,,liq_248,liquidity_rule,True,high,ambiguous,in this strategy so liquidity must take.,FULL course for LIQUIDITY supply and demand best NEW trading strategy 2025.txt,05:20,,
needs_review,,liq_303,liquidity_rule,True,high,ambiguous,liquidity. Uh it's only 30 on GBP and Y.,First 5m livestream (1 win 1 loss) 12.5r trade on gj.txt,65:51,,
needs_review,,liq_344,liquidity_rule,True,high,ambiguous,liquidity. Liquidity is always going to.,"I Made $1,500 on NQ in 1 Hour (Discord Trade Breakdown).txt",01:18,,
needs_review,,liq_349,liquidity_rule,True,high,ambiguous,"liquidity, I'm never going to say no to.","I Made $1,500 on NQ in 1 Hour (Discord Trade Breakdown).txt",03:30,,
needs_review,,liq_624,liquidity_rule,True,high,ambiguous,"after we've made our liquidity, we must.",The Supply & Demand Strategy That Changed My Life (2026 Full Course).txt,12:02,,
needs_review,,liq_070,liquidity_rule,True,high,ambiguous,liquidity and we never broke liquidity.,89% Winrate Day Trading Backtesting Session.txt,02:58,,
needs_review,,liq_264,liquidity_rule,True,high,ambiguous,only been valid if this liquidity took.,FULL course for LIQUIDITY supply and demand best NEW trading strategy 2025.txt,07:18,,
needs_review,,liq_316,liquidity_rule,True,high,ambiguous,liquidity. [snorts] This one's invalid.,"How I Made $6,320 on One Trade this Week (5m TF Breakdown).txt",02:43,,
needs_review,,liq_383,liquidity_rule,True,high,ambiguous,always be liquidity there. But we have.,Liquidity Supply & Demand Scalping Strategy FULL COURSE (Updated 2025).txt,01:30,,
needs_review,,liq_437,liquidity_rule,True,high,ambiguous,which is always good because liquidity.,Live Trade Breakdown - 7.5% on GbpJpy (Realistic Strategy).txt,05:05,,
needs_review,,liq_797,liquidity_rule,True,high,ambiguous,"instantly invalid. Secondly, liquidity.",This 5 Minute Scalping Strategy Works Everyday (Stupid Simple and Proven).txt,05:04,,
needs_review,,liq_835,liquidity_rule,True,high,ambiguous,liquidity because it's only one candle.,This is what's possible when you have a complete strategy.txt,07:52,,
needs_review,,liq_695,liquidity_sweep_rule,True,medium,ambiguous,"liquidity is taken. We are waiting right underneath these lows which are in front of the zone. The lows being swept,.",The Trading Strategy That Changed My Life - RD Concepts Full Guide.txt,03:02,,
needs_review,,liq_796,liquidity_sweep_rule,True,medium,ambiguous,of liquidity for price to come and sweep.,This 5 Minute Scalping Strategy Works Everyday (Stupid Simple and Proven).txt,03:04,,
needs_review,,dem_081,valid_demand_zone,True,high,ambiguous,case we invalidated the demand zone so.,My A+ Trading Checklist For 2026.txt,10:18,,
needs_review,,dem_103,valid_demand_zone,True,high,ambiguous,"demand zone, this is never going to be.",The Top 3 Entry Confirmations Using Supply & Demand  Forex Strategy.txt,02:45,,
needs_review,,dem_125,valid_demand_zone,True,high,ambiguous,valid demand zone for us. But we never.,copy this 4 step Liquidity S&D trading strategy (Proven Profitable).txt,11:15,,
needs_review,,dem_107,valid_demand_zone,True,medium,ambiguous,"bearish candles here making a small area in the markets, potential for normal demand zones, etc. And you know, we wick.",The Trading Strategy That Changed My Life - RD Concepts Full Guide.txt,23:20,,
needs_review,,dem_108,valid_demand_zone,True,medium,ambiguous,the most important parts is that we get a fake out at the normal demand zone because without that the one candle is.,The Trading Strategy That Changed My Life - RD Concepts Full Guide.txt,27:39,,
needs_review,,dem_105,valid_demand_zone,True,medium,ambiguous,that can be taken out and then we can tap into the zone. This is in this as well is also a normal demand zone.,The Trading Strategy That Changed My Life - RD Concepts Full Guide.txt,08:34,,
needs_review,,dem_104,valid_demand_zone,True,medium,ambiguous,"So, take this zone for example. This was a NAS 100 demand uh that tapped just.",The Trading Strategy That Changed My Life - RD Concepts Full Guide.txt,08:22,,
needs_review,,dem_106,valid_demand_zone,True,medium,ambiguous,we imagine that same type of structure have a demand zone price action formed.,The Trading Strategy That Changed My Life - RD Concepts Full Guide.txt,11:29,,
needs_review,,dem_071,valid_demand_zone,True,medium,ambiguous,102:37 would have taken this demand Zone I know.,Live backtesting - UK100 new pair found - gold and nas100 are trash!.txt,,,
needs_review,,dem_072,valid_demand_zone,True,medium,ambiguous,111:51 been at this demand Zone either way.,Live backtesting - UK100 new pair found - gold and nas100 are trash!.txt,,,
needs_review,,dem_001,valid_demand_zone,True,medium,ambiguous,very nice demand zone right here. If you.,+8RR in 2 Days Using Liquidity Supply & Demand (5m Strategy).txt,03:15,,
needs_review,,dem_012,valid_demand_zone,True,medium,ambiguous,demand Zone probably still be profitable.,5m livestream liquidity supply & demand strategy - Trading gbpjpy and gold.txt,16:00,,
needs_review,,dem_018,valid_demand_zone,True,medium,ambiguous,That's a nice demand zone. We've created.,91% Winrate Day Trading Backtest Session (NAS100 5M).txt,07:07,,
needs_review,,dem_023,valid_demand_zone,True,medium,ambiguous,down and it won't reach that demand Zone.,FULL course for LIQUIDITY supply and demand best NEW trading strategy 2025.txt,01:15,,
needs_review,,dem_030,valid_demand_zone,True,medium,ambiguous,obvious demand Zone in front of the zone.,FULL course for LIQUIDITY supply and demand best NEW trading strategy 2025.txt,24:12,,
needs_review,,dem_039,valid_demand_zone,True,medium,ambiguous,"demand zone, right? No candles come back.",How I Made 10% Trading This Week - Only 2 Trades.txt,01:59,,
needs_review,,dem_042,valid_demand_zone,True,medium,ambiguous,demand zones above us aren't going to be.,"I Made $1,500 on NQ in 1 Hour (Discord Trade Breakdown).txt",01:31,,
needs_review,,dem_055,valid_demand_zone,True,medium,ambiguous,"came up, formed our demand zone, had our.",Liquidity Supply & Demand Scalping Strategy FULL COURSE (Updated 2025).txt,09:18,,
needs_review,,dem_057,valid_demand_zone,True,medium,ambiguous,"and demand zones, which we call accuracy.",Liquidity Supply & Demand Scalping Strategy FULL COURSE (Updated 2025).txt,11:19,,
needs_review,,dem_058,valid_demand_zone,True,medium,ambiguous,"of drawing the demand zone up like this,.",Liquidity Supply & Demand Scalping Strategy FULL COURSE (Updated 2025).txt,12:43,,
needs_review,,dem_073,valid_demand_zone,True,medium,ambiguous,and demand zones so again we're going to.,Live trading GBPJPY - easy 15 using supply & demand + liquidity trading strategy (5m timeframe).txt,07:50,,
needs_review,,dem_074,valid_demand_zone,True,medium,ambiguous,look again here we have a demand zone is.,Live trading GBPJPY - easy 15 using supply & demand + liquidity trading strategy (5m timeframe).txt,07:52,,
needs_review,,dem_078,valid_demand_zone,True,medium,ambiguous,created our demand zone. We made a level.,My A+ Trading Checklist For 2026.txt,07:04,,
needs_review,,dem_082,valid_demand_zone,True,medium,ambiguous,towards your demand zone. There's a high.,My A+ Trading Checklist For 2026.txt,11:28,,
needs_review,,dem_083,valid_demand_zone,True,medium,ambiguous,would be our demand zone and we have our.,My A+ Trading Checklist For 2026.txt,12:52,,
needs_review,,sup_095,valid_supply_zone,True,high,ambiguous,"waiting. We tap that normal supply zone then come back. I'm never going to take that position, right? Especially with.",The Trading Strategy That Changed My Life - RD Concepts Full Guide.txt,37:21,,
needs_review,,sup_084,valid_supply_zone,True,high,ambiguous,already. This essentially means we're trading off only new supply and demand zones that haven't had any candles come.,The Trading Strategy That Changed My Life - RD Concepts Full Guide.txt,04:17,,
needs_review,,sup_083,valid_supply_zone,True,high,ambiguous,"all, how to identify the trade. So, we're going to be looking for untapped supply zones and demand zones only. Now,.",The Trading Strategy That Changed My Life - RD Concepts Full Guide.txt,03:53,,
needs_review,,sup_028,valid_supply_zone,True,high,ambiguous,going to only draw the supply Zone using.,FULL course for LIQUIDITY supply and demand best NEW trading strategy 2025.txt,11:17,,
needs_review,,sup_088,valid_supply_zone,True,medium,ambiguous,"tapping into the zone, right? We're pretending this doesn't exist. This would just be normal supply and demand and most likely it's going to be a fake.",The Trading Strategy That Changed My Life - RD Concepts Full Guide.txt,09:55,,
needs_review,,sup_086,valid_supply_zone,True,medium,ambiguous,higher than the bullish candle after it. So you just use the whole candle. Same thing for a supply. Let me find a zone.,The Trading Strategy That Changed My Life - RD Concepts Full Guide.txt,06:43,,
needs_review,,sup_090,valid_supply_zone,True,medium,ambiguous,"very simple. If it's a supply zone, you're waiting for a bearish close. If it's a demand zone, you're waiting for a.",The Trading Strategy That Changed My Life - RD Concepts Full Guide.txt,16:42,,
needs_review,,sup_094,valid_supply_zone,True,medium,ambiguous,valid cuz we didn't take out its own high and then we tap zone. So now this is essentially normal supply and demand.,The Trading Strategy That Changed My Life - RD Concepts Full Guide.txt,36:00,,
needs_review,,sup_081,valid_supply_zone,True,medium,ambiguous,"normal supply and demand trade is losing. Demand zone forms here when we take our highs, comes back to the zone,.",The Trading Strategy That Changed My Life - RD Concepts Full Guide.txt,02:49,,
needs_review,,sup_089,valid_supply_zone,True,medium,ambiguous,"zone. Without doing that, it's not valid, and you're essentially going to be trading normal supply demand. So if.",The Trading Strategy That Changed My Life - RD Concepts Full Guide.txt,11:23,,
needs_review,,sup_091,valid_supply_zone,True,medium,ambiguous,supply and demand around these areas. You know trade-off zones like this getting bullish candle fake outs just.,The Trading Strategy That Changed My Life - RD Concepts Full Guide.txt,19:28,,
needs_review,,sup_092,valid_supply_zone,True,medium,ambiguous,a very nice supply zone continues dropping here and obviously you get the nice supply zone. If this is close.,The Trading Strategy That Changed My Life - RD Concepts Full Guide.txt,29:09,,
needs_review,,sup_085,valid_supply_zone,True,medium,ambiguous,"trades, losing trades and missing positions. So right here, for example, this supply zone, this move to the.",The Trading Strategy That Changed My Life - RD Concepts Full Guide.txt,05:12,,
needs_review,,sup_082,valid_supply_zone,True,medium,ambiguous,"down to the zone. Number two, normal supply demand traders are losing at this area. Number three,.",The Trading Strategy That Changed My Life - RD Concepts Full Guide.txt,03:22,,
needs_review,,sup_087,valid_supply_zone,True,medium,ambiguous,quickly. So right here this supply zone identifying an untapped zone. Very.,The Trading Strategy That Changed My Life - RD Concepts Full Guide.txt,06:50,,
needs_review,,sup_093,valid_supply_zone,True,medium,ambiguous,"immediately afterwards. So on this supply zone, I'll delete this.",The Trading Strategy That Changed My Life - RD Concepts Full Guide.txt,32:34,,
needs_review,,sup_057,valid_supply_zone,True,medium,ambiguous,108:45 strong all right one Supply Zone up here.,Live backtesting - UK100 new pair found - gold and nas100 are trash!.txt,,,
needs_review,,sup_058,valid_supply_zone,True,medium,ambiguous,110:30 this Supply didn't close in the zone and.,Live backtesting - UK100 new pair found - gold and nas100 are trash!.txt,,,
needs_review,,sup_056,valid_supply_zone,True,medium,ambiguous,104:18 Clos in the supply Zone without that it.,Live backtesting - UK100 new pair found - gold and nas100 are trash!.txt,,,
needs_review,,sup_014,valid_supply_zone,True,medium,ambiguous,120:35 gold at some of these Supply zones GJ.,5m livestream liquidity supply & demand strategy - Trading gbpjpy and gold.txt,,,
needs_review,,sup_013,valid_supply_zone,True,medium,ambiguous,100:18 we get to the supply Zone without it.,5m livestream liquidity supply & demand strategy - Trading gbpjpy and gold.txt,,,
needs_review,,sup_002,valid_supply_zone,True,medium,ambiguous,there's no valed Supply Zone on GC right.,5m livestream + Backtesting cj which has returned to the main pairs list.txt,12:06,,
needs_review,,sup_006,valid_supply_zone,True,medium,ambiguous,today we have Supply Zone here not valid.,5m livestream liquidity supply & demand strategy - Trading gbpjpy and gold.txt,03:19,,
needs_review,,sup_011,valid_supply_zone,True,medium,ambiguous,out the supply Zone and took out its own.,5m livestream liquidity supply & demand strategy - Trading gbpjpy and gold.txt,69:59,,
needs_review,,sup_016,valid_supply_zone,True,medium,ambiguous,>> EMA supply zone lower high formed and.,89% Winrate Trading Strategy - Live Backtest with My Discord.txt,38:23,,
needs_review,,zone_1278,zone_formation,True,high,ambiguous,wick. So you always include it in the zone and that is how you draw accuracy zones. Now when that doesn't happen. So.,The Trading Strategy That Changed My Life - RD Concepts Full Guide.txt,06:30,,
needs_review,,zone_1306,zone_formation,True,high,ambiguous,"one for now so we can see it clearer. Very simple structure wise, right? We had a top zone, so it's always going to.",The Trading Strategy That Changed My Life - RD Concepts Full Guide.txt,32:39,,
needs_review,,zone_1309,zone_formation,True,high,ambiguous,we only tapped right on the edge of the zone like this because we can very easily see that new 30 minute open up go.,The Trading Strategy That Changed My Life - RD Concepts Full Guide.txt,34:53,,
needs_review,,zone_1293,zone_formation,True,high,ambiguous,"the zone outside of the zone. Uh only wicks inside of it. Now, of course,.",The Trading Strategy That Changed My Life - RD Concepts Full Guide.txt,18:12,,
needs_review,,zone_092,zone_formation,True,high,ambiguous,much yeah on the 5 minute zones are only.,5m livestream + Backtesting cj which has returned to the main pairs list.txt,20:37,,
needs_review,,zone_415,zone_formation,True,high,ambiguous,invalidate the zone straight away before.,A+ Trading Strategy The Ultimate Checklist.txt,06:49,,
needs_review,,zone_635,zone_formation,True,high,ambiguous,that would have invalidated the zone for.,"How I Made $6,320 on One Trade this Week (5m TF Breakdown).txt",03:38,,
needs_review,,zone_698,zone_formation,True,high,ambiguous,the lowest untab Zone whenever you get a.,I Optimized The 5m Timeframe To Make it OP - RD Concepts.txt,05:23,,
needs_review,,zone_870,zone_formation,True,high,ambiguous,chance I'll never take this type of Zone.,Live backtesting - UK100 new pair found - gold and nas100 are trash!.txt,12:05,,
needs_review,,zone_904,zone_formation,True,high,ambiguous,high there's only one zone which is good.,Live backtesting - UK100 new pair found - gold and nas100 are trash!.txt,62:08,,
needs_review,,zone_045,zone_formation,True,high,ambiguous,simple. Top zone always a great zone to.,"1 week, 8 trades, 10.5% - Live Trade Recordings.txt",27:38,,
needs_review,,zone_155,zone_formation,True,high,ambiguous,going to be trading only the best zones.,5m livestream liquidity supply & demand strategy - Trading gbpjpy and gold.txt,25:19,,
needs_review,,zone_452,zone_formation,True,high,ambiguous,Zone way of doing it is to use only the.,FULL course for LIQUIDITY supply and demand best NEW trading strategy 2025.txt,08:40,,
needs_review,,zone_539,zone_formation,True,high,ambiguous,instant drop directly to the zone. Only.,First 5m livestream (1 win 1 loss) 12.5r trade on gj.txt,14:34,,
needs_review,,zone_686,zone_formation,True,high,ambiguous,zone. It's not completely invalid. It's.,"I Made $1,500 on NQ in 1 Hour (Discord Trade Breakdown).txt",01:49,,
needs_review,,zone_1060,zone_formation,True,high,ambiguous,Zone which is always a good sign for us.,Ridiculous trade on a funded account - supply & demand + liquidity strategy.txt,06:47,,
needs_review,,zone_1098,zone_formation,True,high,ambiguous,"and then tapped the zone. Now, the only.",The Strategy That Just Makes Sense - 6 Simple 14 Trades In 1 Week.txt,10:46,,
needs_review,,zone_1395,zone_formation,True,high,ambiguous,invalidated our zone. And what happened.,copy this 4 step Liquidity S&D trading strategy (Proven Profitable).txt,11:25,,
needs_review,,zone_115,zone_formation,True,high,ambiguous,was us respecting The Zone it was only.,5m livestream + Backtesting cj which has returned to the main pairs list.txt,55:46,,
needs_review,,zone_281,zone_formation,True,high,ambiguous,zones. Instantly invalidated instantly.,89% Winrate Trading Strategy - Live Backtest with My Discord.txt,83:07,,
needs_review,,zone_523,zone_formation,True,high,ambiguous,already invalidating zones not selling.,FULL course for LIQUIDITY supply and demand best NEW trading strategy 2025.txt,43:51,,
needs_review,,zone_575,zone_formation,True,high,ambiguous,though is that it's the only zone from.,First 5m livestream (1 win 1 loss) 12.5r trade on gj.txt,63:40,,
needs_review,,zone_616,zone_formation,True,high,ambiguous,invalidate our zone. Even if we do get.,How I Increased My Win Rate Using Liquidity Supply & Demand Strategy.txt,02:36,,
needs_review,,zone_873,zone_formation,True,high,ambiguous,single possible valid Zone you're only.,Live backtesting - UK100 new pair found - gold and nas100 are trash!.txt,12:22,,
needs_review,,zone_968,zone_formation,True,high,ambiguous,came into the Zone it invalidated that.,Live trading GBPJPY - easy 15 using supply & demand + liquidity trading strategy (5m timeframe).txt,09:30,,
needs_review,,ent_776,entry_rule,True,high,ambiguous,"there's still only winning trades where sometimes it closes in the zone, and that doesn't matter. We're not trying to make excuses. There's not reasons for.",The Trading Strategy That Changed My Life - RD Concepts Full Guide.txt,18:19,,
needs_review,,ent_774,entry_rule,True,high,ambiguous,"bearish, right? That's a universal rule. It will always apply no matter what you're doing. If you want to take the most basic entries, enter on the close.",The Trading Strategy That Changed My Life - RD Concepts Full Guide.txt,17:54,,
needs_review,,ent_775,entry_rule,True,high,ambiguous,"of the candle in your direction. Now, if it closes in the zone, the trade is instantly invalid. No exceptions. So, if.",The Trading Strategy That Changed My Life - RD Concepts Full Guide.txt,18:00,,
needs_review,,ent_777,entry_rule,True,high,ambiguous,"it's invalid. Don't take the trade. Now, there's a couple other ways to enter positions, and those are higher time.",The Trading Strategy That Changed My Life - RD Concepts Full Guide.txt,18:44,,
needs_review,,ent_790,entry_rule,True,high,ambiguous,entry because the next one is going to be a new high time frame candle. This is really only something that I.,The Trading Strategy That Changed My Life - RD Concepts Full Guide.txt,33:05,,
needs_review,,ent_026,entry_rule,True,high,ambiguous,leaving that with a ring. I always enter.,"1 week, 8 trades, 10.5% - Live Trade Recordings.txt",03:30,,
needs_review,,ent_120,entry_rule,True,high,ambiguous,"entry on this scenario. But yeah, always.",89% Winrate Trading Strategy - Live Backtest with My Discord.txt,09:18,,
needs_review,,ent_476,entry_rule,True,high,ambiguous,"entering on the bullish close as always,.","If You Trade Supply & Demand, Watch This..txt",02:52,,
needs_review,,ent_559,entry_rule,True,high,ambiguous,"entered on this trade. As always, I have.",Live Trading USDJPY - The 5m Is INSANE! (Supply & Demand + Liquidity Strategy).txt,00:13,,
needs_review,,ent_702,entry_rule,True,high,ambiguous,"entry, [music] I'm never ever ever going.",The Strategy That Just Makes Sense - 6 Simple 14 Trades In 1 Week.txt,13:25,,
needs_review,,ent_208,entry_rule,True,high,ambiguous,more complex entry models. They're only.,A+ Trading Strategy The Ultimate Checklist.txt,08:25,,
needs_review,,ent_730,entry_rule,True,high,ambiguous,it's more risky. You could always enter.,The Supply & Demand Strategy That Changed My Life (2026 Full Course).txt,38:21,,
needs_review,,ent_111,entry_rule,True,high,ambiguous,"Never gave a valid entry which I mean,.",89% Winrate Day Trading Backtesting Session.txt,29:48,,
needs_review,,ent_486,entry_rule,True,high,ambiguous,"your entry, then uh yeah, it's invalid.",Liquidity Supply & Demand Scalping Strategy FULL COURSE (Updated 2025).txt,07:50,,
needs_review,,ent_488,entry_rule,True,high,ambiguous,just a wick rejection. It never closes.,Liquidity Supply & Demand Scalping Strategy FULL COURSE (Updated 2025).txt,08:15,,
needs_review,,ent_338,entry_rule,True,high,ambiguous,valid entry. But only doing this will.,How I Made 10% Trading This Week - Only 2 Trades.txt,07:04,,
needs_review,,ent_605,entry_rule,True,high,ambiguous,invalidate before I even get an entry.,"Making $2,706 in 17 Minutes  Live Supply & Demand Forex Trading.txt",00:30,,
needs_review,,ent_096,entry_rule,True,high,ambiguous,112:31 I'll only take one re-entry.,5m livestream liquidity supply & demand strategy - Trading gbpjpy and gold.txt,,,
needs_review,,ent_768,entry_rule,True,medium,ambiguous,"you're waiting for. And of course with a valid entry, you take this trade and you can see you have the high riskreward potential with the ones because you were.",The Trading Strategy That Changed My Life - RD Concepts Full Guide.txt,12:54,,
needs_review,,ent_772,entry_rule,True,medium,ambiguous,"we tap into the zone, wick in the zone, but we still close bullish and the next candle just goes and closes in the zone.",The Trading Strategy That Changed My Life - RD Concepts Full Guide.txt,16:59,,
needs_review,,ent_773,entry_rule,True,medium,ambiguous,"there's a retracement, we're in a supply demand zone. The power of the strategy comes from the fact that you can enter.",The Trading Strategy That Changed My Life - RD Concepts Full Guide.txt,17:22,,
needs_review,,ent_780,entry_rule,True,medium,ambiguous,"is going to take off this far and just not really give an entry, just leave this one and wait for a clear trade show.",The Trading Strategy That Changed My Life - RD Concepts Full Guide.txt,20:22,,
needs_review,,ent_769,entry_rule,True,medium,ambiguous,"part to Shashi's edge and actually being profitable. Valid entry models, right? There's a few of these and here's a.",The Trading Strategy That Changed My Life - RD Concepts Full Guide.txt,16:06,,
needs_review,,ent_771,entry_rule,True,medium,ambiguous,bullish close. Now this is obviously showing momentum at the zone in your direction. You don't want to be entering.,The Trading Strategy That Changed My Life - RD Concepts Full Guide.txt,16:47,,
needs_review,,ent_782,entry_rule,True,medium,ambiguous,an entry because the 1 hour can bring so much momentum. The close entry is up here and it's impossible to even now.,The Trading Strategy That Changed My Life - RD Concepts Full Guide.txt,22:31,,
needs_review,,bos_001,break_of_structure,True,medium,ambiguous,We're not making a break of structure to.,"How I Made $6,320 on One Trade this Week (5m TF Breakdown).txt",04:04,,
needs_review,,bos_005,break_of_structure,True,medium,ambiguous,left. This is our break of structure and.,Liquidity Supply & Demand Scalping Strategy FULL COURSE (Updated 2025).txt,06:08,,
needs_review,,bos_018,break_of_structure,True,medium,ambiguous,paycheck. Your boss constantly waves one.,you underestimate what it takes to turn profitable in Day Trading.txt,01:50,,
needs_review,,bos_002,break_of_structure,True,medium,ambiguous,with a weak break of structure give you.,How I Pass Funded Challenges Every Time In 2025 (Simplified).txt,07:35,,
needs_review,,bos_008,break_of_structure,True,medium,ambiguous,"listening to a boss day in and day out,.","Making $2,706 in 17 Minutes  Live Supply & Demand Forex Trading.txt",10:24,,
needs_review,,bos_009,break_of_structure,True,medium,ambiguous,own boss. If you have the discipline to.,"Making $2,706 in 17 Minutes  Live Supply & Demand Forex Trading.txt",12:42,,
needs_review,,bos_014,break_of_structure,True,medium,ambiguous,Miami Final Boss [ __ ] penthouse. Like.,The 2026 trading routine that literally scales you to funded.txt,06:04,,
needs_review,,bos_016,break_of_structure,True,medium,ambiguous,"break of structure, but we then came up.",The Supply & Demand Strategy That Changed My Life (2026 Full Course).txt,15:05,,
needs_review,,bos_007,break_of_structure,True,medium,ambiguous,the break of structure part that I was.,Liquidity Supply & Demand Scalping Strategy FULL COURSE (Updated 2025).txt,08:42,,
needs_review,,bos_012,break_of_structure,True,medium,ambiguous,we want to see a break of structure to.,My Incredibly Easy 5 Minute Scalping Strategy (Full Course).txt,02:08,,
needs_review,,bos_003,break_of_structure,True,medium,ambiguous,"this, we want a break of structure to.",How to Enter a Trade the RIGHT Way (Entry Confirmations).txt,01:14,,
needs_review,,bos_010,break_of_structure,True,medium,ambiguous,"one small break of structure, this is.",My A+ Trading Checklist For 2026.txt,08:45,,
needs_review,,bos_013,break_of_structure,True,medium,ambiguous,given that break of structure that we.,My Incredibly Easy 5 Minute Scalping Strategy (Full Course).txt,19:32,,
needs_review,,bos_015,break_of_structure,True,medium,ambiguous,about with the break of structure. So.,The Supply & Demand Strategy That Changed My Life (2026 Full Course).txt,12:00,,
needs_review,,bos_019,break_of_structure,True,medium,ambiguous,"another man. Call them boss, which is.",you underestimate what it takes to turn profitable in Day Trading.txt,03:43,,
needs_review,,bos_006,break_of_structure,True,medium,ambiguous,making a break of structure. If this.,Liquidity Supply & Demand Scalping Strategy FULL COURSE (Updated 2025).txt,06:43,,
needs_review,,bos_017,break_of_structure,True,medium,ambiguous,wait for a break of structure taking.,"exposing the EXACT strategy that changed my life (+$100,000 in profits).txt",13:02,,
needs_review,,bos_004,break_of_structure,True,medium,ambiguous,break of structure down to the zone.,"If You Trade Supply & Demand, Watch This..txt",09:21,,
needs_review,,bos_011,break_of_structure,True,medium,ambiguous,have a nice break of structure and.,My A+ Trading Checklist For 2026.txt,15:16,,
needs_review,,skip_001,skip_condition,True,high,ambiguous,"always, let's skip back to before this.",+10R in 2 Weeks  Full Liquidity S&D Breakdown.txt,05:24,,
needs_review,,skip_014,skip_condition,True,high,ambiguous,with news momentum is never good this.,5m livestream + Backtesting cj which has returned to the main pairs list.txt,32:09,,
needs_review,,skip_101,skip_condition,True,high,ambiguous,the news anyways for TP1 and I always.,Live Trade Breakdown - 7.5% on GbpJpy (Realistic Strategy).txt,06:19,,
needs_review,,skip_063,skip_condition,True,high,ambiguous,News is always [ __ ] against me. I.,89% Winrate Trading Strategy - Live Backtest with My Discord.txt,64:46,,
needs_review,,skip_036,skip_condition,True,high,ambiguous,news always does s to see.,5m livestream + Backtesting cj which has returned to the main pairs list.txt,76:27,,
needs_review,,skip_136,skip_condition,True,medium,ambiguous,100:01 news I see yeah it looks a lot like news.,Live backtesting - UK100 new pair found - gold and nas100 are trash!.txt,,,
needs_review,,skip_138,skip_condition,True,medium,ambiguous,101:27 yeah it could have been news it did say.,Live backtesting - UK100 new pair found - gold and nas100 are trash!.txt,,,
needs_review,,skip_139,skip_condition,True,medium,ambiguous,102:32 accidentally skip it past like this I'm.,Live backtesting - UK100 new pair found - gold and nas100 are trash!.txt,,,
needs_review,,skip_085,skip_condition,True,medium,ambiguous,"110:03 see GC. I don't trade, but yeah, I can.",First 5m livestream (1 win 1 loss) 12.5r trade on gj.txt,,,
needs_review,,skip_059,skip_condition,True,medium,ambiguous,">> Generally, that is an immediate skip for.",89% Winrate Trading Strategy - Live Backtest with My Discord.txt,43:39,,
needs_review,,skip_140,skip_condition,True,medium,ambiguous,113:19 four five this was news which should.,Live backtesting - UK100 new pair found - gold and nas100 are trash!.txt,,,
needs_review,,skip_057,skip_condition,True,medium,ambiguous,>> I literally don't trade 30 minute like.,89% Winrate Trading Strategy - Live Backtest with My Discord.txt,27:18,,
needs_review,,skip_004,skip_condition,True,medium,ambiguous,may end up holding but a news candle The.,5m livestream + Backtesting cj which has returned to the main pairs list.txt,21:18,,
needs_review,,skip_025,skip_condition,True,medium,ambiguous,with news as well it looks like that's a.,5m livestream + Backtesting cj which has returned to the main pairs list.txt,61:56,,
needs_review,,skip_033,skip_condition,True,medium,ambiguous,course if that's some massive news event.,5m livestream + Backtesting cj which has returned to the main pairs list.txt,75:32,,
needs_review,,skip_038,skip_condition,True,medium,ambiguous,can turn on that USD news is not on this.,5m livestream + Backtesting cj which has returned to the main pairs list.txt,77:01,,
needs_review,,skip_041,skip_condition,True,medium,ambiguous,much happening so these news events were.,5m livestream + Backtesting cj which has returned to the main pairs list.txt,83:32,,
needs_review,,skip_044,skip_condition,True,medium,ambiguous,trading yeah I might as well skip over a.,5m livestream + Backtesting cj which has returned to the main pairs list.txt,93:12,,
needs_review,,skip_046,skip_condition,True,medium,ambiguous,terms of news don't think we really have.,5m livestream liquidity supply & demand strategy - Trading gbpjpy and gold.txt,04:14,,
needs_review,,skip_049,skip_condition,True,medium,ambiguous,cameras news stations like constantly so.,5m livestream liquidity supply & demand strategy - Trading gbpjpy and gold.txt,96:41,,
needs_review,,skip_050,skip_condition,True,medium,ambiguous,"if you see me skipping, that's why. It's.",89% Winrate Day Trading Backtesting Session.txt,00:55,,
needs_review,,skip_069,skip_condition,True,medium,ambiguous,the fact that it's like the biggest news.,91% Winrate Day Trading Backtest Session.txt,58:30,,
needs_review,,skip_070,skip_condition,True,medium,ambiguous,Nope. It's going to be a huge news event.,91% Winrate Day Trading Backtest Session.txt,63:40,,
needs_review,,skip_075,skip_condition,True,medium,ambiguous,news coming out any second. It should be.,First 5m livestream (1 win 1 loss) 12.5r trade on gj.txt,03:42,,
needs_review,,skip_077,skip_condition,True,medium,ambiguous,made at the moment because I don't trade.,First 5m livestream (1 win 1 loss) 12.5r trade on gj.txt,06:27,,
needs_review,,bad_036,bad_market_condition,True,medium,ambiguous,"pips. So well within that seven pip range. Now, if I draw seven pips on this, that'll be much too far visually,.",The Trading Strategy That Changed My Life - RD Concepts Full Guide.txt,15:08,,
needs_review,,bad_008,bad_market_condition,True,medium,ambiguous,much just showing a complete range. Just.,91% Winrate Day Trading Backtest Session.txt,32:20,,
needs_review,,bad_024,bad_market_condition,True,medium,ambiguous,"really nice. bit choppy around here, but.",Live Trading 'Liquidity Supply & Demand'  ForexFutures Day-Trading.txt,26:07,,
needs_review,,bad_032,bad_market_condition,True,medium,ambiguous,"Um, I'm going to go driving range later,.","Making $2,706 in 17 Minutes  Live Supply & Demand Forex Trading.txt",06:16,,
needs_review,,bad_034,bad_market_condition,True,medium,ambiguous,just see that orange car? I think that's.,"Making $2,706 in 17 Minutes  Live Supply & Demand Forex Trading.txt",07:40,,
needs_review,,bad_035,bad_market_condition,True,medium,ambiguous,lead to choppy price action. Like I just.,My Incredibly Easy 5 Minute Scalping Strategy (Full Course).txt,19:04,,
needs_review,,bad_018,bad_market_condition,True,medium,ambiguous,range. This is an area of consolidation.,How To Trade Forex For Beginners in 2025 (Full Guide).txt,16:13,,
needs_review,,bad_019,bad_market_condition,True,medium,ambiguous,"marked out the range, that is technical.",How To Trade Forex For Beginners in 2025 (Full Guide).txt,18:43,,
needs_review,,bad_020,bad_market_condition,True,medium,ambiguous,"that orange button. And just like that,.",How To Trade Forex For Beginners in 2025 (Full Guide).txt,34:50,,
needs_review,,bad_021,bad_market_condition,True,medium,ambiguous,well as the fact that during bad market.,I Optimized The 5m Timeframe To Make it OP - RD Concepts.txt,01:54,,
needs_review,,bad_022,bad_market_condition,True,medium,ambiguous,"bit strange on here, but you can see we.",Liquidity Supply & Demand Scalping Strategy FULL COURSE (Updated 2025).txt,09:16,,
needs_review,,bad_026,bad_market_condition,True,medium,ambiguous,That's like the biggest range I've seen.,Live Trading 'Liquidity Supply & Demand'  ForexFutures Day-Trading.txt,35:40,,
needs_review,,bad_027,bad_market_condition,True,medium,ambiguous,levels range bound it's quite different.,Live backtesting - UK100 new pair found - gold and nas100 are trash!.txt,10:37,,
needs_review,,bad_037,bad_market_condition,True,medium,ambiguous,"recently, alongside some strange market.",This Strategy Is Ridiculous on The 5m Timeframe.txt,00:07,,
needs_review,,bad_038,bad_market_condition,True,medium,ambiguous,"community, which ranges from, you know,.",you underestimate what it takes to turn profitable in Day Trading.txt,05:09,,
needs_review,,bad_001,bad_market_condition,True,medium,ambiguous,here 100 112 above 1 to2 range already.,"1 week, 8 trades, 10.5% - Live Trade Recordings.txt",24:58,,
needs_review,,bad_007,bad_market_condition,True,medium,ambiguous,but here kind of looking pretty choppy.,91% Winrate Day Trading Backtest Session.txt,23:22,,
needs_review,,bad_011,bad_market_condition,True,medium,ambiguous,see is just really really choppy price.,A+ Trading Strategy The Ultimate Checklist.txt,06:24,,
needs_review,,bad_014,bad_market_condition,True,medium,ambiguous,"strange, but I don't think it was like.",First 5m livestream (1 win 1 loss) 12.5r trade on gj.txt,26:08,,
needs_review,,bad_025,bad_market_condition,True,medium,ambiguous,"I look deranged, bro. I need to hop in.",Live Trading 'Liquidity Supply & Demand'  ForexFutures Day-Trading.txt,31:01,,
needs_review,,bad_028,bad_market_condition,True,medium,ambiguous,of the range is up here so we had more.,Live backtesting - UK100 new pair found - gold and nas100 are trash!.txt,85:32,,
needs_review,,bad_005,bad_market_condition,True,medium,ambiguous,super choppy price action on this day.,89% Winrate Day Trading Backtesting Session.txt,22:43,,
needs_review,,bad_029,bad_market_condition,True,medium,ambiguous,was the top of the range and it looks.,Live backtesting - UK100 new pair found - gold and nas100 are trash!.txt,91:31,,
needs_review,,bad_010,bad_market_condition,True,medium,ambiguous,"choppy, too. I mean, it's wicks both.",91% Winrate Day Trading Backtest Session.txt,56:46,,
needs_review,,bad_030,bad_market_condition,True,medium,ambiguous,the range there's potential for some.,Live backtesting - UK100 new pair found - gold and nas100 are trash!.txt,91:39,,
needs_review,,ses_022,session_rule,False,high,ambiguous,120:20 session uh they can always trades.,5m livestream liquidity supply & demand strategy - Trading gbpjpy and gold.txt,,,
needs_review,,ses_178,session_rule,False,low,ambiguous,tends to have good trades from your back testing. For me I like Asia session pre-London works very well for me. And.,The Trading Strategy That Changed My Life - RD Concepts Full Guide.txt,31:16,,
needs_review,,ses_020,session_rule,False,low,ambiguous,116:46 really outside of my session outside my.,5m livestream liquidity supply & demand strategy - Trading gbpjpy and gold.txt,,,
needs_review,,ses_109,session_rule,False,low,ambiguous,"116:25 session, so I can put it back on. Gold.",First 5m livestream (1 win 1 loss) 12.5r trade on gj.txt,,,
needs_review,,ses_057,session_rule,False,low,ambiguous,">> Yeah. Yeah, that's the time session I am.",89% Winrate Trading Strategy - Live Backtest with My Discord.txt,37:27,,
needs_review,,ses_060,session_rule,False,low,ambiguous,">> Oh, wait. That was way before my session.",89% Winrate Trading Strategy - Live Backtest with My Discord.txt,48:34,,
needs_review,,ses_054,session_rule,False,low,ambiguous,">> It's in our session. Oh, we're actually.",89% Winrate Trading Strategy - Live Backtest with My Discord.txt,35:51,,
needs_review,,ses_056,session_rule,False,low,ambiguous,">> Yeah, kind of. session do you trade now.",89% Winrate Trading Strategy - Live Backtest with My Discord.txt,36:49,,
needs_review,,ses_061,session_rule,False,low,ambiguous,>> One of those session indicators just so.,89% Winrate Trading Strategy - Live Backtest with My Discord.txt,52:01,,
needs_review,,ses_110,session_rule,False,low,ambiguous,118:34 of this trading session now though.,First 5m livestream (1 win 1 loss) 12.5r trade on gj.txt,,,
needs_review,,ses_005,session_rule,False,low,ambiguous,"So maybe later in the afternoon session,.","1 week, 8 trades, 10.5% - Live Trade Recordings.txt",42:54,,
needs_review,,ses_010,session_rule,False,low,ambiguous,session that I couldn't take which might.,5m livestream + Backtesting cj which has returned to the main pairs list.txt,64:02,,
needs_review,,ses_013,session_rule,False,low,ambiguous,the session so we'll see what happens in.,5m livestream liquidity supply & demand strategy - Trading gbpjpy and gold.txt,04:12,,
needs_review,,ses_025,session_rule,False,low,ambiguous,That's the volume session profile that's.,89% Winrate Day Trading Backtesting Session.txt,01:18,,
needs_review,,ses_030,session_rule,False,low,ambiguous,"yeah, that's the end of our session. 80%.",89% Winrate Day Trading Backtesting Session.txt,20:09,,
needs_review,,ses_046,session_rule,False,low,ambiguous,getting to the end of our session. Doubt.,89% Winrate Trading Strategy - Live Backtest with My Discord.txt,11:19,,
needs_review,,ses_051,session_rule,False,low,ambiguous,coming later in our session and point of.,89% Winrate Trading Strategy - Live Backtest with My Discord.txt,25:23,,
needs_review,,ses_064,session_rule,False,low,ambiguous,"makes sense post session now. All right,.",89% Winrate Trading Strategy - Live Backtest with My Discord.txt,54:38,,
needs_review,,ses_083,session_rule,False,low,ambiguous,"it's like New York Stock Exchange. Yeah,.",91% Winrate Day Trading Backtest Session (NAS100 5M).txt,23:50,,
needs_review,,ses_085,session_rule,False,low,ambiguous,"New York Stock Exchange did help us out,.",91% Winrate Day Trading Backtest Session (NAS100 5M).txt,26:16,,
needs_review,,ses_087,session_rule,False,low,ambiguous,"lower. It's actually the end of session,.",91% Winrate Day Trading Backtest Session.txt,05:37,,
needs_review,,ses_102,session_rule,False,low,ambiguous,"actually a bad session, though. Uh, once.",91% Winrate Day Trading Backtest Session.txt,74:14,,
needs_review,,ses_105,session_rule,False,low,ambiguous,stream. I triggered all sessions anytime.,First 5m livestream (1 win 1 loss) 12.5r trade on gj.txt,44:00,,
needs_review,,ses_107,session_rule,False,low,ambiguous,New York session is just not great. It's.,First 5m livestream (1 win 1 loss) 12.5r trade on gj.txt,67:53,,
needs_review,,ses_113,session_rule,False,low,ambiguous,"session volume profile, which is the new.","How I Made $6,320 on One Trade this Week (5m TF Breakdown).txt",05:37,,
needs_review,,trd_227,trend_rule,True,high,ambiguous,"because they're always changing. So next rule is check trend. Now, the five minute strategy is interesting because.",The Trading Strategy That Changed My Life - RD Concepts Full Guide.txt,13:39,,
needs_review,,trd_091,trend_rule,True,high,ambiguous,must always follow the overall trend now.,FULL course for LIQUIDITY supply and demand best NEW trading strategy 2025.txt,33:07,,
needs_review,,trd_156,trend_rule,True,high,ambiguous,"trend. So, it's always important to zoom.",Live Trade Breakdown - 7.5% on GbpJpy (Realistic Strategy).txt,01:15,,
needs_review,,trd_163,trend_rule,True,high,ambiguous,weight. Overall trend is always going to.,Live Trade Breakdown - 7.5% on GbpJpy (Realistic Strategy).txt,11:06,,
needs_review,,trd_019,trend_rule,True,high,ambiguous,never ever consider Trend you can still.,5m livestream liquidity supply & demand strategy - Trading gbpjpy and gold.txt,11:01,,
needs_review,,trd_095,trend_rule,True,high,ambiguous,always being in trend is important for.,FULL course for LIQUIDITY supply and demand best NEW trading strategy 2025.txt,34:04,,
needs_review,,trd_096,trend_rule,True,high,ambiguous,we're trading in Trend only that means.,FULL course for LIQUIDITY supply and demand best NEW trading strategy 2025.txt,36:08,,
needs_review,,trd_114,trend_rule,True,high,ambiguous,"trend even. So, you're always going to.",First 5m livestream (1 win 1 loss) 12.5r trade on gj.txt,64:30,,
needs_review,,trd_179,trend_rule,True,high,ambiguous,this Bas of trend only with what I'm.,Live backtesting - UK100 new pair found - gold and nas100 are trash!.txt,69:35,,
needs_review,,trd_162,trend_rule,True,high,ambiguous,overall trend is always the most.,Live Trade Breakdown - 7.5% on GbpJpy (Realistic Strategy).txt,10:58,,
needs_review,,trd_217,trend_rule,True,high,ambiguous,is always overall trend.,The Strategy That Just Makes Sense - 6 Simple 14 Trades In 1 Week.txt,11:19,,
needs_review,,trd_232,trend_rule,True,medium,ambiguous,"has a retracement and then taps a zone, this is not good. And you can sort of see this is now starting to form downtrend structure. So a lot more.",The Trading Strategy That Changed My Life - RD Concepts Full Guide.txt,36:26,,
needs_review,,trd_228,trend_rule,True,medium,ambiguous,"you technically don't have to trade with trend, but it's going to be a lot harder to be profitable if you don't do that,.",The Trading Strategy That Changed My Life - RD Concepts Full Guide.txt,13:45,,
needs_review,,trd_230,trend_rule,True,medium,ambiguous,out its own high you're kind of in that uptrend already but overall structure if you zoom out can make a big difference.,The Trading Strategy That Changed My Life - RD Concepts Full Guide.txt,14:10,,
needs_review,,trd_229,trend_rule,True,medium,ambiguous,taken at its own high or low a lot of the time is going to allow you to be in relative trend anyways because if you.,The Trading Strategy That Changed My Life - RD Concepts Full Guide.txt,13:59,,
needs_review,,trd_231,trend_rule,True,medium,ambiguous,"great. Top untap zone takes off for 1 to four. So those are the things you're looking for, right? Clear trend, nice.",The Trading Strategy That Changed My Life - RD Concepts Full Guide.txt,29:45,,
needs_review,,trd_033,trend_rule,True,medium,ambiguous,107:41 counter Trend at this point to be honest.,5m livestream liquidity supply & demand strategy - Trading gbpjpy and gold.txt,,,
needs_review,,trd_034,trend_rule,True,medium,ambiguous,112:04 Trend or just unclear you don't have to.,5m livestream liquidity supply & demand strategy - Trading gbpjpy and gold.txt,,,
needs_review,,trd_185,trend_rule,True,medium,ambiguous,103:50 things the trend obviously has to be in.,Live backtesting - UK100 new pair found - gold and nas100 are trash!.txt,,,
needs_review,,trd_035,trend_rule,True,medium,ambiguous,112:06 know the trend Direction it looks very.,5m livestream liquidity supply & demand strategy - Trading gbpjpy and gold.txt,,,
needs_review,,trd_186,trend_rule,True,medium,ambiguous,105:24 in trend is really all I'm looking for.,Live backtesting - UK100 new pair found - gold and nas100 are trash!.txt,,,
needs_review,,trd_168,trend_rule,True,medium,ambiguous,>> Yeah. Not that I'm using trend lines all.,Live Trading 'Liquidity Supply & Demand'  ForexFutures Day-Trading.txt,52:04,,
needs_review,,trd_039,trend_rule,True,medium,ambiguous,counter trend like [ __ ] and unemployment.,89% Winrate Trading Strategy - Live Backtest with My Discord.txt,65:00,,
needs_review,,trd_040,trend_rule,True,medium,ambiguous,>> This actually respects trend a lot more.,89% Winrate Trading Strategy - Live Backtest with My Discord.txt,81:57,,
needs_review,,trd_009,trend_rule,True,medium,ambiguous,taking Trends trades even until we break.,5m livestream + Backtesting cj which has returned to the main pairs list.txt,35:53,,
needs_review,,sl_045,stop_loss_rule,True,high,ambiguous,"Yeah, we did. Never actually got stopped.",89% Winrate Day Trading Backtesting Session.txt,09:10,,
needs_review,,sl_052,stop_loss_rule,True,high,ambiguous,isn't going to stop us out. The only way.,89% Winrate Trading Strategy - Live Backtest with My Discord.txt,42:32,,
needs_review,,sl_049,stop_loss_rule,True,high,ambiguous,"Remember, we never got stopped out here.",89% Winrate Day Trading Backtesting Session.txt,40:02,,
needs_review,,sl_312,stop_loss_rule,True,high,ambiguous,small stop loss never really goes into.,Live trading GBPJPY - easy 15 using supply & demand + liquidity trading strategy (5m timeframe).txt,10:52,,
needs_review,,sl_320,stop_loss_rule,True,high,ambiguous,stopped out. Just always keep this in.,My Incredibly Easy 5 Minute Scalping Strategy (Full Course).txt,03:05,,
needs_review,,sl_168,stop_loss_rule,True,high,ambiguous,is always worth using a stop loss. I.,How To Trade Forex For Beginners in 2025 (Full Guide).txt,23:54,,
needs_review,,sl_197,stop_loss_rule,True,high,ambiguous,"determine our entry. As always, stop.",How to Enter a Trade the RIGHT Way (Entry Confirmations).txt,07:06,,
needs_review,,sl_053,stop_loss_rule,True,high,ambiguous,we stop us out is to invalidate the.,89% Winrate Trading Strategy - Live Backtest with My Discord.txt,42:35,,
needs_review,,sl_363,stop_loss_rule,True,medium,ambiguous,on that candle and have your stop loss simply above or below that candle's wick depending on if it's a demand or supply.,The Trading Strategy That Changed My Life - RD Concepts Full Guide.txt,17:28,,
needs_review,,sl_367,stop_loss_rule,True,medium,ambiguous,"stopped recording. So continuing from where I was yesterday, I was essentially saying for one candle liquidity, one of.",The Trading Strategy That Changed My Life - RD Concepts Full Guide.txt,27:32,,
needs_review,,sl_373,stop_loss_rule,True,medium,ambiguous,away. So I would have taken it close anyways. Uh it's just if the entry is a bit close to stop loss and especially if.,The Trading Strategy That Changed My Life - RD Concepts Full Guide.txt,34:47,,
needs_review,,sl_368,stop_loss_rule,True,medium,ambiguous,apply when the entry is potentially still close the stop loss. So right here you can see the first bearish close was.,The Trading Strategy That Changed My Life - RD Concepts Full Guide.txt,33:11,,
needs_review,,sl_370,stop_loss_rule,True,medium,ambiguous,close entry. This is very close to stop loss and the next candle is about to be a new 30inut candle which can bring.,The Trading Strategy That Changed My Life - RD Concepts Full Guide.txt,33:36,,
needs_review,,sl_365,stop_loss_rule,True,medium,ambiguous,let's say this was a new higher time frame candle. Then makes it stop wick into the zone right here. You can enter.,The Trading Strategy That Changed My Life - RD Concepts Full Guide.txt,24:16,,
needs_review,,sl_366,stop_loss_rule,True,medium,ambiguous,"my mic and camera stopped working. So, I guess it was just too much sauce. I couldn't drop that. Uh, the recording.",The Trading Strategy That Changed My Life - RD Concepts Full Guide.txt,25:17,,
needs_review,,sl_371,stop_loss_rule,True,medium,ambiguous,momentum can easily spike and stop us out very quickly. So on those I take patient entries. I'm cautious with them.,The Trading Strategy That Changed My Life - RD Concepts Full Guide.txt,33:42,,
needs_review,,sl_372,stop_loss_rule,True,medium,ambiguous,it to make its top wick just in case with that momentum it's going to make its top wick and instantly stop us out.,The Trading Strategy That Changed My Life - RD Concepts Full Guide.txt,33:56,,
needs_review,,sl_364,stop_loss_rule,True,medium,ambiguous,"So, it didn't really take advantage of much because it was so far away. I reduced the size of the stop loss to.",The Trading Strategy That Changed My Life - RD Concepts Full Guide.txt,20:04,,
needs_review,,sl_362,stop_loss_rule,True,medium,ambiguous,"like, stop using the numbers because gold for example, NAS 100, it's impossible to apply numbers to these.",The Trading Strategy That Changed My Life - RD Concepts Full Guide.txt,13:33,,
needs_review,,sl_369,stop_loss_rule,True,medium,ambiguous,a 25minut candle and that would put stop loss right here. So we were fairly close to the stop.,The Trading Strategy That Changed My Life - RD Concepts Full Guide.txt,33:17,,
needs_review,,sl_039,stop_loss_rule,True,medium,ambiguous,114:18 bu I stopped weight s training just for.,5m livestream liquidity supply & demand strategy - Trading gbpjpy and gold.txt,,,
needs_review,,sl_140,stop_loss_rule,True,medium,ambiguous,101:02 distance above so you don't get stopped.,First 5m livestream (1 win 1 loss) 12.5r trade on gj.txt,,,
needs_review,,sl_143,stop_loss_rule,True,medium,ambiguous,117:28 the uh stop loss placement is bad and.,First 5m livestream (1 win 1 loss) 12.5r trade on gj.txt,,,
needs_review,,sl_056,stop_loss_rule,True,medium,ambiguous,>> any potential winners. I want it to stop.,89% Winrate Trading Strategy - Live Backtest with My Discord.txt,80:35,,
needs_review,,sl_306,stop_loss_rule,True,medium,ambiguous,111:16 yes stop loss um the max stop loss I.,Live backtesting - UK100 new pair found - gold and nas100 are trash!.txt,,,
needs_review,,tp_214,take_profit_rule,True,high,ambiguous,111:43 website. It's always got to be an app.,First 5m livestream (1 win 1 loss) 12.5r trade on gj.txt,,,
needs_review,,tp_036,take_profit_rule,True,high,ambiguous,because always have Break Even after tp1.,5m livestream + Backtesting cj which has returned to the main pairs list.txt,29:50,,
needs_review,,tp_152,take_profit_rule,True,high,ambiguous,well I always go to break even after tp1.,FULL course for LIQUIDITY supply and demand best NEW trading strategy 2025.txt,39:20,,
needs_review,,tp_288,take_profit_rule,True,high,ambiguous,"take profit isn't always preferable, but.",Live Trading 'Liquidity Supply & Demand'  ForexFutures Day-Trading.txt,14:25,,
needs_review,,tp_180,take_profit_rule,True,high,ambiguous,TP. I'm always positive once in a trade.,First 5m livestream (1 win 1 loss) 12.5r trade on gj.txt,47:04,,
needs_review,,tp_224,take_profit_rule,True,high,ambiguous,"clear and mechanical TPS, I will always.",How I Increased My Win Rate Using Liquidity Supply & Demand Strategy.txt,05:22,,
needs_review,,tp_151,take_profit_rule,True,high,ambiguous,than always just going for massive TPS.,FULL course for LIQUIDITY supply and demand best NEW trading strategy 2025.txt,39:14,,
needs_review,,tp_156,take_profit_rule,True,high,ambiguous,whenever you're taking a tp2 and I'll.,FULL course for LIQUIDITY supply and demand best NEW trading strategy 2025.txt,40:31,,
needs_review,,tp_325,take_profit_rule,True,high,ambiguous,TP at the start least you really only.,Live backtesting - UK100 new pair found - gold and nas100 are trash!.txt,71:50,,
needs_review,,tp_045,take_profit_rule,True,high,ambiguous,only green candles here you get a TP.,5m livestream liquidity supply & demand strategy - Trading gbpjpy and gold.txt,50:32,,
needs_review,,tp_186,take_profit_rule,True,high,ambiguous,"TP1 is always at the first high. So,.",First 5m livestream (1 win 1 loss) 12.5r trade on gj.txt,64:26,,
needs_review,,tp_391,take_profit_rule,True,high,ambiguous,hitting my TP. And I always wondered.,The Supply & Demand Strategy That Changed My Life (2026 Full Course).txt,03:56,,
needs_review,,tp_153,take_profit_rule,True,high,ambiguous,the table once you fit tp1 the only.,FULL course for LIQUIDITY supply and demand best NEW trading strategy 2025.txt,39:28,,
needs_review,,tp_185,take_profit_rule,True,high,ambiguous,"GJ. 30 minute TP. Yeah, it's always.",First 5m livestream (1 win 1 loss) 12.5r trade on gj.txt,64:12,,
needs_review,,tp_053,take_profit_rule,True,high,ambiguous,TP always good.,5m livestream liquidity supply & demand strategy - Trading gbpjpy and gold.txt,82:05,,
needs_review,,tp_405,take_profit_rule,True,medium,ambiguous,"behind it is very simple. And you know, you can see clean trades right here. All one to fours in terms of TP and.",The Trading Strategy That Changed My Life - RD Concepts Full Guide.txt,00:47,,
needs_review,,tp_056,take_profit_rule,True,medium,ambiguous,101:32 zone purely that was a TP wolves type of.,5m livestream liquidity supply & demand strategy - Trading gbpjpy and gold.txt,,,
needs_review,,tp_216,take_profit_rule,True,medium,ambiguous,"111:45 for me, a trading terminal. It's helpful.",First 5m livestream (1 win 1 loss) 12.5r trade on gj.txt,,,
needs_review,,tp_220,take_profit_rule,True,medium,ambiguous,"113:10 trading. If this hits TP, the one minute.",First 5m livestream (1 win 1 loss) 12.5r trade on gj.txt,,,
needs_review,,tp_360,take_profit_rule,True,medium,ambiguous,111:42 really wasn't very good I'm going to say.,Live backtesting - UK100 new pair found - gold and nas100 are trash!.txt,,,
needs_review,,tp_364,take_profit_rule,True,medium,ambiguous,111:47 being um so yeah Target still would have.,Live backtesting - UK100 new pair found - gold and nas100 are trash!.txt,,,
needs_review,,tp_366,take_profit_rule,True,medium,ambiguous,112:43 a tp2 on this trade probably yes because.,Live backtesting - UK100 new pair found - gold and nas100 are trash!.txt,,,
needs_review,,tp_064,take_profit_rule,True,medium,ambiguous,111:40 have the best structure we just came up.,5m livestream liquidity supply & demand strategy - Trading gbpjpy and gold.txt,,,
needs_review,,tp_212,take_profit_rule,True,medium,ambiguous,111:41 feature. I just don't like trading on a.,First 5m livestream (1 win 1 loss) 12.5r trade on gj.txt,,,
needs_review,,tp_221,take_profit_rule,True,medium,ambiguous,"113:41 of TP. Let's take a look. Momentum. Oh,.",First 5m livestream (1 win 1 loss) 12.5r trade on gj.txt,,,
needs_review,,prop_093,prop_firm_risk_rule,True,high,ambiguous,"looking at the fact that trade wins and that's what makes it good, then you're not trading properly. The only thing that makes a trade good is it follows.",The Trading Strategy That Changed My Life - RD Concepts Full Guide.txt,36:45,,
needs_review,,prop_034,prop_firm_risk_rule,True,high,ambiguous,never properly traded on Trading View.,Finally Trading Futures For The First Time... (As A Forex Trader).txt,01:56,,
needs_review,,prop_078,prop_firm_risk_rule,True,high,ambiguous,and he never trade his life properly.,Live backtesting - UK100 new pair found - gold and nas100 are trash!.txt,53:57,,
needs_review,,prop_038,prop_firm_risk_rule,True,high,ambiguous,properly. So that's always.,First 5m livestream (1 win 1 loss) 12.5r trade on gj.txt,17:55,,
needs_review,,prop_084,prop_firm_risk_rule,True,medium,ambiguous,100:29 properly highly like the that this will.,Live backtesting - UK100 new pair found - gold and nas100 are trash!.txt,,,
needs_review,,prop_085,prop_firm_risk_rule,True,medium,ambiguous,109:28 properly yeah I mean that's something.,Live backtesting - UK100 new pair found - gold and nas100 are trash!.txt,,,
needs_review,,prop_002,prop_firm_risk_rule,True,medium,ambiguous,very confidently forming a proper low of.,+8RR in 2 Days Using Liquidity Supply & Demand (5m Strategy).txt,07:17,,
needs_review,,prop_004,prop_firm_risk_rule,True,medium,ambiguous,"when we have a proper swing low, we know.",+8RR in 2 Days Using Liquidity Supply & Demand (5m Strategy).txt,07:22,,
needs_review,,prop_009,prop_firm_risk_rule,True,medium,ambiguous,anyways though if it was traded properly.,5m livestream + Backtesting cj which has returned to the main pairs list.txt,13:16,,
needs_review,,prop_010,prop_firm_risk_rule,True,medium,ambiguous,okay let me check mys said properly so I.,5m livestream + Backtesting cj which has returned to the main pairs list.txt,21:45,,
needs_review,,prop_013,prop_firm_risk_rule,True,medium,ambiguous,out it doesn't show the candles properly.,5m livestream liquidity supply & demand strategy - Trading gbpjpy and gold.txt,93:28,,
needs_review,,prop_018,prop_firm_risk_rule,True,medium,ambiguous,make the prop firms kind of I mean it is.,89% Winrate Trading Strategy - Live Backtest with My Discord.txt,89:43,,
needs_review,,prop_024,prop_firm_risk_rule,True,medium,ambiguous,especially considering the proportion of.,91% Winrate Day Trading Backtest Session.txt,40:41,,
needs_review,,prop_025,prop_firm_risk_rule,True,medium,ambiguous,proportionally to the pips there's going.,91% Winrate Day Trading Backtest Session.txt,43:10,,
needs_review,,prop_030,prop_firm_risk_rule,True,medium,ambiguous,properly but first off I'm going to talk.,FULL course for LIQUIDITY supply and demand best NEW trading strategy 2025.txt,03:31,,
needs_review,,prop_033,prop_firm_risk_rule,True,medium,ambiguous,trade with your risk parameters properly.,FULL course for LIQUIDITY supply and demand best NEW trading strategy 2025.txt,48:33,,
needs_review,,prop_062,prop_firm_risk_rule,True,medium,ambiguous,black candles that can form a proper low.,Liquidity Supply & Demand Scalping Strategy FULL COURSE (Updated 2025).txt,16:26,,
needs_review,,prop_065,prop_firm_risk_rule,True,medium,ambiguous,"consolidation, formed a proper low right.",Liquidity Supply & Demand Scalping Strategy FULL COURSE (Updated 2025).txt,16:47,,
needs_review,,prop_074,prop_firm_risk_rule,True,medium,ambiguous,you'll see proper winning conditions and.,Live backtesting - UK100 new pair found - gold and nas100 are trash!.txt,30:16,,
needs_review,,prop_075,prop_firm_risk_rule,True,medium,ambiguous,properly n 100 I'll try that as well and.,Live backtesting - UK100 new pair found - gold and nas100 are trash!.txt,37:60,,
needs_review,,prop_080,prop_firm_risk_rule,True,medium,ambiguous,set up properly afterwards so I just got.,Live backtesting - UK100 new pair found - gold and nas100 are trash!.txt,90:01,,
needs_review,,prop_081,prop_firm_risk_rule,True,medium,ambiguous,properly for YouTube videos and stuff as.,Live backtesting - UK100 new pair found - gold and nas100 are trash!.txt,90:08,,
needs_review,,prop_095,prop_firm_risk_rule,True,medium,ambiguous,formed like a a proper low. It's not the.,This Strategy Is Ridiculous on The 5m Timeframe.txt,01:42,,
needs_review,,prop_096,prop_firm_risk_rule,True,medium,ambiguous,I'll go back and properly back test this.,This Strategy Is Ridiculous on The 5m Timeframe.txt,03:14,,
needs_review,,prop_006,prop_firm_risk_rule,True,medium,ambiguous,properly and looks like this one to 2.5.,"1 week, 8 trades, 10.5% - Live Trade Recordings.txt",11:13,,
